id,doi,title,abstract,year,term,discipline,is_oa,license,license_unpaywall,journal,journal_norm,journal_is_oa,source_db,authors,best_oa_location_url,cited_by_count,github,zenodo,osf,pubmed_id,repo_links,code_link,data_link,preregistered,preprint,journal_impact_factor,high_impact_flag,high_impact_reason,doi_norm,dataset_urls,dataset_repos,has_public_dataset,open_science_score
https://openalex.org/W2285069016,10.1161/strokeaha.115.012004,Atrial Fibrillation and Mechanisms of Stroke,,2016,atrial fibrillation,cardiology,True,,,Stroke,stroke,False,openalex,Hooman Kamel; Peter M. Okin; Mitchell S.V. Elkind; Costantino Iadecola,https://doi.org/10.1161/strokeaha.115.012004,621,,,,26786114,,,,,,10.2,True,impact_factor>=10,10.1161/strokeaha.115.012004,,,False,0.004566081
https://openalex.org/W2899640924,10.1161/strokeaha.118.020232,Effectiveness and Safety of Oral Anticoagulants Among Nonvalvular Atrial Fibrillation Patients,"Background and Purpose- This ARISTOPHANES study (Anticoagulants for Reduction in Stroke: Observational Pooled Analysis on Health Outcomes and Experience of Patients) used multiple data sources to compare stroke/systemic embolism (SE) and major bleeding (MB) among a large number of nonvalvular atrial fibrillation patients on non-vitamin K antagonist oral anticoagulants (NOACs) or warfarin. Methods- A retrospective observational study of nonvalvular atrial fibrillation patients initiating apixaban, dabigatran, rivaroxaban, or warfarin from January 1, 2013, to September 30, 2015, was conducted pooling Centers for Medicare and Medicaid Services Medicare data and 4 US commercial claims databases. After 1:1 NOAC-warfarin and NOAC-NOAC propensity score matching in each database, the resulting patient records were pooled. Cox models were used to evaluate the risk of stroke/SE and MB across matched cohorts. Results- A total of 285 292 patients were included in the 6 matched cohorts: 57 929 apixaban-warfarin, 26 838 dabigatran-warfarin, 83 007 rivaroxaban-warfarin, 27 096 apixaban-dabigatran, 62 619 apixaban-rivaroxaban, and 27 538 dabigatran-rivaroxaban patient pairs. Apixaban (hazard ratio [HR], 0.61; 95% CI, 0.54-0.69), dabigatran (HR, 0.80; 95% CI, 0.68-0.94), and rivaroxaban (HR, 0.75; 95% CI, 0.69-0.82) were associated with lower rates of stroke/SE compared with warfarin. Apixaban (HR, 0.58; 95% CI, 0.54-0.62) and dabigatran (HR, 0.73; 95% CI, 0.66-0.81) had lower rates of MB, and rivaroxaban (HR, 1.07; 95% CI, 1.02-1.13) had a higher rate of MB compared with warfarin. Differences exist in rates of stroke/SE and MB across NOACs. Conclusions- In this largest observational study to date on NOACs and warfarin, the NOACs had lower rates of stroke/SE and variable comparative rates of MB versus warfarin. The findings from this study may help inform the discussion on benefit and risk in the shared decision-making process for stroke prevention between healthcare providers and nonvalvular atrial fibrillation patients. Clinical Trial Registration- URL: https://www.clinicaltrials.gov/ . Unique identifier: NCT03087487.",2018,atrial fibrillation,cardiology,True,,,Stroke,stroke,False,openalex,Gregory Y.H. Lip; Allison Keshishian; Xiaoyan Li; Melissa Hamilton; Cristina Masseria; Kiran Gupta; Xuemei Luo; Jack Mardekian; Keith Friend; Anagha Nadkarni; Xianying Pan; Onur Başer; Steven Deitelzweig,https://vbn.aau.dk/da/publications/1437f3d6-3abb-4966-a734-1296cc0b7587,316,,,,30571400,,,,,,10.2,True,impact_factor>=10,10.1161/strokeaha.118.020232,,,False,0.062175658
https://openalex.org/W2942966646,10.1161/strokeaha.118.023921,Perioperative/Postoperative Atrial Fibrillation and Risk of Subsequent Stroke and/or Mortality,"Background and Purpose- Although believed to be transient and self-limiting, new-onset perioperative/postoperative atrial fibrillation (POAF) might be a risk factor for stroke and mortality. We conducted a systematic review and meta-analysis to qualitatively and quantitatively evaluate the relationship of POAF with early and late risks of mortality and stroke. Methods- We searched Pubmed, EMBASE, and Cochrane Library (1966 through March 2018) to identify cohort studies that reported stroke and mortality associated with POAF. We computed a random-effects estimate based on the Mantel-Haenszel method. Odds ratios with 95% CI were used as a measure of the association between POAF and early (in-hospital or within 30 days of surgery) stroke and mortality, while hazard ratios (HR) were used for long-term outcomes. Results- Our analysis included 35 studies with 2 458 010 patients. Pooling the results from the random-effects model showed that POAF was associated with increased risks of early stroke (odds ratio, 1.62; 95% CI, 1.47-1.80), early mortality (odds ratios, 1.44; 95% CI, 1.11-1.88), long-term stroke (HR, 1.37; 95% CI, 1.07-1.77), and long-term mortality (HR, 1.37; 95% CI, 1.27-1.49). Analyses focusing on high-quality studies obtained similar results. In subgroup analyses, POAF was more strongly associated with stroke in patients undergoing noncardiac surgery (HR, 2.00; 95% CI, 1.70-2.35) than in patients undergoing cardiac surgery (HR, 1.20; 95% CI, 1.07-1.34). Conclusions- New-onset POAF is associated with an increased risk of stroke and mortality, both in the short-term and long-term. The best strategy to reduce stroke risk among these patients needs to be determined.",2019,atrial fibrillation,cardiology,False,,,Stroke,stroke,False,openalex,Meng-Hsin Lin; Hooman Kamel; Daniel E. Singer; Yi‐Ling Wu; Meng Lee; Bruce Ovbiagele,,291,,,,31043148,,,,,,10.2,True,impact_factor>=10,10.1161/strokeaha.118.023921,,,False,0.11755642
https://openalex.org/W2099442549,10.1161/strokeaha.115.008891,Early Recurrence and Cerebral Bleeding in Patients With Acute Ischemic Stroke and Atrial Fibrillation,"BACKGROUND AND PURPOSE: The best time for administering anticoagulation therapy in acute cardioembolic stroke remains unclear. This prospective cohort study of patients with acute stroke and atrial fibrillation, evaluated (1) the risk of recurrent ischemic event and severe bleeding; (2) the risk factors for recurrence and bleeding; and (3) the risks of recurrence and bleeding associated with anticoagulant therapy and its starting time after the acute stroke. METHODS: The primary outcome of this multicenter study was the composite of stroke, transient ischemic attack, symptomatic systemic embolism, symptomatic cerebral bleeding and major extracranial bleeding within 90 days from acute stroke. RESULTS: Of the 1029 patients enrolled, 123 had 128 events (12.6%): 77 (7.6%) ischemic stroke or transient ischemic attack or systemic embolism, 37 (3.6%) symptomatic cerebral bleeding, and 14 (1.4%) major extracranial bleeding. At 90 days, 50% of the patients were either deceased or disabled (modified Rankin score ≥3), and 10.9% were deceased. High CHA2DS2-VASc score, high National Institutes of Health Stroke Scale, large ischemic lesion and type of anticoagulant were predictive factors for primary study outcome. At adjusted Cox regression analysis, initiating anticoagulants 4 to 14 days from stroke onset was associated with a significant reduction in primary study outcome, compared with initiating treatment before 4 or after 14 days: hazard ratio 0.53 (95% confidence interval 0.30-0.93). About 7% of the patients treated with oral anticoagulants alone had an outcome event compared with 16.8% and 12.3% of the patients treated with low molecular weight heparins alone or followed by oral anticoagulants, respectively (P=0.003). CONCLUSIONS: Acute stroke in atrial fibrillation patients is associated with high rates of ischemic recurrence and major bleeding at 90 days. This study has observed that high CHA2DS2-VASc score, high National Institutes of Health Stroke Scale, large ischemic lesions, and type of anticoagulant administered each independently led to a greater risk of recurrence and bleedings. Also, data showed that the best time for initiating anticoagulation treatment for secondary stroke prevention is 4 to 14 days from stroke onset. Moreover, patients treated with oral anticoagulants alone had better outcomes compared with patients treated with low molecular weight heparins alone or before oral anticoagulants.",2015,atrial fibrillation,cardiology,True,,,Stroke,stroke,False,openalex,Maurizio Paciaroni; Giancarlo Agnelli; Nicola Falocci; Valeria Caso; Cecilia Becattini; Simona Marcheselli; Christina Rueckert; Alessandro Pezzini; Loris Poli; Alessandro Padovani; László Csiba; Lilla Szabó; Sung‐Il Sohn; Tiziana Tassinari; Azmil H. Abdul‐Rahim; Patrik Michel; Maria Cordier; Peter Vanacker; Suzette Rémillard; Andrea Alberti; Michele Venti; Umberto Scoditti; Licia Denti; Giovanni Orlandi; Alberto Chiti; Gino Gialdini; Paolo Bovi; Monica Carletti; Alberto Rigatelli; Jukka Putaala; Turgut Tatlisumak; Luca Masotti; Gianni Lorenzini; Rossana Tassi; Francesca Guideri; Giuseppe Martini; Georgios Tsivgoulis; Kostantinos Vadikolias; Chrissoula Liantinioti; Francesco Corea; Massimo Del Sette; Walter Ageno; Maria Luisa De Lodovici; Giorgio Bono; Antonio Baldi; Sebastiano D’Anna; Simona Sacco; Antonio Carolei; Cindy Tiseo; Monica Acciarresi; Cataldo D’Amore; Davide Imberti; Dorjan Zabzuni; Б. М. Доронин; Vera Volodina; Domenico Consoli; Franco Galati; Alessio Pieroni; Danilo Toni; Serena Monaco; Mario Maimone Baronello; Kristian Barlinn; Lars‐Peder Pallesen; Jessica Kepplinger; Ulf Bodechtel; Johannes Gerber; Dirk Deleu; Gayane Melikyan; Faisal Ibrahim; Naveed Akhtar; Maria Giulia Mosconi; Valentina Bubba; Ilenia Silvestri; Kennedy R. Lees,http://kumel.medlib.dsmc.or.kr/handle/2015.oak/32949,277,,,,26130094,,,,,,10.2,True,impact_factor>=10,10.1161/strokeaha.115.008891,,,False,-0.0007861722
https://openalex.org/W1987466684,10.1161/strokeaha.115.008714,Atrial Premature Beats Predict Atrial Fibrillation in Cryptogenic Stroke,"BACKGROUND AND PURPOSE: Many ischemic strokes or transient ischemic attacks are labeled cryptogenic but may have undetected atrial fibrillation (AF). We sought to identify those most likely to have subclinical AF. METHODS: We prospectively studied patients with cryptogenic stroke or transient ischemic attack aged ≥55 years in sinus rhythm, without known AF, enrolled in the intervention arm of the 30 Day Event Monitoring Belt for Recording Atrial Fibrillation After a Cerebral Ischemic Event (EMBRACE) trial. Participants underwent baseline 24-hour Holter ECG poststroke; if AF was not detected, they were randomly assigned to 30-day ECG monitoring with an AF auto-detect external loop recorder. Multivariable logistic regression assessed the association between baseline variables (Holter-detected atrial premature beats [APBs], runs of atrial tachycardia, age, and left atrial enlargement) and subsequent AF detection. RESULTS: Among 237 participants, the median baseline Holter APB count/24 h was 629 (interquartile range, 142-1973) among those who subsequently had AF detected versus 45 (interquartile range, 14-250) in those without AF (P<0.001). APB count was the only significant predictor of AF detection by 30-day ECG (P<0.0001), and at 90 days (P=0.0017) and 2 years (P=0.0027). Compared with the 16% overall 90-day AF detection rate, the probability of AF increased from <9% among patients with <100 APBs/24 h to 9% to 24% in those with 100 to 499 APBs/24 h, 25% to 37% with 500 to 999 APBs/24 h, 37% to 40% with 1000 to 1499 APBs/24 h, and 40% beyond 1500 APBs/24 h. CONCLUSIONS: Among older cryptogenic stroke or transient ischemic attack patients, the number of APBs on a routine 24-hour Holter ECG was a strong dose-dependent independent predictor of prevalent subclinical AF. Those with frequent APBs have a high probability of AF and represent ideal candidates for prolonged ECG monitoring for AF detection. CLINICAL TRIAL REGISTRATION: URL: http://www.clinicaltrials.gov. Unique identifier: NCT00846924.",2015,atrial fibrillation,cardiology,False,,,Stroke,stroke,False,openalex,David J. Gladstone; Paul Dorian; Melanie Spring; Val Panzov; Muhammad Mamdani; Jeff S. Healey; Kevin E. Thorpe; Richard I. Aviv; K. Boyle; J.A. Blakely; Robert Côté; Jillian Hall; Moira K. Kapral; N. Kozlowski; Andreas Laupacis; Martin O’Donnell; K. Sabihuddin; Mukul Sharma; Ashfaq Shuaib; Haris Vaid; Arnold Pintér; EMBRACE Participating Sites; Seyedeh Narjes Abootalebi; Richard Chan; S Crann; L. Fleming; C. Frank; Vladimir Hachinski; K Hesser; Balakrishna Kumar; Peter Sörös; Matthew Wright; Vincenzo S. Basile; K. Boyle; J. Hopyan; Y. Rajmohan; Richard H. Swartz; Haris Vaid; Gregorio Valencia; Jon Erik Ween; Heidi Aram; P. Alan Barber; Shelagh B. Coutts; Andrew M. Demchuk; Katherine Fischer; Michael D. Hill; Gabi Klein; C Kenney; BK Menon; Mark McClelland; Ashley K. Russell; Karla J. Ryckborst; PK Stys; Elaine Smith; Timothy Watson; Sanoj Chacko; Demetrios J. Sahlas; Janice Sancan; Robert Côté; Liam Durcan; Eric Ehrensperger; Jeffrey Minuk; Theodore Wein; Lisa Wadup; Negar Asdaghi; Jeff Beckman; N. Esplana; P. Masigan; Caroline Murphy; Eugene Tang; P. Teal; Karina Villaluna; Andrew R. Woolfenden; Samuel Yip; Miguel Bussière; Dar Dowlatshahi; Mukul Sharma; Grant Stotts; Sweetha Malar Robert; Kar- Pinski Ford; Daniel G. Hackam; L. Miners; Tisha Mabb; J. David Spence; Brian Buck; T. Griffin-Stead; R. Jassal; M Siddiqui; Annette Haché; Claudette Lessard; François Lebel; Ariane Mackey; Steve Verreault; C.P Guzmán Astorga; LK Casaubon; Martín del Campo; Cheryl Jaigobin; L Kalman; FL Silver; Lou Atkins,,197,,,,25700289,,,,,,10.2,True,impact_factor>=10,10.1161/strokeaha.115.008714,,,False,0.061669942
https://openalex.org/W4205266035,10.1161/strokeaha.121.034777,Atrial Fibrillation Detected After Stroke and Transient Ischemic Attack: A Novel Clinical Concept Challenging Current Views,"Atrial fibrillation (AF) can be newly detected in approximately one-fourth of patients with ischemic stroke and transient ischemic attack without previously recognized AF. We present updated evidence supporting that AF detected after stroke or transient ischemic attack (AFDAS) may be a distinct clinical entity from AF known before stroke occurrence (known atrial fibrillation). Data suggest that AFDAS can arise from the interplay of cardiogenic and neurogenic forces. The embolic risk of AFDAS can be understood as a gradient defined by the prevalence of vascular comorbidities, the burden of AF, neurogenic autonomic changes, and the severity of atrial cardiopathy. The balance of existing data indicates that AFDAS has a lower prevalence of cardiovascular comorbidities, a lower degree of cardiac abnormalities than known atrial fibrillation, a high proportion (52%) of very brief (<30 seconds) AF paroxysms, and is more frequently associated with insular brain infarction. These distinctive features of AFDAS may explain its recently observed lower associated risk of stroke than known atrial fibrillation. We present an updated ad-hoc meta-analysis of randomized clinical trials in which the association between prolonged cardiac monitoring and reduced risk of ischemic stroke was nonsignificant (incidence rate ratio, 0.90 [95% CI, 0.71-1.15]). These findings highlight that larger and sufficiently powered randomized controlled trials of prolonged cardiac monitoring assessing the risk of stroke recurrence are needed. Meanwhile, we call for further research on AFDAS and stroke recurrence, and a tailored approach when using prolonged cardiac monitoring after ischemic stroke or transient ischemic attack, focusing on patients at higher risk of AFDAS and, more importantly, at higher risk of cardiac embolism.",2022,atrial fibrillation,cardiology,False,,,Stroke,stroke,False,openalex,Luciano A. Sposato; Seemant Chaturvedi; Cheng-Yang Hsieh; Carlos A. Morillo; Hooman Kamel,,130,,,,34986652,,,,,,10.2,True,impact_factor>=10,10.1161/strokeaha.121.034777,,,False,0.050936084
https://openalex.org/W3000776376,10.1177/1747493019897870,Global epidemiology of atrial fibrillation: An increasing epidemic and public health challenge,"BACKGROUND: Atrial fibrillation is the most frequent cardiac arrhythmia. It has been estimated that 6-12 million people worldwide will suffer this condition in the US by 2050 and 17.9 million people in Europe by 2060. Atrial fibrillation is a major risk factor for ischemic stroke and provokes important economic burden along with significant morbidity and mortality. AIM: We provide here comprehensive and updated statistics on worldwide epidemiology of atrial fibrillation. METHODS: An electronic search was conducted for atrial fibrillation. The epidemiologic information was retrieved from the Global Health Data Exchange database, which is regarded as one of the most comprehensive worldwide catalogs of surveys, censuses, vital statistics, and other health-related data. RESULTS: A total of 3.046 million new cases of atrial fibrillation worldwide were registered in the database during 2017. The estimated incidence rate for 2017 (403/millions inhabitants) was 31% higher than the corresponding incidence in 1997. The worldwide prevalence of atrial fibrillation is 37,574 million cases (0.51% of worldwide population), increased also by 33% during the last 20 years. The highest burden is seen in countries with high socio-demographic index, though the largest recent increased occurred in middle socio-demographic index countries. Future projections suggest that absolute atrial fibrillation burden may increase by >60% in 2050. CONCLUSIONS: Our analyses suggest that atrial fibrillation incidence and prevalence have increased over the last 20 years and will continue to increase over the next 30 years, especially in countries with middle socio-demographic index, becoming one of the largest epidemics and public health challenges.",2020,atrial fibrillation,cardiology,False,,,International Journal of Stroke,international journal of stroke,False,openalex,Giuseppe Lippi; Fabián Sanchis‐Gomar; Gianfranco Cervellin,,1402,,,,31955707,,,,,,7.1,True,cited_by_count>=927 (top 10.0%); cited_by_count>=927 (top 10.0%),10.1177/1747493019897870,,,False,0.12901106
https://openalex.org/W2427094903,10.1093/eurheartj/ehab670,Corrigendum to: 2021 ESC Guidelines for the diagnosis and treatment of acute and chronic heart failure: Developed by the Task Force for the diagnosis and treatment of acute and chronic heart failure of the European Society of Cardiology (ESC) With the special contribution of the Heart Failure Association (HFA) of the ESC.,ESC Guidelines for the diagnosis and,2021,cardiology,cardiology,False,,,PubMed,pubmed,False,openalex,Theresa A McDonagh; Marco Metra; Marianna Adamo; Roy S Gardner; Andreas Baumbach; Michael Böhm; Haran Burri; Javed Butler; Jelena Čelutkienė; Ovidiu Chioncel; John G.F. Cleland; Andrew J.S. Coats; Maria G Crespo-Leiro; Dimitrios Farmakis; Martine Gilard; Stephane Heymans; Arno W Hoes; Tiny Jaarsma; Ewa A. Jankowska; Mitja Lainscak; Carolyn S P Lam; Alexander R Lyon; John J V McMurray; Alexandre Mebazaa; Richard Mindham; Claudio Muneretto; Massimo Francesco Piepoli; Susanna Price; Giuseppe Rosano; Frank Ruschitzka; Anne Kathrine Skibelund,,19544,,,,34649282,,,,,,,True,cited_by_count>=927 (top 10.0%); cited_by_count>=927 (top 10.0%),10.1093/eurheartj/ehab670,,,False,0.086648114
https://openalex.org/W2124624517,10.1016/j.echo.2014.10.003,Recommendations for Cardiac Chamber Quantification by Echocardiography in Adults: An Update from the American Society of Echocardiography and the European Association of Cardiovascular Imaging,,2015,cardiovascular,cardiology,True,,,Journal of the American Society of Echocardiography,journal of the american society of echocardiography,False,openalex,Roberto M. Lang; Luigi P. Badano; Victor Mor‐Avi; Jonathan Afilalo; Anderson da Costa Armstrong; Laura Ernande; Frank A. Flachskampf; Elyse Foster; Steven A. Goldstein; Tatiana Kuznetsova; Patrizio Lancellotti; Denisa Muraru; Michael H. Picard; Ernst Rietzschel; Lawrence Rudski; Kirk T. Spencer; Wendy Tsang; Jens‐Uwe Voigt,https://doi.org/10.1016/j.echo.2014.10.003,17909,,,,25559473,,,,,,,True,cited_by_count>=927 (top 10.0%); cited_by_count>=927 (top 10.0%),10.1016/j.echo.2014.10.003,,,False,-0.0154653415
https://openalex.org/W3193598686,10.1093/eurheartj/ehab368,2021 ESC Guidelines for the diagnosis and treatment of acute and chronic heart failure,"The ESC Guidelines represent the views of the ESC and were produced after careful consideration of the scientific and medical knowledge and the evidence available at the time of their publication.The ESC is not responsible in the event of any contradiction, discrepancy and/or ambiguity between the ESC Guidelines and any other official recommendations or guidelines issued by the relevant public health authorities, in particular in relation to good use of healthcare or therapeutic strategies.Health professionals are encouraged to take the ESC Guidelines fully into account when exercising their clinical judgment, as well as in the determination and the implementation of preventive, diagnostic or therapeutic medical strategies; however, the ESC Guidelines do not override, in any way whatsoever, the individual responsibility of health professionals to make appropriate and accurate decisions in consideration of each patient's health condition and in consultation with that patient and, where appropriate and/or necessary, the patient's caregiver.Nor do the ESC Guidelines exempt health professionals from taking into full and careful consideration the relevant official updated recommendations or guidelines issued by the competent public health authorities, in order to manage each patient's case in light of the scientifically accepted data pursuant to their respective ethical and professional obligations.It is also the health professional's responsibility to verify the applicable rules and regulations relating to drugs and medical devices at the time of prescription.",2021,heart failure,cardiology,True,,,European Heart Journal,european heart journal,False,openalex,Theresa A. McDonagh; Marco Metra; Marianna Adamo; Roy S. Gardner; Andreas Baumbach; Michael Böhm; Haran Burri; Javed Butler; Jelena Čelutkienė; Ovidiu Chioncel; John G.F. Cleland; Andrew J.S. Coats; María G. Crespo‐Leiro; Dimitrios Farmakis; Martine Gilard; Stéphane Heymans; Arno W. Hoes; Tiny Jaarsma; Ewa A. Jankowska; Mitja Lainščak; Carolyn S.P. Lam; Alexander R. Lyon; John J.V. McMurray; Alexandre Mebazaa; Richard Mindham; Claudio Muneretto; Massimo Piepoli; Susanna Price; Giuseppe Rosano; Frank Ruschitzka; Anne Kathrine Skibelund; ESC Scientific Document Group; Rudolf A. de Boer; P. Christian Schulze; Magdy Abdelhamid; Victor Aboyans; Stamatis Adamopoulos; Stefan D. Anker; Elena Arbelo; Riccardo Asteggiano; Johann Bauersachs; Antoni Bayés‐Genís; Michael A. Borger; Werner Budts; Maja Čikeš; Kevin Damman; Victoria Delgado; Paul Dendale; Polychronis Dilaveris; Heinz Drexel; Justin A. Ezekowitz; Volkmar Falk; Laurent Fauchier; Gerasimos Filippatos; Alan G. Fraser; Norbert Frey; Chris P Gale; Finn Gustafsson; Julie Harris; Bernard Iung; Stefan Janssens; Mariell Jessup; А. О. Конради; Dipak Kotecha; Ekaterini Lambrinou; Patrizio Lancellotti; Ulf Landmesser; Christophe Leclercq; Basil S. Lewis; Francisco Leyva; Aleš Linhart; Maja‐Lisa Løchen; Lars H. Lund; Donna Mancini; Josep Masip; Davor Miličić; Christian Mueller; Holger Nef; Jens Cosedis Nielsen; Lis Neubeck; Michel Noutsias; Steffen E. Petersen; Anna Sonia Petronio; Piotr Ponikowski; Eva Prescott; Amina Rakisheva; Dimitrios J. Richter; E. V. Schlyakhto; Petar Seferović; Michele Senni; Marta Sitges; Miguel Sousa‐Uva; Carlo G. Tocchetti; Rhian M. Touyz; Carsten Tschöepe; Johannes Waltenberger; Marianna Adamo; Andreas Baumbach; Michael Böhm; Haran Burri,https://doi.org/10.1093/eurheartj/ehab368,12760,,,,34447992,,,,,,,True,cited_by_count>=927 (top 10.0%); cited_by_count>=927 (top 10.0%),10.1093/eurheartj/ehab368,,,False,0.05482974
https://openalex.org/W2146264128,10.1056/nejmoa1504720,"Empagliflozin, Cardiovascular Outcomes, and Mortality in Type 2 Diabetes","BACKGROUND: The effects of empagliflozin, an inhibitor of sodium-glucose cotransporter 2, in addition to standard care, on cardiovascular morbidity and mortality in patients with type 2 diabetes at high cardiovascular risk are not known. METHODS: We randomly assigned patients to receive 10 mg or 25 mg of empagliflozin or placebo once daily. The primary composite outcome was death from cardiovascular causes, nonfatal myocardial infarction, or nonfatal stroke, as analyzed in the pooled empagliflozin group versus the placebo group. The key secondary composite outcome was the primary outcome plus hospitalization for unstable angina. RESULTS: A total of 7020 patients were treated (median observation time, 3.1 years). The primary outcome occurred in 490 of 4687 patients (10.5%) in the pooled empagliflozin group and in 282 of 2333 patients (12.1%) in the placebo group (hazard ratio in the empagliflozin group, 0.86; 95.02% confidence interval, 0.74 to 0.99; P=0.04 for superiority). There were no significant between-group differences in the rates of myocardial infarction or stroke, but in the empagliflozin group there were significantly lower rates of death from cardiovascular causes (3.7%, vs. 5.9% in the placebo group; 38% relative risk reduction), hospitalization for heart failure (2.7% and 4.1%, respectively; 35% relative risk reduction), and death from any cause (5.7% and 8.3%, respectively; 32% relative risk reduction). There was no significant between-group difference in the key secondary outcome (P=0.08 for superiority). Among patients receiving empagliflozin, there was an increased rate of genital infection but no increase in other adverse events. CONCLUSIONS: Patients with type 2 diabetes at high risk for cardiovascular events who received empagliflozin, as compared with placebo, had a lower rate of the primary composite cardiovascular outcome and of death from any cause when the study drug was added to standard care. (Funded by Boehringer Ingelheim and Eli Lilly; EMPA-REG OUTCOME ClinicalTrials.gov number, NCT01131676.).",2015,cardiovascular,cardiology,True,,,New England Journal of Medicine,new england journal of medicine,False,openalex,Bernard Zinman; Christoph Wanner; John M. Lachin; David Fitchett; Erich Bluhmki; Stefan Hantel; Michaela Mattheus; Theresa Devins; Odd Erik Johansen; Hans J. Woerle; Uli C. Broedl; Silvio E. Inzucchi,https://doi.org/10.1056/nejmoa1504720,11916,,,,26378978,,,,,,,True,cited_by_count>=927 (top 10.0%); cited_by_count>=927 (top 10.0%),10.1056/nejmoa1504720,,,False,-0.018355694
https://openalex.org/W2397911846,10.1093/eurheartj/ehw128,2016 ESC Guidelines for the diagnosis and treatment of acute and chronic heart failure,No abstract available.,2016,heart failure,cardiology,True,,,European Heart Journal,european heart journal,False,openalex,Piotr Ponikowski; Adriaan A. Voors; Stefan D. Anker; Héctor Bueno; John G. F. Cleland; Andrew J. S. Coats; Volkmar Falk; José Ramón González-Juanatey; Veli-Pekka Harjola; Ewa A. Jankowska; Mariell Jessup; Cecilia Linde; Petros Nihoyannopoulos; John T. Parissis; Burkert Pieske; Jillian P. Riley; Giuseppe M. C. Rosano; Luis M. Ruilope; Frank Ruschitzka; Frans H. Rutten; Peter van der Meer,https://doi.org/10.1093/eurheartj/ehw128,11473,,,,27206819,,,,,,,True,cited_by_count>=927 (top 10.0%); cited_by_count>=927 (top 10.0%),10.1093/eurheartj/ehw128,,,False,0.08494925
https://openalex.org/W3113178943,10.1016/j.jacc.2020.11.010,"Global Burden of Cardiovascular Diseases and Risk Factors, 1990–2019","Cardiovascular diseases (CVDs), principally ischemic heart disease (IHD) and stroke, are the leading cause of global mortality and a major contributor to disability. This paper reviews the magnitude of total CVD burden, including 13 underlying causes of cardiovascular death and 9 related risk factors, using estimates from the Global Burden of Disease (GBD) Study 2019. GBD, an ongoing multinational collaboration to provide comparable and consistent estimates of population health over time, used all available population-level data sources on incidence, prevalence, case fatality, mortality, and health risks to produce estimates for 204 countries and territories from 1990 to 2019. Prevalent cases of total CVD nearly doubled from 271 million (95% uncertainty interval [UI]: 257 to 285 million) in 1990 to 523 million (95% UI: 497 to 550 million) in 2019, and the number of CVD deaths steadily increased from 12.1 million (95% UI:11.4 to 12.6 million) in 1990, reaching 18.6 million (95% UI: 17.1 to 19.7 million) in 2019. The global trends for disability-adjusted life years (DALYs) and years of life lost also increased significantly, and years lived with disability doubled from 17.7 million (95% UI: 12.9 to 22.5 million) to 34.4 million (95% UI:24.9 to 43.6 million) over that period. The total number of DALYs due to IHD has risen steadily since 1990, reaching 182 million (95% UI: 170 to 194 million) DALYs, 9.14 million (95% UI: 8.40 to 9.74 million) deaths in the year 2019, and 197 million (95% UI: 178 to 220 million) prevalent cases of IHD in 2019. The total number of DALYs due to stroke has risen steadily since 1990, reaching 143 million (95% UI: 133 to 153 million) DALYs, 6.55 million (95% UI: 6.00 to 7.02 million) deaths in the year 2019, and 101 million (95% UI: 93.2 to 111 million) prevalent cases of stroke in 2019. Cardiovascular diseases remain the leading cause of disease burden in the world. CVD burden continues its decades-long rise for almost all countries outside high-income countries, and alarmingly, the age-standardized rate of CVD has begun to rise in some locations where it was previously declining in high-income countries. There is an urgent need to focus on implementing existing cost-effective policies and interventions if the world is to meet the targets for Sustainable Development Goal 3 and achieve a 30% reduction in premature mortality due to noncommunicable diseases.",2020,cardiovascular,cardiology,True,,,Journal of the American College of Cardiology,journal of the american college of cardiology,False,openalex,Gregory A. Roth; George A. Mensah; Catherine O. Johnson; Giovanni Addolorato; Enrico Ammirati; Larry M. Baddour; Noël C. Barengo; Andrea Beaton; Emelia J. Benjamin; Catherine P. Benziger; Aimé Bonny; Michael Bräuer; Marianne Brodmann; Thomas J. Cahill; Jonathan R. Carapetis; Alberico L. Catapano; Sumeet S. Chugh; Leslie T. Cooper; Josef Coresh; Michael H Criqui; Nicole DeCleene; Kim A. Eagle; Sophia Emmons‐Bell; Valery L. Feigin; Joaquim Fernández‐Solà; Gerry Fowkes; Emmanuela Gakidou; Scott M. Grundy; Feng J. He; George Howard; Frank B. Hu; Lesley A. Inker; Ganesan Karthikeyan; Nicholas J Kassebaum; Walter J. Koroshetz; Carl J. Lavie; Donald M. Lloyd‐Jones; Hong Lü; Antonio Mirijello; Awoke Misganaw Temesgen; Ali H. Mokdad; Andrew Moran; Paul Muntner; Jagat Narula; Bruce Neal; Mpiko Ntsekhe; Glaucia Moraes de Oliveira; Catherine M Otto; Mayowa Owolabi; Michael Pratt; Sanjay Rajagopalan; Marissa B Reitsma; Antônio Luiz Pinho Ribeiro; Nancy A. Rigotti; Anthony Rodgers; Craig Sable; Saate Shakil; Karen Sliwa‐Hahnle; Benjamin Stark; Johan Sundström; Patrick Timpel; Imad M. Tleyjeh; Marco Valgimigli; Theo Vos; Paul K. Whelton; Magdi Yacoub; Liesl Zühlke; Chris Murray; Valentı́n Fuster; Gregory A. Roth; George A. Mensah; Catherine O. Johnson; Giovanni Addolorato; Enrico Ammirati; Larry M. Baddour; Noël C. Barengo; Andrea Beaton; Emelia J. Benjamin; Catherine P. Benziger; Aimé Bonny; Michael Bräuer; Marianne Brodmann; Thomas J. Cahill; Jonathan R. Carapetis; Alberico L. Catapano; Sumeet S. Chugh; Leslie T. Cooper; Josef Coresh; Michael H Criqui; Nicole DeCleene; Kim A. Eagle; Sophia Emmons‐Bell; Valery L. Feigin; Joaquim Fernández‐Solà; F. Gerry R. Fowkes; Emmanuela Gakidou; Scott M. Grundy; Feng J. He; George Howard; Frank B. Hu,https://doi.org/10.1016/j.jacc.2020.11.010,10886,,,,33309175,,,,,,,True,cited_by_count>=927 (top 10.0%); cited_by_count>=927 (top 10.0%),10.1016/j.jacc.2020.11.010,,,False,0.12391707
https://openalex.org/W3082188176,10.1093/eurheartj/ehaa612,2020 ESC Guidelines for the diagnosis and management of atrial fibrillation developed in collaboration with the European Association for Cardio-Thoracic Surgery (EACTS),"TEST 02 - Elsevier's Scopus, the largest abstract and citation database of peer-reviewed literature. Search and access research from the science, technology, medicine, social sciences and arts and humanities fields.",2020,atrial fibrillation,cardiology,True,,,European Heart Journal,european heart journal,False,openalex,Gerhard Hindricks; Tatjana Potpara; Nikolaos Dagres; Elena Arbelo; Jeroen J. Bax; Carina Blomström‐Lundqvist; Giuseppe Boriani; Manuel Castella; Gheorghe-Andrei Dan; Polychronis Dilaveris; Laurent Fauchier; Gerasimos Filippatos; Jonathan M Kalman; Mark La Meir; Deirdre A Lane; Jean‐Pierre Lebeau; Maddalena Lettino; Gregory Y.H. Lip; Fausto J Pinto; G. Neil Thomas; Marco Valgimigli; Isabelle C. Van Gelder; Bart P. van Putte; Caroline Watkins; ESC Scientific Document Group; Paulus Kirchhof; Michael Kühne; Victor Aboyans; Anders Ahlsson; Paweł Balsam; Johann Bauersachs; Stefano Benussi; Axel Brandes; Frieder Braunschweig; A John Camm; Davide Capodanno; Barbara Casadei; David Conen; Harry J.G.M. Crijns; Victoria Delgado; Dobromir Dobrev; Heinz Drexel; Lars Eckardt; Donna Fitzsimons; Thierry Folliguet; Chris P Gale; Bülent Görenek; Karl Georg Hæusler; Hein Heidbüchel; Bernard Iung; Hugo A Katus; Dipak Kotecha; Ulf Landmesser; Christophe Leclercq; Basil S. Lewis; Julia Mascherbauer; José Luís Merino; Béla Merkely; Lluı́s Mont; Christian Mueller; Klaudia V Nagy; Jonas Oldgren; Nikola Pavlović; Roberto F.E. Pedretti; Steffen E. Petersen; Jonathan P. Piccini; Bogdan A Popescu; Helmut Pürerfellner; Dimitrios J. Richter; Marco Roffi; Andrea Rubboli; Daniel Scherr; Renate B. Schnabel; Iain A. Simpson; Е. V. Shlyakhto; Moritz F. Sinner; Jan Steffel; Miguel Sousa-Uva; Piotr Suwalski; Martin Svetlošák; Rhian M Touyz; Nikolaos Dagres; Elena Arbelo; Jeroen J. Bax; Carina Blomström‐Lundqvist; Giuseppe Boriani; Manuel Castella; Gheorghe-Andrei Dan; Polychronis Dilaveris; Laurent Fauchier; Gerasimos Filippatos; Jonathan M Kalman; Mark La Meir; Deirdre A Lane; Jean‐Pierre Lebeau; Maddalena Lettino; Gregory Y.H. Lip; Fausto J Pinto; G. Neil Thomas; Marco Valgimigli,https://research.rug.nl/en/publications/3317b4ce-3ccc-4eb2-afb1-abd471c1daca,9841,,,,32860505,,,,,,,True,cited_by_count>=927 (top 10.0%); cited_by_count>=927 (top 10.0%),10.1093/eurheartj/ehaa612,,,False,0.14413404
https://openalex.org/W2754054868,10.1093/eurheartj/ehx393,2017 ESC Guidelines for the management of acute myocardial infarction in patients presenting with ST-segment elevation,"The ESC Guidelines represent the views of the ESC and were produced after careful consideration of the scientific and medical knowledge and the evidence available at the time of their publication. The ESC is not responsible in the event of any contradiction, discrepancy and/or ambiguity between the ESC Guidelines and any other official recommendations or guidelines issued by the relevant public health authorities, in particular in relation to good use of healthcare or therapeutic strategies. Health professionals are encouraged to take the ESC Guidelines fully into account when exercising their clinical judgment, as well as in the determination and the implementation of preventive, diagnostic or therapeutic medical strategies; however, the ESC Guidelines do not override, in any way whatsoever, the individual responsibility of health professionals to make appropriate and accurate decisions in consideration of each patient's health condition and in consultation with that patient and, where appropriate and/or necessary, the patient's caregiver. Nor do the ESC Guidelines exempt health professionals from taking into full and careful consideration the relevant official updated recommendations or guidelines issued by the competent public health authorities, in order to manage each patient's case in light of the scientifically accepted data pursuant to their respective ethical and professional obligations. It is also the health professional's responsibility to verify the applicable rules and regulations relating to drugs and medical devices at the time of prescription.",2017,myocardial infarction,cardiology,True,,,European Heart Journal,european heart journal,False,openalex,Borja Ibáñez; Stefan James; Stefan Agewall; Manuel J. Antunes; Chiara Bucciarelli‐Ducci; Héctor Bueno; Alida L.P. Caforio; Filippo Crea; John Goudevenos; Sigrun Halvorsen; Gerhard Hindricks; Adnan Kastrati; Mattie Lenzen; Eva Prescott; Marco Roffi; Marco Valgimigli; Christoph Varenhorst; Pascal Vranckx; Petr Widimský; ESC Scientific Document Group; Jean-Philippe Collet; Steen Dalby Kristensen; Victor Aboyans; Andreas Baumbach; Raffaele Bugiardini; Ioan Mircea Coman; Victoria Delgado; Donna Fitzsimons; Oliver Gaemperli; Anthony Gershlick; Stephan Gielen; Veli-Pekka Harjola; Hugo A Katus; Juhani Knuuti; Philippe Kolh; Christophe Leclercq; Gregory Y.H. Lip; João Morais; Aleksandar Nešković; Franz-Josef Neumann; Alexander Niessner; Massimo Francesco Piepoli; Dimitrios J Richter; Evgeny Shlyakhto; Iain A Simpson; Philippe Gabríel Steg; Christian Juhl Terkelsen; Kristian Thygesen; Stephan Windecker; Jose Luis Zamorano; Uwe Zeymer; Stephan Windecker; Victor Aboyans; Stefan Agewall; Emanuele Barbato; Héctor Bueno; Antonio Coca; Jean-Philippe Collet; Ioan Mircea Coman; Veronica Dean; Victoria Delgado; Donna Fitzsimons; Oliver Gaemperli; Gerhard Hindricks; Bernard Iung; Peter Jüni; Hugo A Katus; Juhani Knuuti; Patrizio Lancellotti; Christophe Leclercq; Theresa McDonagh; Massimo Francesco Piepoli; Piotr Ponikowski; Dimitrios J Richter; Marco Roffi; Evgeny Shlyakhto; Iain A Simpson; Jose Luis Zamorano; Mohamed Chettibi; Hamlet Hayrapetyan; Bernhard Metzler; Firdovsi Ibrahimov; Volha Sujayeva; Christophe Beauloye; Larisa Dizdarevic-Hudic; Kiril Karamfiloff; Bosko Skoric; Loizos Antoniades; Petr Tousek; PetrChristian Juhl Terkelsen; Sameh Mohamad Shaheen; Toomas Marandi; Matti Niemelä; Sasko Kedev; Martine Gilard; Alexander Aladashvili; Albrecht Elsaesser; Ioannis Georgios Kanakakis; Béla Merkely; Thorarinn Gudnason,https://doi.org/10.1093/eurheartj/ehx393,9714,,,,28886621,,,,,,,True,cited_by_count>=927 (top 10.0%); cited_by_count>=927 (top 10.0%),10.1093/eurheartj/ehx393,,,False,0.035734944
https://openalex.org/W3183857127,10.1093/eurheartj/ehz455,2019 ESC/EAS Guidelines for the management of dyslipidaemias: <i>lipid modification to reduce cardiovascular risk</i>,"The ESC/EAS Guidelines represent the views of the ESC and EAS, and were produced after careful consideration of the scientific and medical knowledge, and the evidence available at the time of their publication. The ESC and EAS is not responsible in the event of any contradiction, discrepancy, and/or ambiguity between the ESC/EAS Guidelines and any other official recommendations or guidelines issued by the relevant public health authorities, in particular in relation to good use of healthcare or therapeutic strategies. Health professionals are encouraged to take the ESC/EAS Guidelines fully into account when exercising their clinical judgment, as well as in the determination and the implementation of preventive, diagnostic, or therapeutic medical strategies; however, the ESC/EAS Guidelines do not override, in any way whatsoever, the individual responsibility of health professionals to make appropriate and accurate decisions in consideration of each patient's health condition and in consultation with that patient and, where appropriate and/or necessary, the patient's caregiver. Nor do the ESC/EAS Guidelines exempt health professionals from taking into full and careful consideration the relevant official updated recommendations or guidelines issued by the competent public health authorities, in order to manage each patient's case in light of the scientifically accepted data pursuant to their respective ethical and professional obligations. It is also the health professional's responsibility to verify the applicable rules and regulations relating to drugs and medical devices at the time of prescription.",2019,cardiovascular,cardiology,True,,,European Heart Journal,european heart journal,False,openalex,François Mach; Colin Baigent; Alberico L. Catapano; Konstantinos C. Koskinas; Manuela Casula; Lina Badimón; M. John Chapman; Guy G De Backer; Victoria Delgado; Brian A. Ference; Ian M Graham; Alison Halliday; Ulf Landmesser; Borislava Mihaylova; Terje R. Pedersen; Gabriele Riccardi; Dimitrios J Richter; Marc S. Sabatine; Marja‐Riitta Taskinen; Lale Tokgozoglu; Olov Wiklund; ESC Scientific Document Group; Christian Mueller; Heinz Drexel; Victor Aboyans; Alberto Corsini; Wolfram Doehner; Michel Farnier; Bruna Gigante; Meral Kayıkçıoğlu; Goran Krstačić; Ekaterini Lambrinou; Basil S. Lewis; Josep Masip; Philippe Moulin; Steffen E. Petersen; Anna Sonia Petronio; Massimo Piepoli; Xavier Pintó; Lorenz Räber; Kausik K. Ray; Željko Reiner; Walter F. Riesen; Marco Roffi; Jean-Paul Schmid; Е. V. Shlyakhto; Iain A Simpson; Erik S.G. Stroes; Isabella Sudano; Alexandros D. Tselepis; Margus Viigimaa; Cécile Vindis; Alexander Vonbank; Michal Vrablik; Mislav Vrsalović; José Luis Zamorano; Jean-Philippe Collet; Konstantinos C. Koskinas; Manuela Casula; Lina Badimon; M. John Chapman; Guy G De Backer; Victoria Delgado; Brian A. Ference; Ian M Graham; Alison Halliday; Ulf Landmesser; Borislava Mihaylova; Terje R Pedersen; Gabriele Riccardi; Dimitrios J Richter; Marc S. Sabatine; Marja‐Riitta Taskinen; Lale Tokgozoglu; Olov Wiklund; Stephan Windecker; Victor Aboyans; Colin Baigent; Jean-Philippe Collet; Verónica Dean; Victoria Delgado; Donna Fitzsimons; Chris P Gale; Diederick E. Grobbee; Sigrun Halvorsen; Gerhard Hindricks; Bernard Iung; Peter Jüni; Hugo A. Katus; Ulf Landmesser; Christophe Leclercq; Maddalena Lettino; Basil S Lewis; Bela Merkely; Christian Mueller; Steffen E. Petersen; Anna Sonia Petronio; Dimitrios J Richter; Marco Roffi; Е. V. Shlyakhto,https://doi.org/10.1093/eurheartj/ehz455,8803,,,,31504418,,,,,,,True,cited_by_count>=927 (top 10.0%); cited_by_count>=927 (top 10.0%),10.1093/eurheartj/ehz455,,,False,0.057396732
https://openalex.org/W4249896096,10.1093/ehjci/jev014,Recommendations for Cardiac Chamber Quantification by Echocardiography in Adults: An Update from the American Society of Echocardiography and the European Association of Cardiovascular Imaging,"The rapid technological developments of the past decade and the changes in echocardiographic practice brought about by these developments have resulted in the need for updated recommendations to the previously published guidelines for cardiac chamber quantification, which was the goal of the joint writing group assembled by the American Society of Echocardiography and the European Association of Cardiovascular Imaging. This document provides updated normal values for all four cardiac chambers, including three-dimensional echocardiography and myocardial deformation, when possible, on the basis of considerably larger numbers of normal subjects, compiled from multiple databases. In addition, this document attempts to eliminate several minor discrepancies that existed between previously published guidelines.",2015,cardiovascular,cardiology,True,,,European Heart Journal - Cardiovascular Imaging,european heart journal - cardiovascular imaging,False,openalex,Roberto M. Lang; Luigi P. Badano; Victor Mor‐Avi; Jonathan Afilalo; Anderson da Costa Armstrong; Laura Ernande; Frank A. Flachskampf; Elyse Foster; Steven A. Goldstein; Tatiana Kuznetsova; Patrizio Lancellotti; Denisa Muraru; Michael H. Picard; Ernst Rietzschel; Lawrence Rudski; Kirk T. Spencer; Wendy Tsang; Jens‐Uwe Voigt,https://doi.org/10.1093/ehjci/jev014,8251,,,,,,,,,,,True,cited_by_count>=927 (top 10.0%); cited_by_count>=927 (top 10.0%),10.1093/ehjci/jev014,,,False,0.018680098
https://openalex.org/W2626446274,10.1056/nejmoa1611925,Canagliflozin and Cardiovascular and Renal Events in Type 2 Diabetes,"Background Canagliflozin is a sodium-glucose cotransporter 2 inhibitor that reduces glycemia as well as blood pressure, body weight, and albuminuria in people with diabetes. We report the effects of treatment with canagliflozin on cardiovascular, renal, and safety outcomes. Methods The CANVAS Program integrated data from two trials involving a total of 10,142 participants with type 2 diabetes and high cardiovascular risk. Participants in each trial were randomly assigned to receive canagliflozin or placebo and were followed for a mean of 188.2 weeks. The primary outcome was a composite of death from cardiovascular causes, nonfatal myocardial infarction, or nonfatal stroke. Results The mean age of the participants was 63.3 years, 35.8% were women, the mean duration of diabetes was 13.5 years, and 65.6% had a history of cardiovascular disease. The rate of the primary outcome was lower with canagliflozin than with placebo (occurring in 26.9 vs. 31.5 participants per 1000 patient-years; hazard ratio, 0.86; 95% confidence interval [CI], 0.75 to 0.97; P<0.001 for noninferiority; P=0.02 for superiority). Although on the basis of the prespecified hypothesis testing sequence the renal outcomes are not viewed as statistically significant, the results showed a possible benefit of canagliflozin with respect to the progression of albuminuria (hazard ratio, 0.73; 95% CI, 0.67 to 0.79) and the composite outcome of a sustained 40% reduction in the estimated glomerular filtration rate, the need for renal-replacement therapy, or death from renal causes (hazard ratio, 0.60; 95% CI, 0.47 to 0.77). Adverse reactions were consistent with the previously reported risks associated with canagliflozin except for an increased risk of amputation (6.3 vs. 3.4 participants per 1000 patient-years; hazard ratio, 1.97; 95% CI, 1.41 to 2.75); amputations were primarily at the level of the toe or metatarsal. Conclusions In two trials involving patients with type 2 diabetes and an elevated risk of cardiovascular disease, patients treated with canagliflozin had a lower risk of cardiovascular events than those who received placebo but a greater risk of amputation, primarily at the level of the toe or metatarsal. (Funded by Janssen Research and Development; CANVAS and CANVAS-R ClinicalTrials.gov numbers, NCT01032629 and NCT01989754 , respectively.).",2017,cardiovascular,cardiology,True,,,New England Journal of Medicine,new england journal of medicine,False,openalex,Bruce Neal; Vlado Perkovic; Kenneth W. Mahaffey; Dick de Zeeuw; Greg Fulcher; Ngozi Erondu; Wayne Shaw; Gordon Law; Mehul Desai; David R. Matthews,https://doi.org/10.1056/nejmoa1611925,7718,,,,28605608,,,,,,,True,cited_by_count>=927 (top 10.0%); cited_by_count>=927 (top 10.0%),10.1056/nejmoa1611925,,,False,0.03019172
https://openalex.org/W2770837559,10.1161/hyp.0000000000000065,"2017 ACC/AHA/AAPA/ABC/ACPM/AGS/APhA/ASH/ASPC/NMA/PCNA Guideline for the Prevention, Detection, Evaluation, and Management of High Blood Pressure in Adults: A Report of the American College of Cardiology/American Heart Association Task Force on Clinical Practice Guidelines","Since 1980, the American College of Cardiology (ACC) and American Heart Association (AHA) have translated scientific evidence into clinical practice guidelines (guidelines) with recommendations to improve cardiovascular health.In 2013, the National Heart, Lung, and Blood Institute (NHLBI) Advisory Council recommended that the NHLBI focus specifically on reviewing the highest-quality evidence and partner with other organizations to develop recommendations.P-1,P-2 Accordingly, the ACC and AHA collaborated with the NHLBI and stakeholder and professional organizations to complete and publish 4 guidelines (on assessment of cardiovascular risk, lifestyle modifications to reduce cardiovascular risk, management of blood cholesterol in adults, and management of overweight and obesity in adults) to make them available to the widest possible constituency.In 2014, the ACC and AHA, in partnership with several other professional societies, initiated a guideline on the prevention, detection, evaluation, and management of high blood pressure (BP) in adults.Under the management of the ACC/ AHA Task Force, a Prevention Subcommittee was appointed to help guide development of the suite of guidelines on prevention of cardiovascular disease (CVD).These guidelines, which are based on systematic methods to evaluate and classify evidence, provide a cornerstone for quality cardiovascular care.The ACC and AHA sponsor the development and publication of guidelines without commercial support, and members of each organization volunteer their time to the writing and review efforts.Guidelines are official policy of the ACC and AHA. HypertensionJune 2018of clinical practice.The Task Force may also invite organizations and professional societies with related interests and expertise to participate as partners, collaborators, or endorsers. Relationships With Industry and Other EntitiesThe ACC and AHA have rigorous policies and methods to ensure that guidelines are developed without bias or improper influence.The complete relationships with industry and other entities (RWI) policy can be found online.Appendix 1 of the present document lists writing committee members' relevant RWI.For the purposes of full transparency, writing committee members' comprehensive disclosure information is available online.Comprehensive disclosure information for the Task Force is available online. Evidence Review and Evidence Review CommitteesIn developing recommendations, the writing committee uses evidence-based methodologies that are based on all available data.P-6-P-9 Literature searches focus on randomized controlled trials (RCTs) but also include registries, nonrandomized comparative and descriptive studies, case series, cohort studies, systematic reviews, and expert opinion.Only key references are cited.An independent evidence review committee (ERC) is commissioned when there are 1 or more questions deemed of utmost clinical importance that merit formal systematic review.The systematic review will determine which patients are most likely to benefit from a drug, device, or treatment strategy and to what degree.Criteria for commissioning an ERC and formal systematic review include: a) the absence of a current authoritative systematic review, b) the feasibility of defining the benefit and risk in a time frame consistent with the writing of a guideline, c) the relevance to a substantial number of patients, and d) the likelihood that the findings can be translated into actionable recommendations.ERC members may include methodologists, epidemiologists, healthcare providers, and biostatisticians.The recommendations developed by the writing committee on the basis of the systematic review are marked with ""SR."" Guideline-Directed Management and TherapyThe term guideline-directed management and therapy (GDMT) encompasses clinical evaluation, diagnostic testing, and pharmacological and procedural treatments.For these and all recommended drug treatment regimens, the reader should confirm the dosage by reviewing product insert material and evaluate the treatment regimen for contraindications and interactions.The recommendations are limited to drugs, devices, and treatments approved for clinical use in the United States. Class of Recommendation and Level of EvidenceThe Class of Recommendation (COR) indicates the strength of the recommendation, encompassing the estimated magnitude and certainty of benefit in proportion to risk.The Level of Evidence (LOE) rates the quality of scientific evidence that supports the intervention on the basis of the type, quantity, and consistency of data from clinical trials and other sources (Table 1).P-6-P-8",2017,cardiology,cardiology,False,,,Hypertension,hypertension,False,openalex,Paul K. Whelton; Robert M. Carey; Wilbert S. Aronow; Donald E. Casey; Karen J. Collins; Cheryl Dennison Himmelfarb; Sondra M. DePalma; Samuel S. Gidding; Kenneth Jamerson; Daniel W. Jones; Eric J. MacLaughlin; Paul Muntner; Bruce Ovbiagele; Sidney C. Smith; Crystal C. Spencer; Randall S. Stafford; Sandra J. Taler; Randal J. Thomas; Kim A. Williams; Jeff D. Williamson; Jackson T. Wright,,7362,,,,29133356,,,,,,,True,cited_by_count>=927 (top 10.0%); cited_by_count>=927 (top 10.0%),10.1161/hyp.0000000000000065,,,False,0.14083001
https://openalex.org/W2425644022,10.1056/nejmoa1603827,Liraglutide and Cardiovascular Outcomes in Type 2 Diabetes,"BACKGROUND: The cardiovascular effect of liraglutide, a glucagon-like peptide 1 analogue, when added to standard care in patients with type 2 diabetes, remains unknown. METHODS: In this double-blind trial, we randomly assigned patients with type 2 diabetes and high cardiovascular risk to receive liraglutide or placebo. The primary composite outcome in the time-to-event analysis was the first occurrence of death from cardiovascular causes, nonfatal myocardial infarction, or nonfatal stroke. The primary hypothesis was that liraglutide would be noninferior to placebo with regard to the primary outcome, with a margin of 1.30 for the upper boundary of the 95% confidence interval of the hazard ratio. No adjustments for multiplicity were performed for the prespecified exploratory outcomes. RESULTS: A total of 9340 patients underwent randomization. The median follow-up was 3.8 years. The primary outcome occurred in significantly fewer patients in the liraglutide group (608 of 4668 patients [13.0%]) than in the placebo group (694 of 4672 [14.9%]) (hazard ratio, 0.87; 95% confidence interval [CI], 0.78 to 0.97; P<0.001 for noninferiority; P=0.01 for superiority). Fewer patients died from cardiovascular causes in the liraglutide group (219 patients [4.7%]) than in the placebo group (278 [6.0%]) (hazard ratio, 0.78; 95% CI, 0.66 to 0.93; P=0.007). The rate of death from any cause was lower in the liraglutide group (381 patients [8.2%]) than in the placebo group (447 [9.6%]) (hazard ratio, 0.85; 95% CI, 0.74 to 0.97; P=0.02). The rates of nonfatal myocardial infarction, nonfatal stroke, and hospitalization for heart failure were nonsignificantly lower in the liraglutide group than in the placebo group. The most common adverse events leading to the discontinuation of liraglutide were gastrointestinal events. The incidence of pancreatitis was nonsignificantly lower in the liraglutide group than in the placebo group. CONCLUSIONS: In the time-to-event analysis, the rate of the first occurrence of death from cardiovascular causes, nonfatal myocardial infarction, or nonfatal stroke among patients with type 2 diabetes mellitus was lower with liraglutide than with placebo. (Funded by Novo Nordisk and the National Institutes of Health; LEADER ClinicalTrials.gov number, NCT01179048.).",2016,cardiovascular,cardiology,True,,,New England Journal of Medicine,new england journal of medicine,False,openalex,Steven P. Marso; Gilbert H. Daniels; Kirstine Brown‐Frandsen; Peter Lommer Kristensen; Johannes F.E. Mann; Michael A. Nauck; Steven E. Nissen; Stuart Pocock; Neil R Poulter; Lasse Steen Ravn; William M. Steinberg; Mette Stockner; Bernard Zinman; Richard M. Bergenstal; John B. Buse,https://doi.org/10.1056/nejmoa1603827,7259,,,,27295427,,,,,,,True,cited_by_count>=927 (top 10.0%); cited_by_count>=927 (top 10.0%),10.1056/nejmoa1603827,,,False,0.035162017
https://openalex.org/W2974260792,10.1056/nejmoa1911303,Dapagliflozin in Patients with Heart Failure and Reduced Ejection Fraction,"BACKGROUND: In patients with type 2 diabetes, inhibitors of sodium-glucose cotransporter 2 (SGLT2) reduce the risk of a first hospitalization for heart failure, possibly through glucose-independent mechanisms. More data are needed regarding the effects of SGLT2 inhibitors in patients with established heart failure and a reduced ejection fraction, regardless of the presence or absence of type 2 diabetes. METHODS: In this phase 3, placebo-controlled trial, we randomly assigned 4744 patients with New York Heart Association class II, III, or IV heart failure and an ejection fraction of 40% or less to receive either dapagliflozin (at a dose of 10 mg once daily) or placebo, in addition to recommended therapy. The primary outcome was a composite of worsening heart failure (hospitalization or an urgent visit resulting in intravenous therapy for heart failure) or cardiovascular death. RESULTS: Over a median of 18.2 months, the primary outcome occurred in 386 of 2373 patients (16.3%) in the dapagliflozin group and in 502 of 2371 patients (21.2%) in the placebo group (hazard ratio, 0.74; 95% confidence interval [CI], 0.65 to 0.85; P<0.001). A first worsening heart failure event occurred in 237 patients (10.0%) in the dapagliflozin group and in 326 patients (13.7%) in the placebo group (hazard ratio, 0.70; 95% CI, 0.59 to 0.83). Death from cardiovascular causes occurred in 227 patients (9.6%) in the dapagliflozin group and in 273 patients (11.5%) in the placebo group (hazard ratio, 0.82; 95% CI, 0.69 to 0.98); 276 patients (11.6%) and 329 patients (13.9%), respectively, died from any cause (hazard ratio, 0.83; 95% CI, 0.71 to 0.97). Findings in patients with diabetes were similar to those in patients without diabetes. The frequency of adverse events related to volume depletion, renal dysfunction, and hypoglycemia did not differ between treatment groups. CONCLUSIONS: Among patients with heart failure and a reduced ejection fraction, the risk of worsening heart failure or death from cardiovascular causes was lower among those who received dapagliflozin than among those who received placebo, regardless of the presence or absence of diabetes. (Funded by AstraZeneca; DAPA-HF ClinicalTrials.gov number, NCT03036124.).",2019,heart failure,cardiology,True,,,New England Journal of Medicine,new england journal of medicine,False,openalex,John J.V. McMurray; Scott D. Solomon; Silvio E. Inzucchi; Lars Køber; Mikhail Kosiborod; Felipe A. Martínez; Piotr Ponikowski; Marc S. Sabatine; Inder S. Anand; Jan Bělohlávek; Michael Böhm; Chern‐En Chiang; Vijay Chopra; Rudolf A. de Boer; Akshay S. Desai; Mirta Díez; Jarosław Dróżdż; Andrej Dukát; Junbo Ge; Jonathan G. Howlett; Tzvetana Katova; Masafumi Kitakaze; Charlotta Ljungman; Béla Merkely; José Carlos Nicolau; Eileen O’Meara; Mark C. Petrie; Pham Nguyễn Vinh; Morten Schou; С. Н. Терещенко; Subodh Verma; Claes Held; David L. DeMets; Kieran F. Docherty; Pardeep S. Jhund; Olof Bengtsson; Mikaela Sjöstrand; Anna-Maria Langkilde,https://doi.org/10.1056/nejmoa1911303,6774,,,,31535829,,,,,,,True,cited_by_count>=927 (top 10.0%); cited_by_count>=927 (top 10.0%),10.1056/nejmoa1911303,,,False,-0.016788945
https://openalex.org/W2313186535,10.1016/j.echo.2016.01.011,Recommendations for the Evaluation of Left Ventricular Diastolic Function by Echocardiography: An Update from the American Society of Echocardiography and the European Association of Cardiovascular Imaging,,2016,cardiovascular,cardiology,True,,,Journal of the American Society of Echocardiography,journal of the american society of echocardiography,False,openalex,Sherif F. Nagueh; Otto A. Smiseth; Christopher P. Appleton; Benjamin F. Byrd; Hisham Dokainish; Thor Edvardsen; Frank A. Flachskampf; Thierry Gillebert; Allan L. Klein; Patrizio Lancellotti; Paolo Marino; Jae K. Oh; Bogdan A. Popescu; Alan D. Waggoner,https://doi.org/10.1016/j.echo.2016.01.011,6601,,,,27037982,,,,,,,True,cited_by_count>=927 (top 10.0%); cited_by_count>=927 (top 10.0%),10.1016/j.echo.2016.01.011,,,False,0.006876508
https://openalex.org/W2519510391,10.1056/nejmoa1607141,Semaglutide and Cardiovascular Outcomes in Patients with Type 2 Diabetes,"BACKGROUND: Establishing cardiovascular safety of new therapies for type 2 diabetes is important. Safety data are available for the subcutaneous form of the glucagon-like peptide-1 receptor agonist semaglutide but are needed for oral semaglutide. METHODS: We assessed cardiovascular outcomes of once-daily oral semaglutide in an event-driven, randomized, double-blind, placebo-controlled trial involving patients at high cardiovascular risk (age of ≥50 years with established cardiovascular or chronic kidney disease, or age of ≥60 years with cardiovascular risk factors only). The primary outcome in a time-to-event analysis was the first occurrence of a major adverse cardiovascular event (death from cardiovascular causes, nonfatal myocardial infarction, or nonfatal stroke). The trial was designed to rule out 80% excess cardiovascular risk as compared with placebo (noninferiority margin of 1.8 for the upper boundary of the 95% confidence interval for the hazard ratio for the primary outcome). RESULTS: A total of 3183 patients were randomly assigned to receive oral semaglutide or placebo. The mean age of the patients was 66 years; 2695 patients (84.7%) were 50 years of age or older and had cardiovascular or chronic kidney disease. The median time in the trial was 15.9 months. Major adverse cardiovascular events occurred in 61 of 1591 patients (3.8%) in the oral semaglutide group and 76 of 1592 (4.8%) in the placebo group (hazard ratio, 0.79; 95% confidence interval [CI], 0.57 to 1.11; P<0.001 for noninferiority). Results for components of the primary outcome were as follows: death from cardiovascular causes, 15 of 1591 patients (0.9%) in the oral semaglutide group and 30 of 1592 (1.9%) in the placebo group (hazard ratio, 0.49; 95% CI, 0.27 to 0.92); nonfatal myocardial infarction, 37 of 1591 patients (2.3%) and 31 of 1592 (1.9%), respectively (hazard ratio, 1.18; 95% CI, 0.73 to 1.90); and nonfatal stroke, 12 of 1591 patients (0.8%) and 16 of 1592 (1.0%), respectively (hazard ratio, 0.74; 95% CI, 0.35 to 1.57). Death from any cause occurred in 23 of 1591 patients (1.4%) in the oral semaglutide group and 45 of 1592 (2.8%) in the placebo group (hazard ratio, 0.51; 95% CI, 0.31 to 0.84). Gastrointestinal adverse events leading to discontinuation of oral semaglutide or placebo were more common with oral semaglutide. CONCLUSIONS: In this trial involving patients with type 2 diabetes, the cardiovascular risk profile of oral semaglutide was not inferior to that of placebo. (Funded by Novo Nordisk; PIONEER 6 ClinicalTrials.gov number, NCT02692716.).",2016,cardiovascular,cardiology,True,,,New England Journal of Medicine,new england journal of medicine,False,openalex,Steven P. Marso; Stephen C. Bain; Agostino Consoli; Freddy G. Eliaschewitz; Esteban Jódar; Lawrence A. Leiter; Ildiko Lingvay; Julio Rosenstock; Jochen Seufert; Mark Warren; Vincent Woo; Oluf H. Hansen; Anders G. Holst; Jonas Pettersson; Tina Vilsbøll,https://doi.org/10.1056/nejmoa1607141,6486,,,,27633186,,,,,,,True,cited_by_count>=927 (top 10.0%); cited_by_count>=927 (top 10.0%),10.1056/nejmoa1607141,,,False,-0.00586709
https://openalex.org/W2402599050,10.1093/eurheartj/ehw106,2016 European Guidelines on cardiovascular disease prevention in clinical practice,No abstract available.,2016,cardiovascular,cardiology,True,,,European Heart Journal,european heart journal,False,openalex,Massimo Piepoli; Arno W. Hoes; Stefan Agewall; Christian Albus; Carlos Brotons; Alberico L. Catapano; Marie Therese Cooney; Ugo Corrà; Bernard Cosyns; Christi Deaton; Ian Graham; Michael Hall; Richard Hobbs; Maja‐Lisa Løchen; Herbert Löllgen; Pedro Marques‐Vidal; Joep Perk; Eva Prescott; Josep Redón; Dimitrios Richter; Naveed Sattar; Yvo M. Smulders; Monica Tiberi; H. Bart van der Worp; Ineke van Dis; W. M. Monique Verschuren,https://doi.org/10.1093/eurheartj/ehw106,6482,,,,27222591,,,,,,,True,cited_by_count>=927 (top 10.0%); cited_by_count>=927 (top 10.0%),10.1093/eurheartj/ehw106,,,False,0.14164293
https://openalex.org/W2509795914,10.1093/europace/euw295,2016 ESC Guidelines for the management of atrial fibrillation developed in collaboration with EACTS,"The ESC Guidelines represent the views of the ESC and were produced after careful consideration of the scientific and medical knowledge and the evidence available at the time of their publication. The ESC is not responsible in the event of any contradiction, discrepancy and/or ambiguity between the ESC Guidelines and any other official recommendations or guidelines issued by the relevant public health authorities, in particular in relation to good use of healthcare or therapeutic strategies. Health professionals are encouraged to take the ESC Guidelines fully into account when exercising their clinical judgment, as well as in the determination and the implementation of preventive, diagnostic or therapeutic medical strategies; however, the ESC Guidelines do not override, in any way whatsoever, the individual responsibility of health professionals to make appropriate and accurate decisions in consideration of each patient's health condition and in consultation with that patient and, where appropriate and/or necessary, the patient's caregiver. Nor do the ESC Guidelines exempt health professionals from taking into full and careful consideration the relevant official updated recommendations or guidelines issued by the competent public health authorities, in order to manage each patient's case in light of the scientifically accepted data pursuant to their respective ethical and professional obligations. It is also the health professional's responsibility to verify the applicable rules and regulations relating to drugs and medical devices at the time of prescription.",2016,atrial fibrillation,cardiology,True,,,EP Europace,ep europace,False,openalex,Paulus Kirchhof; Stefano Benussi; Dipak Kotecha; Anders Ahlsson; Dan Atar; Barbara Casadei; Manuel Castellà; Hans‐Christoph Diener; Hein Heidbüchel; Jeroen Hendriks; Gerhard Hindricks; Antonis S. Manolis; Jonas Oldgren; Bogdan A. Popescu; Ulrich Schotten; Bart Van Putte; Panagiotis Vardas; Stefan Agewall; A. John Camm; Gonzalo Barón‐Esquivias; Werner Budts; Scipione Carerj; Filip Casselman; António Coca; Raffaele De Caterina; Spiridon Deftereos; Dobromir Dobrev; José M. Ferro; Gerasimos Filippatos; Donna Fitzsimons; Bülent Görenek; Maxine Guenoun; Stefan H. Hohnloser; Philippe Kolh; Gregory Y.H. Lip; Athanasios Manolis; John J.V. McMurray; Piotr Ponikowski; Raphaël Rosenhek; Frank Ruschitzka; Irina Savelieva; Sanjay Sharma; Piotr Suwalski; Juan Tamargo; Clare Taylor; Isabelle C. Van Gelder; Adriaan A. Voors; Stephan Windecker; José Luis Zamorano; Katja Zeppenfeld,https://doi.org/10.1093/europace/euw295,6475,,,,27567465,,,,,,,True,cited_by_count>=927 (top 10.0%); cited_by_count>=927 (top 10.0%),10.1093/europace/euw295,,,False,0.084791556
https://openalex.org/W3004050106,10.1093/eurheartj/ehw210,2016 ESC Guidelines for the management of atrial fibrillation developed in collaboration with EACTS,"The ESC Guidelines represent the views of the ESC and were produced after careful consideration of the scientific and medical knowledge and the evidence available at the time of their publication. The ESC is not responsible in the event of any contradiction, discrepancy and/or ambiguity between the ESC Guidelines and any other official recommendations or guidelines issued by the relevant public health authorities, in particular in relation to good use of healthcare or therapeutic strategies. Health professionals are encouraged to take the ESC Guidelines fully into account when exercising their clinical judgment, as well as in the determination and the implementation of preventive, diagnostic or therapeutic medical strategies; however, the ESC Guidelines do not override, in any way whatsoever, the individual responsibility of health professionals to make appropriate and accurate decisions in consideration of each patient's health condition and in consultation with that patient and, where appropriate and/or necessary, the patient's caregiver. Nor do the ESC Guidelines exempt health professionals from taking into full and careful consideration the relevant official updated recommendations or guidelines issued by the competent public health authorities, in order to manage each patient's case in light of the scientifically accepted data pursuant to their respective ethical and professional obligations. It is also the health professional's responsibility to verify the applicable rules and regulations relating to drugs and medical devices at the time of prescription.",2016,atrial fibrillation,cardiology,True,,,European Heart Journal,european heart journal,False,openalex,Paulus Kirchhof; Stefano Benussi; Dipak Kotecha; Anders Ahlsson; Dan Atar; Barbara Casadei; Manuel Castellà; Hans‐Christoph Diener; Hein Heidbüchel; Jeroen Hendriks; Gerhard Hindricks; Antonis S. Manolis; Jonas Oldgren; Bogdan A. Popescu; Ulrich Schotten; Bart Van Putte; Panagiotis Vardas; Stefan Agewall; A. John Camm; Gonzalo Barón‐Esquivias; Werner Budts; Scipione Carerj; Filip Casselman; António Coca; Raffaele De Caterina; Spiridon Deftereos; Dobromir Dobrev; José M. Ferro; Gerasimos Filippatos; Donna Fitzsimons; Bülent Görenek; Maxine Guenoun; Stefan H. Hohnloser; Philippe Kolh; Gregory Y.H. Lip; Athanasios Manolis; John J.V. McMurray; Piotr Ponikowski; Raphaël Rosenhek; Frank Ruschitzka; Irina Savelieva; Sanjay Sharma; Piotr Suwalski; Juan Tamargo; Clare Taylor; Isabelle C. Van Gelder; Adriaan A. Voors; Stephan Windecker; José Luis Zamorano; Katja Zeppenfeld,https://doi.org/10.1093/eurheartj/ehw210,6435,,,,27567408,,,,,,,True,cited_by_count>=927 (top 10.0%); cited_by_count>=927 (top 10.0%),10.1093/eurheartj/ehw210,,,False,0.084791556
https://openalex.org/W2900413769,10.1056/nejmoa1812389,Dapagliflozin and Cardiovascular Outcomes in Type 2 Diabetes,"BACKGROUND: The cardiovascular safety profile of dapagliflozin, a selective inhibitor of sodium-glucose cotransporter 2 that promotes glucosuria in patients with type 2 diabetes, is undefined. METHODS: of body-surface area, new end-stage renal disease, or death from renal or cardiovascular causes) and death from any cause. RESULTS: We evaluated 17,160 patients, including 10,186 without atherosclerotic cardiovascular disease, who were followed for a median of 4.2 years. In the primary safety outcome analysis, dapagliflozin met the prespecified criterion for noninferiority to placebo with respect to MACE (upper boundary of the 95% confidence interval [CI], <1.3; P<0.001 for noninferiority). In the two primary efficacy analyses, dapagliflozin did not result in a lower rate of MACE (8.8% in the dapagliflozin group and 9.4% in the placebo group; hazard ratio, 0.93; 95% CI, 0.84 to 1.03; P=0.17) but did result in a lower rate of cardiovascular death or hospitalization for heart failure (4.9% vs. 5.8%; hazard ratio, 0.83; 95% CI, 0.73 to 0.95; P=0.005), which reflected a lower rate of hospitalization for heart failure (hazard ratio, 0.73; 95% CI, 0.61 to 0.88); there was no between-group difference in cardiovascular death (hazard ratio, 0.98; 95% CI, 0.82 to 1.17). A renal event occurred in 4.3% in the dapagliflozin group and in 5.6% in the placebo group (hazard ratio, 0.76; 95% CI, 0.67 to 0.87), and death from any cause occurred in 6.2% and 6.6%, respectively (hazard ratio, 0.93; 95% CI, 0.82 to 1.04). Diabetic ketoacidosis was more common with dapagliflozin than with placebo (0.3% vs. 0.1%, P=0.02), as was the rate of genital infections that led to discontinuation of the regimen or that were considered to be serious adverse events (0.9% vs. 0.1%, P<0.001). CONCLUSIONS: In patients with type 2 diabetes who had or were at risk for atherosclerotic cardiovascular disease, treatment with dapagliflozin did not result in a higher or lower rate of MACE than placebo but did result in a lower rate of cardiovascular death or hospitalization for heart failure, a finding that reflects a lower rate of hospitalization for heart failure. (Funded by AstraZeneca; DECLARE-TIMI 58 ClinicalTrials.gov number, NCT01730534 .).",2018,cardiovascular,cardiology,True,,,New England Journal of Medicine,new england journal of medicine,False,openalex,Stephen D. Wiviott; Itamar Raz; Marc P. Bonaca; Ofri Mosenzon; Eri Kato; Avivit Cahn; Michael G. Silverman; Thomas A. Zelniker; Julia Kuder; Sabina A. Murphy; Deepak L. Bhatt; Lawrence A. Leiter; Darren K. McGuire; John Wilding; Christian T. Ruff; Ingrid Gause‐Nilsson; Martin Fredriksson; Peter A. Johansson; Anna-Maria Langkilde; Marc S. Sabatine,https://doi.org/10.1056/nejmoa1812389,6255,,,,30415602,,,,,,,True,cited_by_count>=927 (top 10.0%); cited_by_count>=927 (top 10.0%),10.1056/nejmoa1812389,,,False,0.05847457
https://openalex.org/W2900034165,10.1161/cir.0000000000000625,2018 AHA/ACC/AACVPR/AAPA/ABC/ACPM/ADA/AGS/APhA/ASPC/NLA/PCNA Guideline on the Management of Blood Cholesterol: A Report of the American College of Cardiology/American Heart Association Task Force on Clinical Practice Guidelines,"Since 1980, the American College of Cardiology (ACC) and American Heart Association (AHA) have translated scientific evidence into clinical practice guidelines with recommendations to improve cardiovascular health. These guidelines, which are based on systematic methods to evaluate and classify evidence, provide a foundation for the delivery of quality cardiovascular care. The ACC and AHA sponsor the development and publication of clinical practice guidelines without commercial support, and members volunteer their time to the writing and review efforts. Clinical practice guidelines provide recommendations applicable to patients with or at risk of developing cardiovascular disease (CVD). The focus is on medical practice in the United States, but these guidelines are relevant to patients throughout the world. Although guidelines may be used to inform regulatory or payer decisions, the intent is to improve quality of care and align with patients’ interests. Guidelines are intended to define practices meeting the needs of patients in most, but not all, circumstances, and should not replace clinical judgment. Recommendations for guideline-directed management and therapy, which encompasses clinical evaluation, diagnostic testing, and both pharmacological and procedural treatments, are effective only when followed by both practitioners and patients. Adherence to recommendations can be enhanced by shared decision-making between clinicians and patients, with patient engagement in selecting interventions on the basis of individual values, preferences, and associated conditions and comorbidities. The ACC/AHA Task Force on Clinical Practice Guidelines strives to ensure that the guideline writing committee both contains requisite expertise and is representative of the broader medical community by selecting experts from a broad array of backgrounds, representing different geographic regions, sexes, races, ethnicities, intellectual perspectives/biases, and scopes of clinical practice, and by inviting organizations and professional societies with related interests and expertise to participate as partners or collaborators. The ACC and AHA have rigorous policies and methods to ensure that documents are developed without bias or improper influence. The complete policy on relationships with industry and other entities (RWI) can be found online. Beginning in 2017, numerous modifications to the guidelines have been and continue to be implemented to make guidelines shorter and enhance “user friendliness.” Guidelines are written and presented in a modular knowledge chunk format, in which each chunk includes a table of recommendations, a brief synopsis, recommendation-specific supportive text and, when appropriate, flow diagrams or additional tables. Hyperlinked references are provided for each modular knowledge chunk to facilitate quick access and review. More structured guidelines–including word limits (“targets”) and a web guideline supplement for useful but noncritical tables and figures–are 2 such changes. This Preamble is an abbreviated version, with the detailed version available online. The reader is encouraged to consult the full-text guideline(P-1) for additional guidance and details, since the executive summary contains mainly the recommendations.",2019,cardiology,cardiology,True,,,Circulation,circulation,False,openalex,Scott M. Grundy; Neil J. Stone; Alison Bailey; Craig Beam; Kim K. Birtcher; Roger S. Blumenthal; Lynne T. Braun; Sarah D. de Ferranti; Joseph Faiella-Tommasino; Daniel E. Forman; Ronald Goldberg; Paul A. Heidenreich; Mark A. Hlatky; Daniel W. Jones; Donald M. Lloyd‐Jones; Nuria Lopez-Pajares; Chiadi E. Ndumele; Carl E. Orringer; Carmen Peralta; Joseph J. Saseen; Sidney C. Smith; Laurence Sperling; Salim S. Virani; Joseph Yeboah,https://doi.org/10.1161/cir.0000000000000625,6171,,,,30586774,,,,,,,True,cited_by_count>=927 (top 10.0%); cited_by_count>=927 (top 10.0%),10.1161/cir.0000000000000625,,,False,0.06241448
https://openalex.org/W3197233987,10.1093/eurheartj/ehab484,2021 ESC Guidelines on cardiovascular disease prevention in clinical practice,"The ESC Guidelines represent the views of the ESC and were produced after careful consideration of the scientific and medical knowledge and the evidence available at the time of their publication. The ESC is not responsible in the event of any contradiction, discrepancy and/or ambiguity between the ESC Guidelines and any other official recommendations or guidelines issued by the relevant public health authorities, in particular in relation to good use of healthcare or therapeutic strategies. Health professionals are encouraged to take the ESC Guidelines fully into account when exercising their clinical judgment, as well as in the determination and the implementation of preventive, diagnostic or therapeutic medical strategies; however, the ESC Guidelines do not override, in any way whatsoever, the individual responsibility of health professionals to make appropriate and accurate decisions in consideration of each patient's health condition and in consultation with that patient and, where appropriate and/or necessary, the patient's caregiver. Nor do the ESC Guidelines exempt health professionals from taking into full and careful consideration the relevant official updated recommendations or guidelines issued by the competent public health authorities, in order to manage each patient's case in light of the scientifically accepted data pursuant to their respective ethical and professional obligations. It is also the health professional's responsibility to verify the applicable rules and regulations relating to drugs and medical devices at the time of prescription.",2021,cardiovascular,cardiology,True,,,European Heart Journal,european heart journal,False,openalex,Frank L.J. Visseren; François Mach; Yvo M. Smulders; David Carballo; Konstantinos C. Koskinas; Maria Bäck; Athanase Bénétos; Alessandro Biffi; José-Manuel Boavida; Davide Capodanno; Bernard Cosyns; Carolyn Crawford; Constantinos H. Davos; Ileana Désormais; Emanuele Di Angelantonio; Oscar H. Franco; Sigrun Halvorsen; Richard Hobbs; Monika Hollander; Ewa A. Jankowska; Matthias Michal; Simona Sacco; Naveed Sattar; Lâle Tokgözoğlu; Serena Tonstad; Konstantinos Tsioufis; Ineke van Dis; Isabelle C. Van Gelder; Christoph Wanner; Bryan Williams; ESC Scientific Document Group; Guy De Backer; Vera Regitz‐Zagrosek; Anne Hege Aamodt; Magdy Abdelhamid; Victor Aboyans; Christian Albus; Riccardo Asteggiano; Magnus Bäck; Michael A. Borger; Carlos Brotons; Jelena Čelutkienė; Renata Cífková; Maja Čikeš; Francesco Cosentino; Nikolaos Dagres; Tine De Backer; Dirk De Bacquer; Victoria Delgado; Hester M. den Ruijter; Paul Dendale; Heinz Drexel; Volkmar Falk; Laurent Fauchier; Brian A. Ference; Jean Ferrières; Marc Ferrini; Miles Fisher; Danilo Fliser; Zlatko Fras; Dan Gaiță; Simona Giampaoli; Stephan Gielen; Ian Graham; Catriona Jennings; Torben Jørgensen; Alexandra Kautzky‐Willer; Maryam Kavousi; Wolfgang Köenig; А. О. Конради; Dipak Kotecha; Ulf Landmesser; Madalena Lettino; Basil S. Lewis; Aleš Linhart; Maja‐Lisa Løchen; Konstantinos Makrilakis; Giuseppe Mancia; Pedro Marques‐Vidal; John W. McEvoy; Paul McGreavy; Béla Merkely; Lis Neubeck; Jens Cosedis Nielsen; Joep Perk; Steffen E. Petersen; Anna Sonia Petronio; Massimo Piepoli; Nana Goar Pogosova; Eva Prescott; Kausik K. Ray; Željko Reiner; Dimitrios Richter; Lars Rydén; Е. V. Shlyakhto; Marta Sitges; Miguel Sousa‐Uva; Isabella Sudano; Monica Tiberi; Rhian M. Touyz,https://doi.org/10.1093/eurheartj/ehab484,6156,,,,34458905,,,,,,,True,cited_by_count>=927 (top 10.0%); cited_by_count>=927 (top 10.0%),10.1093/eurheartj/ehab484,,,False,0.068473406
https://openalex.org/W2596179513,10.1056/nejmoa1615664,Evolocumab and Clinical Outcomes in Patients with Cardiovascular Disease,"BACKGROUND: Evolocumab is a monoclonal antibody that inhibits proprotein convertase subtilisin-kexin type 9 (PCSK9) and lowers low-density lipoprotein (LDL) cholesterol levels by approximately 60%. Whether it prevents cardiovascular events is uncertain. METHODS: We conducted a randomized, double-blind, placebo-controlled trial involving 27,564 patients with atherosclerotic cardiovascular disease and LDL cholesterol levels of 70 mg per deciliter (1.8 mmol per liter) or higher who were receiving statin therapy. Patients were randomly assigned to receive evolocumab (either 140 mg every 2 weeks or 420 mg monthly) or matching placebo as subcutaneous injections. The primary efficacy end point was the composite of cardiovascular death, myocardial infarction, stroke, hospitalization for unstable angina, or coronary revascularization. The key secondary efficacy end point was the composite of cardiovascular death, myocardial infarction, or stroke. The median duration of follow-up was 2.2 years. RESULTS: At 48 weeks, the least-squares mean percentage reduction in LDL cholesterol levels with evolocumab, as compared with placebo, was 59%, from a median baseline value of 92 mg per deciliter (2.4 mmol per liter) to 30 mg per deciliter (0.78 mmol per liter) (P<0.001). Relative to placebo, evolocumab treatment significantly reduced the risk of the primary end point (1344 patients [9.8%] vs. 1563 patients [11.3%]; hazard ratio, 0.85; 95% confidence interval [CI], 0.79 to 0.92; P<0.001) and the key secondary end point (816 [5.9%] vs. 1013 [7.4%]; hazard ratio, 0.80; 95% CI, 0.73 to 0.88; P<0.001). The results were consistent across key subgroups, including the subgroup of patients in the lowest quartile for baseline LDL cholesterol levels (median, 74 mg per deciliter [1.9 mmol per liter]). There was no significant difference between the study groups with regard to adverse events (including new-onset diabetes and neurocognitive events), with the exception of injection-site reactions, which were more common with evolocumab (2.1% vs. 1.6%). CONCLUSIONS: In our trial, inhibition of PCSK9 with evolocumab on a background of statin therapy lowered LDL cholesterol levels to a median of 30 mg per deciliter (0.78 mmol per liter) and reduced the risk of cardiovascular events. These findings show that patients with atherosclerotic cardiovascular disease benefit from lowering of LDL cholesterol levels below current targets. (Funded by Amgen; FOURIER ClinicalTrials.gov number, NCT01764633 .).",2017,cardiovascular,cardiology,True,,,New England Journal of Medicine,new england journal of medicine,False,openalex,Marc S. Sabatine; Robert P. Giugliano; Anthony Keech; Narimon Honarpour; Stephen D. Wiviott; Sabina A. Murphy; Julia Kuder; Huei Wang; Thomas Liu; Scott M. Wasserman; Peter Sever; Terje R. Pedersen,https://doi.org/10.1056/nejmoa1615664,5907,,,,28304224,,,,,,,True,cited_by_count>=927 (top 10.0%); cited_by_count>=927 (top 10.0%),10.1056/nejmoa1615664,,,False,0.04924299
https://openalex.org/W4293860347,10.1002/ejhf.592,2016 ESC Guidelines for the Diagnosis and Treatment of Acute and Chronic Heart Failure,"he ESC Guidelines represent the views of the ESC and were produced after careful consideration of the scientific and medical knowledge and the evidence available at the time of their publication. The ESC is not responsible in the event of any contradiction, discrepancy and/or ambiguity between the ESC Guidelines and any other official recommendations or guidelines issued by the relevant public health authorities, in particular in relation to good use of healthcare or therapeutic strategies. Health professionals are encouraged to take the ESC Guidelines fully into account when exercising their clinical judgment, as well as in the determination and the implementation of preventive, diagnostic or therapeutic medical strategies; however, the ESC Guidelines do not override, in any way whatsoever, the individual responsibility of health professionals to make appropriate and&#13;\naccurate decisions in consideration of each patient’s health condition and in consultation with that patient and, where appropriate and/or necessary, the patient’s caregiver. Nor do the ESC Guidelines exempt health professionals from taking into full and careful consideration the relevant official updated recommendations or guidelines issued by the competent public health authorities, in order to manage each patient’s case in light of the scientifically accepted data pursuant to their respective ethical and professional obligations. It is also the health professional’s responsibility to verify the applicable rules and regulations relating to drugs and medical devices at the time of prescription.",2016,heart failure,cardiology,True,,,European Journal of Heart Failure,european journal of heart failure,False,openalex,Piotr Ponikowski; Adriaan A. Voors; Stefan D. Anker; Héctor Bueno; John G.F. Cleland; Andrew J.S. Coats; Volkmar Falk; José Ramón González‐Juanatey; Veli‐Pekka Harjola; Ewa A. Jankowska; Mariell Jessup; Cecilia Linde; Petros Nihoyannopoulos; John Parissis; Burkert Pieske; Jillian Riley; Giuseppe Rosano; Luís M. Ruilope; Frank Ruschitzka; Frans H. Rutten; Peter van der Meer; Authors/Task Force Members; Document Reviewers,https://doi.org/10.1002/ejhf.592,5900,,,,27207191,,,,,,,True,cited_by_count>=927 (top 10.0%); cited_by_count>=927 (top 10.0%),10.1002/ejhf.592,,,False,0.049954105
https://openalex.org/W2888543854,10.1093/eurheartj/ehy462,Fourth universal definition of myocardial infarction (2018),Contains fulltext : 202657.pdf (Publisher’s version ) (Open Access),2018,myocardial infarction,cardiology,True,,,European Heart Journal,european heart journal,False,openalex,Kristian Thygesen; Joseph S. Alpert; Allan S. Jaffe; Bernard Chaitman; Jeroen J. Bax; David A. Morrow; Harvey D. White; ESC Scientific Document Group; Kristian Thygesen; Joseph S Alpert; Allan S Jaffe; Bernard R Chaitman; Jeroen J Bax; David A Morrow; Harvey D White; Hans Mickley; Filippo Crea; Frans Van de Werf; Chiara Bucciarelli-Ducci; Hugo A Katus; Fausto J Pinto; Elliott M Antman; Christian W Hamm; Raffaele De Caterina; James L Januzzi; Fred S Apple; Maria Angeles Alonso Garcia; S Richard Underwood; John M Canty; Alexander R Lyon; P J Devereaux; Jose Luis Zamorano; Bertil Lindahl; William S Weintraub; L Kristin Newby; Renu Virmani; Pascal Vranckx; Don Cutlip; Raymond J Gibbons; Sidney C Smith; Dan Atar; Russell V Luepker; Rose Marie Robertson; Robert O Bonow; P Gabriel Steg; Patrick T O’Gara; Keith A A Fox; David Hasdai; Victor Aboyans; Stephan Achenbach; Stefan Agewall; Thomas Alexander; Alvaro Avezum; Emanuele Barbato; Jean-Pierre Bassand; Eric Bates; John A Bittl; Güenter Breithardt; Héctor Bueno; Raffaele Bugiardini; Mauricio G Cohen; George Dangas; James A de Lemos; Victoria Delgado; Gerasimos Filippatos; Edward Fry; Christopher B Granger; Sigrun Halvorsen; Mark A Hlatky; Borja Ibanez; Stefan James; Adnan Kastrati; Christophe Leclercq; Kenneth W Mahaffey; Laxmi Mehta; Christian Müller; Carlo Patrono; Massimo Francesco Piepoli; Daniel Piñeiro; Marco Roffi; Andrea Rubboli; Samin Sharma; Iain A Simpson; Michael Tendera; Marco Valgimigli; Allard C van der Wal; Stephan Windecker; Mohamed Chettibi; Hamlet Hayrapetyan; Franz Xaver Roithinger; Farid Aliyev; Volha Sujayeva; Marc J Claeys; Elnur Smajić; Petr Kala; Kasper Karmak Iversen; Ehab El Hefny; Toomas Marandi; Pekka Porela; Slobodan Antov,https://doi.org/10.1093/eurheartj/ehy462,5799,,,,30165617,,,,,,,True,cited_by_count>=927 (top 10.0%); cited_by_count>=927 (top 10.0%),10.1093/eurheartj/ehy462,,,False,0.07702714
https://openalex.org/W3081830235,10.1056/nejmoa2022190,Cardiovascular and Renal Outcomes with Empagliflozin in Heart Failure,"BACKGROUND: Sodium-glucose cotransporter 2 (SGLT2) inhibitors reduce the risk of hospitalization for heart failure in patients regardless of the presence or absence of diabetes. More evidence is needed regarding the effects of these drugs in patients across the broad spectrum of heart failure, including those with a markedly reduced ejection fraction. METHODS: In this double-blind trial, we randomly assigned 3730 patients with class II, III, or IV heart failure and an ejection fraction of 40% or less to receive empagliflozin (10 mg once daily) or placebo, in addition to recommended therapy. The primary outcome was a composite of cardiovascular death or hospitalization for worsening heart failure. RESULTS: of body-surface area per year, P<0.001), and empagliflozin-treated patients had a lower risk of serious renal outcomes. Uncomplicated genital tract infection was reported more frequently with empagliflozin. CONCLUSIONS: Among patients receiving recommended therapy for heart failure, those in the empagliflozin group had a lower risk of cardiovascular death or hospitalization for heart failure than those in the placebo group, regardless of the presence or absence of diabetes. (Funded by Boehringer Ingelheim and Eli Lilly; EMPEROR-Reduced ClinicalTrials.gov number, NCT03057977.).",2020,cardiovascular,cardiology,True,,,New England Journal of Medicine,new england journal of medicine,False,openalex,Milton Packer; Stefan D. Anker; Javed Butler; Gerasimos Filippatos; Stuart Pocock; Peter E. Carson; James L. Januzzi; Subodh Verma; Hiroyuki Tsutsui; Martina Brueckmann; Waheed Jamal; Karen Kimura; Janet Schnee; Cordula Zeller; Daniel Cotton; Edimar Alcides Bocchi; Michael Böhm; Dong‐Ju Choi; Vijay Chopra; Eduardo Chuquiure‐Valenzuela; Nadia Giannetti; Stefan Janssens; Jian Zhang; José Ramón González‐Juanatey; Sanjay Kaul; Hans‐Peter Brunner‐La Rocca; Béla Merkely; Stephen J. Nicholls; Sergio V. Perrone; Ileana L. Piña; Piotr Ponikowski; Naveed Sattar; Michele Senni; Marie‐France Seronde; Jindřich Špinar; Iain Squire; Stefano Taddei; Christoph Wanner; Faı̈ez Zannad,https://doi.org/10.1056/nejmoa2022190,4966,,,,32865377,,,,,,,True,cited_by_count>=927 (top 10.0%); cited_by_count>=927 (top 10.0%),10.1056/nejmoa2022190,,,False,-0.0782387
https://openalex.org/W2953804067,10.1016/j.atherosclerosis.2019.08.014,2019 ESC/EAS guidelines for the management of dyslipidaemias: Lipid modification to reduce cardiovascular risk,Correction: Volume: 292 Pages: 160-162 DOI: 10.1016/j.atherosclerosis.2019.11.020 Published: JAN 2020,2019,cardiovascular,cardiology,True,,,Atherosclerosis,atherosclerosis,False,openalex,François Mach; Colin Baigent; Alberico L. Catapano; Konstantinos C. Koskinas; Manuela Casula; Lina Badimón; M. John Chapman; Guy De Backer; Victoria Delgado; Brian A. Ference; Ian Graham; Alison Halliday; Ulf Landmesser; Borislava Mihaylova; Terje R. Pedersen; Gabriele Riccardi; Dimitrios J. Richter; Marc S. Sabatine; Marja‐Riitta Taskinen; Lale Tokgozoglu; Olov Wiklund; Stephan Windecker; Victor Aboyans; Colin Baigent; Jean-Philippe Collet; Verónica Dean; Victoria Delgado; Donna Fitzsimons; Chris P Gale; Diederick E. Grobbee; Sigrun Halvorsen; Gerhard Hindricks; Bernard Iung; Peter Jüni; Hugo A. Katus; Ulf Landmesser; Christophe Leclercq; Maddalena Lettino; Basil S. Lewis; Bela Merkely; Christian Mueller; Steffen E. Petersen; Anna Sonia Petronio; Dimitrios J. Richter; Marco Roffi; Е. V. Shlyakhto; Iain A. Simpson; Miguel Sousa‐Uva; Rhian M. Touyz; Djamaleddine Nibouche; Parounak Zelveian; Peter Siostrzonek; Ruslan Najafov; Philippe van de Borne; Belma Pojskić; Arman Postadzhiyan; Lambros Kypris; Jindřich Špinar; Mogens Lytken Larsen; Hesham Salah Eldin; Margus Viigimaa; Timo Strandberg; Jean Ferrières; Rusudan Agladze; Ulrich Laufs; Loukianos Rallidis; László Bajnok; Thorbjörn Gudjónsson; Vincent Maher; Yaakov Henkin; Michele Massimo Gulizia; A Mussagaliyeva; Gani Bajraktari; Alina Kerimkulova; Gustavs Latkovskis; Omar Hamoui; Rimvydas Šlapikas; Laurent Visser; Philip Dingli; Victoria Ivanov; Aneta Bošković; M Nazzi; Frank L.J. Visseren; Irena Mitevska; Kjetil Retterstøl; Piotr Jankowski; Ricardo Fontes‐Carvalho; Dan Gaiță; М. В. Ежов; Marina Foscoli; Vojislav Giga; Daniel Pella; Zlatko Fras; Leopoldo Pérez de Isla; Emil Hagström; Roger Lehmann; Leïla Abid; Öner Özdoğan; Olena Mitchenko; Riyaz Patel,https://doi.org/10.1016/j.atherosclerosis.2019.08.014,4854,,,,31591002,,,,,,,True,cited_by_count>=927 (top 10.0%); cited_by_count>=927 (top 10.0%),10.1016/j.atherosclerosis.2019.08.014,,,False,0.054223813
https://openalex.org/W2150959326,10.1093/eurheartj/ehz486,"2019 ESC Guidelines on diabetes, pre-diabetes, and cardiovascular diseases developed in collaboration with the EASD","The Guidelines represent the views of the ESC and were produced after careful consideration of the scientific and medical knowledge, and the evidence available at the time of their publication. The ESC and EASD are not responsible in the event of any contradiction, discrepancy, and/or ambiguity between the Guidelines and any other official recommendations or guidelines issued by the relevant public health authorities, in particular in relation to good use of healthcare or therapeutic strategies. Health professionals are encouraged to take the Guidelines fully into account when exercising their clinical judgment, as well as in the determination and the implementation of preventive, diagnostic, or therapeutic medical strategies; however, the Guidelines do not override, in any way whatsoever, the individual responsibility of health professionals to make appropriate and accurate decisions in consideration of each patient's health condition and in consultation with that patient and, where appropriate and/or necessary, the patient's caregiver. Nor do the Guidelines exempt health professionals from taking into full and careful consideration the relevant official updated recommendations or guidelines issued by the competent public health authorities, in order to manage each patient's case in light of the scientifically accepted data pursuant to their respective ethical and professional obligations. It is also the health professional's responsibility to verify the applicable rules and regulations relating to drugs and medical devices at the time of prescription.",2019,cardiovascular,cardiology,True,,,European Heart Journal,european heart journal,False,openalex,Francesco Cosentino; Peter J Grant; Victor Aboyans; Clifford J Bailey; Antonio Ceriello; Victoria Delgado; Massimo Federici; Gerasimos Filippatos; Diederick E Grobbee; Tina Birgitte Hansen; Heikki Huikuri; Isabelle Johansson; Peter Jüni; Maddalena Lettino; Nikolaus Marx; Linda Mellbin; Carl Johan Östgren; Bianca Rocca; Marco Roffi; Naveed Sattar; Petar Seferovic; Miguel Sousa-Uva; Paul Valensi; David C Wheeler; ESC Scientific Document Group; Massimo Piepoli; Kåre I. Birkeland; Stamatis Adamopoulos; Ramzi Ajjan; Angelo Avogaro; Colin Baigent; Marianne Brodmann; Héctor Bueno; Claudio Ceconi; Ovidiu Chioncel; Andrew J.S. Coats; Jean-Philippe Collet; Peter W. Collins; Bernard Cosyns; Carlo Di Mario; Miles Fisher; Donna Fitzsimons; Sigrun Halvorsen; Dominique Hansen; Arno W. Hoes; Richard I. G. Holt; Philip Home; Hugo A Katus; Kamlesh Khunti; Michel Komajda; Ekaterini Lambrinou; Ulf Landmesser; Basil S Lewis; Cecilia Linde; Roberto Lorusso; François Mach; Christian Mueller; Franz-Josef Neumann; Frederik Persson; Steffen E Petersen; Anna Sonia Petronio; Dimitrios J Richter; Giuseppe M.C. Rosano; Peter Rossing; Lars Rydén; Е. V. Shlyakhto; Iain A Simpson; Rhian M. Touyz; William Wijns; Matthias Wilhelm; Bryan Williams; Victor Aboyans; Clifford J Bailey; Antonio Ceriello; Victoria Delgado; Massimo Federici; Gerasimos Filippatos; Diederick E Grobbee; Tina Birgitte Hansen; Heikki Huikuri; Isabelle Johansson; Peter Jüni; Maddalena Lettino; Nikolaus Marx; Linda Mellbin; Carl Johan Östgren; Bianca Rocca; Marco Roffi; Naveed Sattar; Petar Seferovic; Miguel Sousa-Uva; Paul Valensi; David C Wheeler; Stephan Windecker; Victor Aboyans; Colin Baigent; Jean-Philippe Collet; Verónica Dean; Victoria Delgado; Donna Fitzsimons,https://doi.org/10.1093/eurheartj/ehz486,4848,,,,31497854,,,,,,,True,cited_by_count>=927 (top 10.0%); cited_by_count>=927 (top 10.0%),10.1093/eurheartj/ehz486,,,False,0.10252247
https://openalex.org/W3193297191,10.1056/nejmoa2107038,Empagliflozin in Heart Failure with a Preserved Ejection Fraction,"BACKGROUND: Sodium-glucose cotransporter 2 inhibitors reduce the risk of hospitalization for heart failure in patients with heart failure and a reduced ejection fraction, but their effects in patients with heart failure and a preserved ejection fraction are uncertain. METHODS: In this double-blind trial, we randomly assigned 5988 patients with class II-IV heart failure and an ejection fraction of more than 40% to receive empagliflozin (10 mg once daily) or placebo, in addition to usual therapy. The primary outcome was a composite of cardiovascular death or hospitalization for heart failure. RESULTS: Over a median of 26.2 months, a primary outcome event occurred in 415 of 2997 patients (13.8%) in the empagliflozin group and in 511 of 2991 patients (17.1%) in the placebo group (hazard ratio, 0.79; 95% confidence interval [CI], 0.69 to 0.90; P<0.001). This effect was mainly related to a lower risk of hospitalization for heart failure in the empagliflozin group. The effects of empagliflozin appeared consistent in patients with or without diabetes. The total number of hospitalizations for heart failure was lower in the empagliflozin group than in the placebo group (407 with empagliflozin and 541 with placebo; hazard ratio, 0.73; 95% CI, 0.61 to 0.88; P<0.001). Uncomplicated genital and urinary tract infections and hypotension were reported more frequently with empagliflozin. CONCLUSIONS: Empagliflozin reduced the combined risk of cardiovascular death or hospitalization for heart failure in patients with heart failure and a preserved ejection fraction, regardless of the presence or absence of diabetes. (Funded by Boehringer Ingelheim and Eli Lilly; EMPEROR-Preserved ClinicalTrials.gov number, NCT03057951).",2021,heart failure,cardiology,True,,,New England Journal of Medicine,new england journal of medicine,False,openalex,Stefan D. Anker; Javed Butler; Gerasimos Filippatos; João Pedro Ferreira; Edimar Alcides Bocchi; Michael Böhm; Hans‐Peter Brunner‐La Rocca; Dong‐Ju Choi; Vijay Chopra; Eduardo Chuquiure‐Valenzuela; Nadia Giannetti; Juan Esteban Gómez‐Mesa; Stefan Janssens; James L. Januzzi; José Ramón González‐Juanatey; Béla Merkely; Stephen J. Nicholls; Sergio V. Perrone; Ileana L. Piña; Piotr Ponikowski; Michele Senni; David Sim; Jindřich Špinar; Iain Squire; Stefano Taddei; Hiroyuki Tsutsui; Subodh Verma; Dragoş Vinereanu; Jian Zhang; Peter E. Carson; Carolyn S.P. Lam; Nikolaus Marx; Cordula Zeller; Naveed Sattar; Waheed Jamal; Sven Schnaidt; Janet Schnee; Martina Brueckmann; Stuart Pocock; Faı̈ez Zannad; Milton Packer,https://doi.org/10.1056/nejmoa2107038,4523,,,,34449189,,,,,,,True,cited_by_count>=927 (top 10.0%); cited_by_count>=927 (top 10.0%),10.1056/nejmoa2107038,,,False,-0.017098328
https://openalex.org/W2921012991,10.1161/cir.0000000000000677,2019 ACC/AHA Guideline on the Primary Prevention of Cardiovascular Disease: Executive Summary: A Report of the American College of Cardiology/American Heart Association Task Force on Clinical Practice Guidelines,"1. The most important way to prevent atherosclerotic vascular disease, heart failure, and atrial fibrillation is to promote a healthy lifestyle throughout life. 2. A team-based care approach is an effective strategy for the prevention of cardiovascular disease. Clinicians should evaluate the social determinants of health that affect individuals to inform treatment decisions. 3. Adults who are 40 to 75 years of age and are being evaluated for cardiovascular disease prevention should undergo 10-year atherosclerotic cardiovascular disease (ASCVD) risk estimation and have a clinician–patient risk discussion before starting on pharmacological therapy, such as antihypertensive therapy, a statin, or aspirin. The presence or absence of additional risk-enhancing factors can help guide decisions about preventive interventions in select individuals, as can coronary artery calcium scanning. 4. All adults should consume a healthy diet that emphasizes the intake of vegetables, fruits, nuts, whole grains, lean vegetable or animal protein, and fish and minimizes the intake of trans fats, processed meats, refined carbohydrates, and sweetened beverages. For adults with overweight and obesity, counseling and caloric restriction are recommended for achieving and maintaining weight loss. 5. Adults should engage in at least 150 minutes per week of accumulated moderate-intensity physical activity or 75 minutes per week of vigorous-intensity physical activity. 6. For adults with type 2 diabetes mellitus, lifestyle changes, such as improving dietary habits and achieving exercise recommendations are crucial. If medication is indicated, metformin is first-line therapy, followed by consideration of a sodium-glucose cotransporter 2 inhibitor or a glucagon-like peptide-1 receptor agonist. 7. All adults should be assessed at every healthcare visit for tobacco use, and those who use tobacco should be assisted and strongly advised to quit. 8. Aspirin should be used infrequently in the routine primary prevention of ASCVD because of lack of net benefit. 9. Statin therapy is first-line treatment for primary prevention of ASCVD in patients with elevated low-density lipoprotein cholesterol levels (≥190 mg/dL), those with diabetes mellitus, who are 40 to 75 years of age, and those determined to be at sufficient ASCVD risk after a clinician–patient risk discussion. 10. Nonpharmacological interventions are recommended for all adults with elevated blood pressure or hypertension. For those requiring pharmacological therapy, the target blood pressure should generally be &lt;130/80 mm Hg.",2019,cardiology,cardiology,True,,,Circulation,circulation,False,openalex,Donna K. Arnett; Roger S. Blumenthal; Michelle A. Albert; Andrew B. Buroker; Zachary D. Goldberger; Ellen J. Hahn; Cheryl Dennison Himmelfarb; Amit Khera; Donald M. Lloyd‐Jones; John W. McEvoy; Erin D. Michos; Michael D. Miedema; Daniel Muñoz; Sidney C. Smith; Salim S. Virani; Kim A. Williams; Joseph Yeboah; Boback Ziaeian,https://www.ncbi.nlm.nih.gov/pmc/articles/8344373,4518,,,,30879339,,,,,,,True,cited_by_count>=927 (top 10.0%); cited_by_count>=927 (top 10.0%),10.1161/cir.0000000000000677,,,False,0.09736991
https://openalex.org/W4210347219,10.1161/cir.0000000000000678,2019 ACC/AHA Guideline on the Primary Prevention of Cardiovascular Disease: A Report of the American College of Cardiology/American Heart Association Task Force on Clinical Practice Guidelines,"Author(s): Arnett, Donna K; Blumenthal, Roger S; Albert, Michelle A; Buroker, Andrew B; Goldberger, Zachary D; Hahn, Ellen J; Himmelfarb, Cheryl Dennison; Khera, Amit; Lloyd-Jones, Donald; McEvoy, J William; Michos, Erin D; Miedema, Michael D; Muñoz, Daniel; Smith, Sidney C; Virani, Salim S; Williams, Kim A; Yeboah, Joseph; Ziaeian, Boback",2019,cardiology,cardiology,True,,,Circulation,circulation,False,openalex,Donna K. Arnett; Roger S. Blumenthal; Michelle A. Albert; Andrew B. Buroker; Zachary D. Goldberger; Ellen J. Hahn; Cheryl Dennison Himmelfarb; Amit Khera; Donald M. Lloyd‐Jones; John W. McEvoy; Erin D. Michos; Michael D. Miedema; Daniel Muñoz; Sidney C. Smith; Salim S. Virani; Kim A. Williams; Joseph Yeboah; Boback Ziaeian,https://www.ncbi.nlm.nih.gov/pmc/articles/7734661,4494,,,,30879355,,,,,,,True,cited_by_count>=927 (top 10.0%); cited_by_count>=927 (top 10.0%),10.1161/cir.0000000000000678,,,False,0.089497074
https://openalex.org/W3013231340,10.1001/jamacardio.2020.1017,Cardiovascular Implications of Fatal Outcomes of Patients With Coronavirus Disease 2019 (COVID-19),"Importance: Increasing numbers of confirmed cases and mortality rates of coronavirus disease 2019 (COVID-19) are occurring in several countries and continents. Information regarding the impact of cardiovascular complication on fatal outcome is scarce. Objective: To evaluate the association of underlying cardiovascular disease (CVD) and myocardial injury with fatal outcomes in patients with COVID-19. Design, Setting, and Participants: This retrospective single-center case series analyzed patients with COVID-19 at the Seventh Hospital of Wuhan City, China, from January 23, 2020, to February 23, 2020. Analysis began February 25, 2020. Main Outcomes and Measures: Demographic data, laboratory findings, comorbidities, and treatments were collected and analyzed in patients with and without elevation of troponin T (TnT) levels. Results: Among 187 patients with confirmed COVID-19, 144 patients (77%) were discharged and 43 patients (23%) died. The mean (SD) age was 58.50 (14.66) years. Overall, 66 (35.3%) had underlying CVD including hypertension, coronary heart disease, and cardiomyopathy, and 52 (27.8%) exhibited myocardial injury as indicated by elevated TnT levels. The mortality during hospitalization was 7.62% (8 of 105) for patients without underlying CVD and normal TnT levels, 13.33% (4 of 30) for those with underlying CVD and normal TnT levels, 37.50% (6 of 16) for those without underlying CVD but elevated TnT levels, and 69.44% (25 of 36) for those with underlying CVD and elevated TnTs. Patients with underlying CVD were more likely to exhibit elevation of TnT levels compared with the patients without CVD (36 [54.5%] vs 16 [13.2%]). Plasma TnT levels demonstrated a high and significantly positive linear correlation with plasma high-sensitivity C-reactive protein levels (β = 0.530, P < .001) and N-terminal pro-brain natriuretic peptide (NT-proBNP) levels (β = 0.613, P < .001). Plasma TnT and NT-proBNP levels during hospitalization (median [interquartile range (IQR)], 0.307 [0.094-0.600]; 1902.00 [728.35-8100.00]) and impending death (median [IQR], 0.141 [0.058-0.860]; 5375 [1179.50-25695.25]) increased significantly compared with admission values (median [IQR], 0.0355 [0.015-0.102]; 796.90 [401.93-1742.25]) in patients who died (P = .001; P < .001), while no significant dynamic changes of TnT (median [IQR], 0.010 [0.007-0.019]; 0.013 [0.007-0.022]; 0.011 [0.007-0.016]) and NT-proBNP (median [IQR], 352.20 [174.70-636.70]; 433.80 [155.80-1272.60]; 145.40 [63.4-526.50]) was observed in survivors (P = .96; P = .16). During hospitalization, patients with elevated TnT levels had more frequent malignant arrhythmias, and the use of glucocorticoid therapy (37 [71.2%] vs 69 [51.1%]) and mechanical ventilation (31 [59.6%] vs 14 [10.4%]) were higher compared with patients with normal TnT levels. The mortality rates of patients with and without use of angiotensin-converting enzyme inhibitors/angiotensin receptor blockers was 36.8% (7 of 19) and 21.4% (36 of 168) (P = .13). Conclusions and Relevance: Myocardial injury is significantly associated with fatal outcome of COVID-19, while the prognosis of patients with underlying CVD but without myocardial injury is relatively favorable. Myocardial injury is associated with cardiac dysfunction and arrhythmias. Inflammation may be a potential mechanism for myocardial injury. Aggressive treatment may be considered for patients at high risk of myocardial injury.",2020,cardiovascular,cardiology,True,,,JAMA Cardiology,jama cardiology,False,openalex,Tao Guo; Yongzhen Fan; Ming Chen; Xiaoyan Wu; Lin Zhang; Tao He; Hairong Wang; Jing Wan; Xinghuan Wang; Zhibing Lu,https://doi.org/10.1001/jamacardio.2020.1017,4321,,,,32219356,,,,,,,True,cited_by_count>=927 (top 10.0%); cited_by_count>=927 (top 10.0%),10.1001/jamacardio.2020.1017,,,False,0.028238356
https://openalex.org/W4239096779,10.1161/hyp.0000000000000066,"2017 ACC/AHA/AAPA/ABC/ACPM/AGS/APhA/ASH/ASPC/NMA/PCNA Guideline for the Prevention, Detection, Evaluation, and Management of High Blood Pressure in Adults: Executive Summary: A Report of the American College of Cardiology/American Heart Association Task Force on Clinical Practice Guidelines",,2017,cardiology,cardiology,False,,,Hypertension,hypertension,False,openalex,Paul K. Whelton; Robert M. Carey; Wilbert S. Aronow; Donald E. Casey; Karen J. Collins; Cheryl Dennison Himmelfarb; Sondra M. DePalma; Samuel S. Gidding; Kenneth Jamerson; Daniel W. Jones; Eric J. MacLaughlin; Paul Muntner; Bruce Ovbiagele; Sidney C. Smith; Crystal C. Spencer; Randall S. Stafford; Sandra J. Taler; Randal J. Thomas; Kim A. Williams; Jeff D. Williamson; Jackson T. Wright,,4264,,,,29133354,,,,,,,True,cited_by_count>=927 (top 10.0%); cited_by_count>=927 (top 10.0%),10.1161/hyp.0000000000000066,,,False,0.084959745
https://openalex.org/W4230914943,10.1016/j.jacc.2018.08.1038,Fourth Universal Definition of Myocardial Infarction (2018),,2018,myocardial infarction,cardiology,False,,,Journal of the American College of Cardiology,journal of the american college of cardiology,False,openalex,Kristian Thygesen; Joseph S. Alpert; Allan S. Jaffe; Bernard Chaitman; Jeroen J. Bax; David A. Morrow; Harvey D. White,,4006,,,,30153967,,,,,,,True,cited_by_count>=927 (top 10.0%); cited_by_count>=927 (top 10.0%),10.1016/j.jacc.2018.08.1038,,,False,0.00022832304
https://openalex.org/W2614578122,10.1016/j.jacc.2017.04.052,"Global, Regional, and National Burden of Cardiovascular Diseases for 10 Causes, 1990 to 2015","BACKGROUND: The burden of cardiovascular diseases (CVDs) remains unclear in many regions of the world. OBJECTIVES: The GBD (Global Burden of Disease) 2015 study integrated data on disease incidence, prevalence, and mortality to produce consistent, up-to-date estimates for cardiovascular burden. METHODS: CVD mortality was estimated from vital registration and verbal autopsy data. CVD prevalence was estimated using modeling software and data from health surveys, prospective cohorts, health system administrative data, and registries. Years lived with disability (YLD) were estimated by multiplying prevalence by disability weights. Years of life lost (YLL) were estimated by multiplying age-specific CVD deaths by a reference life expectancy. A sociodemographic index (SDI) was created for each location based on income per capita, educational attainment, and fertility. RESULTS: In 2015, there were an estimated 422.7 million cases of CVD (95% uncertainty interval: 415.53 to 427.87 million cases) and 17.92 million CVD deaths (95% uncertainty interval: 17.59 to 18.28 million CVD deaths). Declines in the age-standardized CVD death rate occurred between 1990 and 2015 in all high-income and some middle-income countries. Ischemic heart disease was the leading cause of CVD health lost globally, as well as in each world region, followed by stroke. As SDI increased beyond 0.25, the highest CVD mortality shifted from women to men. CVD mortality decreased sharply for both sexes in countries with an SDI >0.75. CONCLUSIONS: CVDs remain a major cause of health loss for all regions of the world. Sociodemographic change over the past 25 years has been associated with dramatic declines in CVD in regions with very high SDI, but only a gradual decrease or no change in most regions. Future updates of the GBD study can be used to guide policymakers who are focused on reducing the overall burden of noncommunicable disease and achieving specific global health targets for CVD.",2017,cardiovascular,cardiology,True,,,Journal of the American College of Cardiology,journal of the american college of cardiology,False,openalex,Gregory A. Roth; Catherine O. Johnson; Amanuel Alemu Abajobir; Foad Abd-Allah; Semaw Ferede Abera; Gebre Yitayih Abyu; Muktar Beshir Ahmed; Baran Aksut; Shazia Alam; Khurshid Alam; François Alla; Nelson Alvis‐Guzmán; Stephen M. Amrock; Hossein Ansari; Johan Ärnlöv; Hamid Asayesh; Tesfay Mehari Atey; Leticia Ávila‐Burgos; Ashish Awasthi; Amitava Banerjee; Aleksandra Barać; Till Bärnighausen; Lars Barregård; Neeraj Bedi; Ezra B. Ketema; Derrick Bennett; Gebremedhin Berhe; Zulfiqar A Bhutta; Shimelash Bitew Workie; Jonathan R. Carapetis; Juan Jesús Carrero; Déborah Carvalho Malta; Carlos A Castañeda-Orjuela; Jacqueline Castillo-Rivas; Ferrán Catalá-López; Jee-Young Choi; Hanne Christensen; Massimo Círillo; Leslie T. Cooper; Michael H Criqui; David K Cundiff; Albertino Damasceno; Lalit Dandona; Rakhi Dandona; Kairat Davletov; Samath Dhamminda Dharmaratne; Prabhakaran Dorairaj; Manisha Dubey; Rebecca Ehrenkranz; Maysaa El Sayed Zaki; Emerito Jose A Faraon; Alireza Esteghamati; Talha Farid; Maryam S. Farvid; Valery L. Feigin; Eric L. Ding; Gerry Fowkes; Tsegaye Gebrehiwot; Richard F Gillum; Audra L Gold; Philimon Gona; Rajeev Gupta; Tesfa Dejenie Habtewold; Nima Hafezi‐Nejad; Tesfayé Hailu; Gessessew Bugssa Hailu; Graeme J. Hankey; Hamid Yimam Hassen; Kalkidan Hassen Abate; Rasmus Havmoeller; Simon I Hay; Masako Horino; Peter J. Hotez; Kathryn H. Jacobsen; Spencer L James; Mehdi Javanbakht; Panniyammakal Jeemon; Denny John; Jost B. Jonas; Yogeshwar Kalkonde; Chanté Karimkhani; Amir Kasaeian; Yousef Khader; Abdur Rahman Khan; Young‐Ho Khang; Sahil Khera; Abdullah T Khoja; Jagdish Khubchandani; Daniel Kim; Dhaval Kolte; Soewarta Kosen; Kristopher J Krohn; G Anil Kumar; Gene F. Kwan; Dharmesh Kumar Lal; Anders Larsson; Shai Linn; Alan D Lopez; Paulo A. Lotufo; Hassan Magdy Abd El Razek,https://doi.org/10.1016/j.jacc.2017.04.052,3859,,,,28527533,,,,,,,True,cited_by_count>=927 (top 10.0%); cited_by_count>=927 (top 10.0%),10.1016/j.jacc.2017.04.052,,,False,0.07847204
https://openalex.org/W2609543937,10.1093/eurheartj/ehx144,"Low-density lipoproteins cause atherosclerotic cardiovascular disease. 1. Evidence from genetic, epidemiologic, and clinical studies. A consensus statement from the European Atherosclerosis Society Consensus Panel","AIMS: To appraise the clinical and genetic evidence that low-density lipoproteins (LDLs) cause atherosclerotic cardiovascular disease (ASCVD). METHODS AND RESULTS: We assessed whether the association between LDL and ASCVD fulfils the criteria for causality by evaluating the totality of evidence from genetic studies, prospective epidemiologic cohort studies, Mendelian randomization studies, and randomized trials of LDL-lowering therapies. In clinical studies, plasma LDL burden is usually estimated by determination of plasma LDL cholesterol level (LDL-C). Rare genetic mutations that cause reduced LDL receptor function lead to markedly higher LDL-C and a dose-dependent increase in the risk of ASCVD, whereas rare variants leading to lower LDL-C are associated with a correspondingly lower risk of ASCVD. Separate meta-analyses of over 200 prospective cohort studies, Mendelian randomization studies, and randomized trials including more than 2 million participants with over 20 million person-years of follow-up and over 150 000 cardiovascular events demonstrate a remarkably consistent dose-dependent log-linear association between the absolute magnitude of exposure of the vasculature to LDL-C and the risk of ASCVD; and this effect appears to increase with increasing duration of exposure to LDL-C. Both the naturally randomized genetic studies and the randomized intervention trials consistently demonstrate that any mechanism of lowering plasma LDL particle concentration should reduce the risk of ASCVD events proportional to the absolute reduction in LDL-C and the cumulative duration of exposure to lower LDL-C, provided that the achieved reduction in LDL-C is concordant with the reduction in LDL particle number and that there are no competing deleterious off-target effects. CONCLUSION: Consistent evidence from numerous and multiple different types of clinical and genetic studies unequivocally establishes that LDL causes ASCVD.",2017,cardiovascular,cardiology,True,,,European Heart Journal,european heart journal,False,openalex,Brian A. Ference; Henry N. Ginsberg; Ian Graham; Kausik K. Ray; Chris J. Packard; Éric Bruckert; Robert A. Hegele; Ronald M. Krauss; Frederick J. Raal; Heribert Schunkert; Gerald F. Watts; Jan Borén; Sergio Fazio; Jay D. Horton; L. Masana; Stephen J. Nicholls; Børge G. Nordestgaard; Bart van de Sluis; Marja‐Riitta Taskinen; Lâle Tokgözoğlu; Ulf Landmesser; Ulrich Laufs; Olov Wiklund; Jane K. Stock; M. John Chapman; Alberico L. Catapano,https://doi.org/10.1093/eurheartj/ehx144,3784,,,,28444290,,,,,,,True,cited_by_count>=927 (top 10.0%); cited_by_count>=927 (top 10.0%),10.1093/eurheartj/ehx144,,,False,0.08087745
https://openalex.org/W2198866495,10.1016/s0140-6736(15)01225-8,Blood pressure lowering for prevention of cardiovascular disease and death: a systematic review and meta-analysis,,2015,cardiovascular,cardiology,False,,,The Lancet,the lancet,False,openalex,Dena Ettehad; Connor A. Emdin; Amit Kiran; Simon Anderson; Thomas Callender; Jonathan Emberson; John Chalmers; Anthony Rodgers; Kazem Rahimi,,3643,,,,26724178,,,,,,,True,cited_by_count>=927 (top 10.0%); cited_by_count>=927 (top 10.0%),10.1016/s0140-6736(15)01225-8,,,False,0.08328955
https://openalex.org/W3112785303,10.1161/cir.0000000000000923,2020 ACC/AHA Guideline for the Management of Patients With Valvular Heart Disease: A Report of the American College of Cardiology/American Heart Association Joint Committee on Clinical Practice Guidelines,,2020,cardiology,cardiology,True,,,Circulation,circulation,False,openalex,Catherine M Otto; Rick A. Nishimura; Robert O. Bonow; Blasé A. Carabello; John P. Erwin; Federico Gentile; Hani Jneid; Eric V. Krieger; Michael J. Mack; Christopher McLeod; Patrick T. O’Gara; Vera H. Rigolin; Thoralf M. Sundt; Annemarie Thompson; Christopher Toly,https://doi.org/10.1161/cir.0000000000000923,3599,,,,33332150,,,,,,,True,cited_by_count>=927 (top 10.0%); cited_by_count>=927 (top 10.0%),10.1161/cir.0000000000000923,,,False,0.07104176
https://openalex.org/W4238277289,10.1161/cir.0000000000000617,Fourth Universal Definition of Myocardial Infarction (2018),12 month embargo; published online: 24 August 2018,2018,myocardial infarction,cardiology,True,,,Circulation,circulation,False,openalex,Kristian Thygesen; Joseph S. Alpert; Allan S. Jaffe; Bernard Chaitman; Jeroen J. Bax; David A. Morrow; Harvey D. White,https://doi.org/10.1161/cir.0000000000000617,3582,,,,,,,,,,,True,cited_by_count>=927 (top 10.0%); cited_by_count>=927 (top 10.0%),10.1161/cir.0000000000000617,,,False,-0.025511295
https://openalex.org/W2899997727,10.1056/nejmoa1801174,Alirocumab and Cardiovascular Outcomes after Acute Coronary Syndrome,"BACKGROUND: Patients who have had an acute coronary syndrome are at high risk for recurrent ischemic cardiovascular events. We sought to determine whether alirocumab, a human monoclonal antibody to proprotein convertase subtilisin-kexin type 9 (PCSK9), would improve cardiovascular outcomes after an acute coronary syndrome in patients receiving high-intensity statin therapy. METHODS: We conducted a multicenter, randomized, double-blind, placebo-controlled trial involving 18,924 patients who had an acute coronary syndrome 1 to 12 months earlier, had a low-density lipoprotein (LDL) cholesterol level of at least 70 mg per deciliter (1.8 mmol per liter), a non-high-density lipoprotein cholesterol level of at least 100 mg per deciliter (2.6 mmol per liter), or an apolipoprotein B level of at least 80 mg per deciliter, and were receiving statin therapy at a high-intensity dose or at the maximum tolerated dose. Patients were randomly assigned to receive alirocumab subcutaneously at a dose of 75 mg (9462 patients) or matching placebo (9462 patients) every 2 weeks. The dose of alirocumab was adjusted under blinded conditions to target an LDL cholesterol level of 25 to 50 mg per deciliter (0.6 to 1.3 mmol per liter). The primary end point was a composite of death from coronary heart disease, nonfatal myocardial infarction, fatal or nonfatal ischemic stroke, or unstable angina requiring hospitalization. RESULTS: The median duration of follow-up was 2.8 years. A composite primary end-point event occurred in 903 patients (9.5%) in the alirocumab group and in 1052 patients (11.1%) in the placebo group (hazard ratio, 0.85; 95% confidence interval [CI], 0.78 to 0.93; P<0.001). A total of 334 patients (3.5%) in the alirocumab group and 392 patients (4.1%) in the placebo group died (hazard ratio, 0.85; 95% CI, 0.73 to 0.98). The absolute benefit of alirocumab with respect to the composite primary end point was greater among patients who had a baseline LDL cholesterol level of 100 mg or more per deciliter than among patients who had a lower baseline level. The incidence of adverse events was similar in the two groups, with the exception of local injection-site reactions (3.8% in the alirocumab group vs. 2.1% in the placebo group). CONCLUSIONS: Among patients who had a previous acute coronary syndrome and who were receiving high-intensity statin therapy, the risk of recurrent ischemic cardiovascular events was lower among those who received alirocumab than among those who received placebo. (Funded by Sanofi and Regeneron Pharmaceuticals; ODYSSEY OUTCOMES ClinicalTrials.gov number, NCT01663402 .).",2018,cardiovascular,cardiology,True,,,New England Journal of Medicine,new england journal of medicine,False,openalex,Gregory G. Schwartz; Philippe Gabríel Steg; Michael Szarek; Deepak L. Bhatt; Vera Bittner; Rafael Díaz; Jay M. Edelberg; Shaun G. Goodman; Corinne Hanotin; Robert A. Harrington; J. Wouter Jukema; Guillaume Lecorps; Kenneth W. Mahaffey; Angèle Moryusef; Robert Pordy; Kirby Quintero; Matthew T. Roe; William J. Sasiela; Jean‐François Tamby; Pierluigi Tricoci; Harvey D. White; Andreas M. Zeiher,https://doi.org/10.1056/nejmoa1801174,3465,,,,30403574,,,,,,,True,cited_by_count>=927 (top 10.0%); cited_by_count>=927 (top 10.0%),10.1056/nejmoa1801174,,,False,0.057919614
https://openalex.org/W2885738092,10.1038/s41569-018-0064-2,"Inflammageing: chronic inflammation in ageing, cardiovascular disease, and frailty",,2018,cardiovascular,cardiology,True,,,Nature Reviews Cardiology,nature reviews cardiology,False,openalex,Luigi Ferrucci; Elisa Fabbri,https://www.ncbi.nlm.nih.gov/pmc/articles/6146930,3441,,,,30065258,,,,,,,True,cited_by_count>=927 (top 10.0%); cited_by_count>=927 (top 10.0%),10.1038/s41569-018-0064-2,,,False,0.035461314
https://openalex.org/W3152705473,10.1161/cir.0000000000000973,Obesity and Cardiovascular Disease: A Scientific Statement From the American Heart Association,"The global obesity epidemic is well established, with increases in obesity prevalence for most countries since the 1980s. Obesity contributes directly to incident cardiovascular risk factors, including dyslipidemia, type 2 diabetes, hypertension, and sleep disorders. Obesity also leads to the development of cardiovascular disease and cardiovascular disease mortality independently of other cardiovascular risk factors. More recent data highlight abdominal obesity, as determined by waist circumference, as a cardiovascular disease risk marker that is independent of body mass index. There have also been significant advances in imaging modalities for characterizing body composition, including visceral adiposity. Studies that quantify fat depots, including ectopic fat, support excess visceral adiposity as an independent indicator of poor cardiovascular outcomes. Lifestyle modification and subsequent weight loss improve both metabolic syndrome and associated systemic inflammation and endothelial dysfunction. However, clinical trials of medical weight loss have not demonstrated a reduction in coronary artery disease rates. In contrast, prospective studies comparing patients undergoing bariatric surgery with nonsurgical patients with obesity have shown reduced coronary artery disease risk with surgery. In this statement, we summarize the impact of obesity on the diagnosis, clinical management, and outcomes of atherosclerotic cardiovascular disease, heart failure, and arrhythmias, especially sudden cardiac death and atrial fibrillation. In particular, we examine the influence of obesity on noninvasive and invasive diagnostic procedures for coronary artery disease. Moreover, we review the impact of obesity on cardiac function and outcomes related to heart failure with reduced and preserved ejection fraction. Finally, we describe the effects of lifestyle and surgical weight loss interventions on outcomes related to coronary artery disease, heart failure, and atrial fibrillation.",2021,cardiovascular,cardiology,True,,,Circulation,circulation,False,openalex,Tiffany M. Powell‐Wiley; Paul Poirier; Lora E. Burke; Jean‐Pierre Després; Penny Gordon‐Larsen; Carl J. Lavie; Scott A. Lear; Chiadi E. Ndumele; Ian J. Neeland; Prashanthan Sanders; Marie‐Pierre St‐Onge,https://doi.org/10.1161/cir.0000000000000973,3434,,,,33882682,,,,,,,True,cited_by_count>=927 (top 10.0%); cited_by_count>=927 (top 10.0%),10.1161/cir.0000000000000973,,,False,0.006691441
https://openalex.org/W2807970930,10.1056/nejmoa1800389,Primary Prevention of Cardiovascular Disease with a Mediterranean Diet Supplemented with Extra-Virgin Olive Oil or Nuts,"BACKGROUND: Observational cohort studies and a secondary prevention trial have shown inverse associations between adherence to the Mediterranean diet and cardiovascular risk. METHODS: In a multicenter trial in Spain, we assigned 7447 participants (55 to 80 years of age, 57% women) who were at high cardiovascular risk, but with no cardiovascular disease at enrollment, to one of three diets: a Mediterranean diet supplemented with extra-virgin olive oil, a Mediterranean diet supplemented with mixed nuts, or a control diet (advice to reduce dietary fat). Participants received quarterly educational sessions and, depending on group assignment, free provision of extra-virgin olive oil, mixed nuts, or small nonfood gifts. The primary end point was a major cardiovascular event (myocardial infarction, stroke, or death from cardiovascular causes). After a median follow-up of 4.8 years, the trial was stopped on the basis of a prespecified interim analysis. In 2013, we reported the results for the primary end point in the Journal. We subsequently identified protocol deviations, including enrollment of household members without randomization, assignment to a study group without randomization of some participants at 1 of 11 study sites, and apparent inconsistent use of randomization tables at another site. We have withdrawn our previously published report and now report revised effect estimates based on analyses that do not rely exclusively on the assumption that all the participants were randomly assigned. RESULTS: A primary end-point event occurred in 288 participants; there were 96 events in the group assigned to a Mediterranean diet with extra-virgin olive oil (3.8%), 83 in the group assigned to a Mediterranean diet with nuts (3.4%), and 109 in the control group (4.4%). In the intention-to-treat analysis including all the participants and adjusting for baseline characteristics and propensity scores, the hazard ratio was 0.69 (95% confidence interval [CI], 0.53 to 0.91) for a Mediterranean diet with extra-virgin olive oil and 0.72 (95% CI, 0.54 to 0.95) for a Mediterranean diet with nuts, as compared with the control diet. Results were similar after the omission of 1588 participants whose study-group assignments were known or suspected to have departed from the protocol. CONCLUSIONS: In this study involving persons at high cardiovascular risk, the incidence of major cardiovascular events was lower among those assigned to a Mediterranean diet supplemented with extra-virgin olive oil or nuts than among those assigned to a reduced-fat diet. (Funded by Instituto de Salud Carlos III, Spanish Ministry of Health, and others; Current Controlled Trials number, ISRCTN35739639 .).",2018,cardiovascular,cardiology,True,,,New England Journal of Medicine,new england journal of medicine,False,openalex,Ramón Estruch; Emilio Ros; Jordi Salas‐Salvadó; María‐Isabel Covas; Dolores Corella; Fernando Arós; Enrique Gómez‐Gracia; Valentina Ruíz-Gutiérrez; Miquel Fiol; José Lapetra; Rosa M. Lamuela‐Raventós; Lluís Serra‐Majem; Xavier Pintó; Josep Basora; Miguel Ángel Muñoz; José V. Sorlí; J. Alfredo Martínéz; Montserrat Fitó; Alfredo Gea; Miguel A. Hernán; Miguel Ángel Martínez‐González,https://doi.org/10.1056/nejmoa1800389,3424,,,,29897866,,,,,,,True,cited_by_count>=927 (top 10.0%); cited_by_count>=927 (top 10.0%),10.1056/nejmoa1800389,,,False,0.089889534
https://openalex.org/W2609605008,10.1016/j.jacc.2017.04.025,2017 ACC/AHA/HFSA Focused Update of the 2013 ACCF/AHA Guideline for the Management of Heart Failure,,2017,heart failure,cardiology,False,,,Journal of the American College of Cardiology,journal of the american college of cardiology,False,openalex,Clyde W. Yancy; Mariell Jessup; Biykem Bozkurt; Javed Butler; Donald E. Casey; Monica Colvin; Mark H. Drazner; Gerasimos Filippatos; Gregg C. Fonarow; Michael M. Givertz; Steven M. Hollenberg; JoAnn Lindenfeld; Frederick A. Masoudi; Patrick E. McBride; Pamela N. Peterson; Lynne W. Stevenson; Cheryl Westlake,,3417,,,,28461007,,,,,,,True,cited_by_count>=927 (top 10.0%); cited_by_count>=927 (top 10.0%),10.1016/j.jacc.2017.04.025,,,False,0.13976446
https://openalex.org/W2899669642,10.1056/nejmoa1812792,Cardiovascular Risk Reduction with Icosapent Ethyl for Hypertriglyceridemia,"BACKGROUND: Patients with elevated triglyceride levels are at increased risk for ischemic events. Icosapent ethyl, a highly purified eicosapentaenoic acid ethyl ester, lowers triglyceride levels, but data are needed to determine its effects on ischemic events. METHODS: We performed a multicenter, randomized, double-blind, placebo-controlled trial involving patients with established cardiovascular disease or with diabetes and other risk factors, who had been receiving statin therapy and who had a fasting triglyceride level of 135 to 499 mg per deciliter (1.52 to 5.63 mmol per liter) and a low-density lipoprotein cholesterol level of 41 to 100 mg per deciliter (1.06 to 2.59 mmol per liter). The patients were randomly assigned to receive 2 g of icosapent ethyl twice daily (total daily dose, 4 g) or placebo. The primary end point was a composite of cardiovascular death, nonfatal myocardial infarction, nonfatal stroke, coronary revascularization, or unstable angina. The key secondary end point was a composite of cardiovascular death, nonfatal myocardial infarction, or nonfatal stroke. RESULTS: A total of 8179 patients were enrolled (70.7% for secondary prevention of cardiovascular events) and were followed for a median of 4.9 years. A primary end-point event occurred in 17.2% of the patients in the icosapent ethyl group, as compared with 22.0% of the patients in the placebo group (hazard ratio, 0.75; 95% confidence interval [CI], 0.68 to 0.83; P<0.001); the corresponding rates of the key secondary end point were 11.2% and 14.8% (hazard ratio, 0.74; 95% CI, 0.65 to 0.83; P<0.001). The rates of additional ischemic end points, as assessed according to a prespecified hierarchical schema, were significantly lower in the icosapent ethyl group than in the placebo group, including the rate of cardiovascular death (4.3% vs. 5.2%; hazard ratio, 0.80; 95% CI, 0.66 to 0.98; P=0.03). A larger percentage of patients in the icosapent ethyl group than in the placebo group were hospitalized for atrial fibrillation or flutter (3.1% vs. 2.1%, P=0.004). Serious bleeding events occurred in 2.7% of the patients in the icosapent ethyl group and in 2.1% in the placebo group (P=0.06). CONCLUSIONS: Among patients with elevated triglyceride levels despite the use of statins, the risk of ischemic events, including cardiovascular death, was significantly lower among those who received 2 g of icosapent ethyl twice daily than among those who received placebo. (Funded by Amarin Pharma; REDUCE-IT ClinicalTrials.gov number, NCT01492361 .).",2018,cardiovascular,cardiology,False,,,New England Journal of Medicine,new england journal of medicine,False,openalex,Deepak L. Bhatt; Philippe Gabríel Steg; Michael Miller; Eliot A. Brinton; Terry A. Jacobson; Steven Ketchum; Ralph T. Doyle; Rebecca A. Juliano; Lixia Jiao; Craig Granowitz; Jean‐Claude Tardif; Christie M. Ballantyne,,3216,,,,30415628,,,,,,,True,cited_by_count>=927 (top 10.0%); cited_by_count>=927 (top 10.0%),10.1056/nejmoa1812792,,,False,0.04145026
https://openalex.org/W4238907867,10.1161/cir.0000000000000509,2017 ACC/AHA/HFSA Focused Update of the 2013 ACCF/AHA Guideline for the Management of Heart Failure: A Report of the American College of Cardiology/American Heart Association Task Force on Clinical Practice Guidelines and the Heart Failure Society of America,,2017,cardiology,cardiology,True,,,Circulation,circulation,False,openalex,Clyde W. Yancy; Mariell Jessup; Biykem Bozkurt; Javed Butler; Donald E. Casey; Monica Colvin; Mark H. Drazner; Gerasimos Filippatos; Gregg C. Fonarow; Michael M. Givertz; Steven M. Hollenberg; JoAnn Lindenfeld; Frederick A. Masoudi; Patrick E. McBride; Pamela N. Peterson; Lynne W. Stevenson; Cheryl Westlake,https://doi.org/10.1161/cir.0000000000000509,3137,,,,28455343,,,,,,,True,cited_by_count>=927 (top 10.0%); cited_by_count>=927 (top 10.0%),10.1161/cir.0000000000000509,,,False,0.13118465
https://openalex.org/W3009976289,10.1038/s41569-020-0360-5,COVID-19 and the cardiovascular system,,2020,cardiovascular,cardiology,True,,,Nature Reviews Cardiology,nature reviews cardiology,False,openalex,Ying‐Ying Zheng; Yi‐Tong Ma; Jinying Zhang; Xiang Xie,https://doi.org/10.1038/s41569-020-0360-5,3060,,,,32139904,,,,,,,True,cited_by_count>=927 (top 10.0%); cited_by_count>=927 (top 10.0%),10.1038/s41569-020-0360-5,,,False,-0.027614292
https://openalex.org/W2948612418,10.1016/s0140-6736(19)31149-3,"Dulaglutide and cardiovascular outcomes in type 2 diabetes (REWIND): a double-blind, randomised placebo-controlled trial",,2019,cardiovascular,cardiology,True,,,The Lancet,the lancet,False,openalex,Hertzel C. Gerstein; Helen M. Colhoun; Gilles R. Dagenais; Rafael Díaz; Mark Lakshmanan; Prem Pais; Jeffrey L. Probstfield; Jeffrey S. Riesmeyer; Matthew C. Riddle; Lars Rydén; Denis Xavier; Charles Atisso; Leanne Dyal; Stephanie Hall; Rao Ps; G.C. Wong; Álvaro Avezum; Jan Basile; Namsik Chung; Ignacio Conget; William C. Cushman; Edward Franek; Nicolae Hâncu; M Hanefeld; Shaun Holt; Petr Janský; Mátyás Keltai; Fernando Laņas; Lawrence A. Leiter; Patricio López‐Jaramillo; Ernesto Muñoz; Valdis Pīrāgs; Nana Pogosova; Peter Raubenheimer; Jonathan E. Shaw; Wayne Huey‐Herng Sheu; Theodora Temelkova‐Kurktschiev; Mercedes Abella; Andrea Alebuena; Sandra Almagro; Eduardo Amoroso; Paula Anadon; Elizabeth Andreu; Guillermo Aristimuño; Maria Arzadun; María Antonietta Barbieri; Raúl Barcudi; Ines Bartolacci; Gabriel Bolobanich; Anselmo P. Bordonava; Miguel Bustamante Labarta; B. Bustos; Alberto Caccavo; Alejandra Camino; María del Rocío Cantero; Maria Carignano; Luis R Cartasegna; Marcela Cipullo; Víctor Commendatore; Victoria Conosciuto; Osvaldo Costamagna; Claudia A. Crespo; Jose Cuello; Carlos Alberto Cuneo; Sandra Cusimano; Sofia Dean; Claudio Fabián Dituro; Andrea Domínguez; Miguel Farah; Alberto Fernandez; Florencia Fernandez; Adriana Cristina Ferrari; Patricia Flammia; José Antonio Fuentealba; Karina Beatriz Gallardo; C. Perez Garcia; Ruben Garcia Duran; Marcelo Garrido; Rodolfo Gavícola; Claudio Gerbaudo; Graciela Gilli; Ana Paula Giotto; Pedro Godoy Bolzán; Oscar Gómez Vilamajó; Fernando Guerlloy; Cristian Guridi; Narcisa Gutierrez Garrido; Eduardo Hasbani; Sonia Hermida; Miguel Hominal; Adrian D. Hrabar; Adrián Ingaramo; Alejandra Izzicupo; Mario Krynski; Mariana Lagrutta; Paulina Virginia Lanchiotti; Maria Langhe; Veronica Leonard; Javier Llanos; Ricardo López Santi,https://ir.ymlib.yonsei.ac.kr/handle/22282913/174490,2988,,,,31189511,,,,,,,True,cited_by_count>=927 (top 10.0%); cited_by_count>=927 (top 10.0%),10.1016/s0140-6736(19)31149-3,,,False,-0.009982523
https://openalex.org/W4210937888,10.1093/cvr/cvac013,Global burden of heart failure: a comprehensive and updated review of epidemiology,"Heart Failure (HF) is a multi-faceted and life-threatening syndrome characterized by significant morbidity and mortality, poor functional capacity and quality of life, and high costs. HF affects more than 64 million people worldwide. Therefore, attempts to decrease its social and economic burden have become a major global public health priority. While the incidence of HF has stabilized and seems to be declining in industrialized countries, the prevalence is increasing due to the ageing of the population, improved treatment of and survival with ischaemic heart disease, and the availability of effective evidence-based therapies prolonging life in patients with HF. There are geographical variations in HF epidemiology. There is substantial lack of data from developing countries, where HF exhibits different features compared with that observed in the Western world. In this review, we provide a contemporary overview on the global burden of HF, providing updated estimates on prevalence, incidence, outcomes, and costs worldwide.",2022,heart failure,cardiology,False,,,Cardiovascular Research,cardiovascular research,False,openalex,Gianluigi Savarese; Peter Moritz Becher; Lars H. Lund; Petar Seferović; Giuseppe Rosano; Andrew J.S. Coats,,2970,,,,35150240,,,,,,,True,cited_by_count>=927 (top 10.0%); cited_by_count>=927 (top 10.0%),10.1093/cvr/cvac013,,,False,0.15359691
https://openalex.org/W2986700515,10.1056/nejmoa1912388,Efficacy and Safety of Low-Dose Colchicine after Myocardial Infarction,"BACKGROUND: Experimental and clinical evidence supports the role of inflammation in atherosclerosis and its complications. Colchicine is an orally administered, potent antiinflammatory medication that is indicated for the treatment of gout and pericarditis. METHODS: We performed a randomized, double-blind trial involving patients recruited within 30 days after a myocardial infarction. The patients were randomly assigned to receive either low-dose colchicine (0.5 mg once daily) or placebo. The primary efficacy end point was a composite of death from cardiovascular causes, resuscitated cardiac arrest, myocardial infarction, stroke, or urgent hospitalization for angina leading to coronary revascularization. The components of the primary end point and safety were also assessed. RESULTS: A total of 4745 patients were enrolled; 2366 patients were assigned to the colchicine group, and 2379 to the placebo group. Patients were followed for a median of 22.6 months. The primary end point occurred in 5.5% of the patients in the colchicine group, as compared with 7.1% of those in the placebo group (hazard ratio, 0.77; 95% confidence interval [CI], 0.61 to 0.96; P = 0.02). The hazard ratios were 0.84 (95% CI, 0.46 to 1.52) for death from cardiovascular causes, 0.83 (95% CI, 0.25 to 2.73) for resuscitated cardiac arrest, 0.91 (95% CI, 0.68 to 1.21) for myocardial infarction, 0.26 (95% CI, 0.10 to 0.70) for stroke, and 0.50 (95% CI, 0.31 to 0.81) for urgent hospitalization for angina leading to coronary revascularization. Diarrhea was reported in 9.7% of the patients in the colchicine group and in 8.9% of those in the placebo group (P = 0.35). Pneumonia was reported as a serious adverse event in 0.9% of the patients in the colchicine group and in 0.4% of those in the placebo group (P = 0.03). CONCLUSIONS: Among patients with a recent myocardial infarction, colchicine at a dose of 0.5 mg daily led to a significantly lower risk of ischemic cardiovascular events than placebo. (Funded by the Government of Quebec and others; COLCOT ClinicalTrials.gov number, NCT02551094.).",2019,myocardial infarction,cardiology,True,,,New England Journal of Medicine,new england journal of medicine,False,openalex,Jean‐Claude Tardif; Simon Kouz; David D. Waters; Olivier F. Bertrand; Rafael Díaz; Aldo P. Maggioni; Fausto J. Pinto; Réda Ibrahim; Habib Gamra; Ghassan S. Kiwan; Colin Berry; José López‐Sendón; Petr Ošťádal; Wolfgang Köenig; Denis Angoulvant; Jean C. Grégoire; Marc-André Lavoie; Marie‐Pierre Dubé; David Rhainds; Mylène Provencher; Lucie Blondeau; Andreas Orfanos; Philippe L. L’Allier; Marie‐Claude Guertin; François Roubille,https://doi.org/10.1056/nejmoa1912388,2914,,,,31733140,,,,,,,True,cited_by_count>=927 (top 10.0%); cited_by_count>=927 (top 10.0%),10.1056/nejmoa1912388,,,False,0.051839426
https://openalex.org/W2889688444,10.1056/nejmoa1806640,Transcatheter Mitral-Valve Repair in Patients with Heart Failure,"Among patients with heart failure who have mitral regurgitation due to left ventricular dysfunction, the prognosis is poor. Transcatheter mitral-valve repair may improve their clinical outcomes.",2018,heart failure,cardiology,True,,,New England Journal of Medicine,new england journal of medicine,False,openalex,Gregg W. Stone; JoAnn Lindenfeld; William T. Abraham; Saibal Kar; D. Scott Lim; Jacob M. Mishell; Brian Whisenant; Paul Grayburn; Michael Rinaldi; Samir Kapadia; Vivek Rajagopal; Ian J. Sarembock; Andreas Brieke; Steven O. Marx; David J. Cohen; Neil J. Weissman; Michael J. Mack,https://doi.org/10.1056/nejmoa1806640,2897,,,,31091394,,,,,,,True,cited_by_count>=927 (top 10.0%); cited_by_count>=927 (top 10.0%),10.1056/nejmoa1806640,,,False,-0.075291105
https://openalex.org/W2605975631,10.1159/000473868,"Heart Failure with Preserved and Reduced Ejection Fraction in Hemodialysis Patients: Prevalence, Disease Prediction and Prognosis","BACKGROUND/AIMS: Heart failure (HF) is a main cause of mortality of hemodialysis (HD) patients. While HF with reduced ejection fraction (HFrEF) is known to only affect a minority of patients, little is known about the prevalence, associations with clinical characteristics and prognosis of HF with preserved ejection fraction (HFpEF). METHODS: We included 105 maintenance HD patients from the Medical University of Vienna into this prospective single-center cohort study and determined the prevalence of HFpEF (per the 2013 criteria of the European Society of Cardiology) and HFrEF (EF <45%), using standardized post-HD transthoracic echocardiography. We also assessed clinical, laboratory and volume status parameters (by bioimpedance spectroscopy). These parameters served to calculate prediction models for both disease entities, while clinical outcomes (frequency of cardiovascular hospitalizations and/or cardiac death) were assessed prospectively over 27±4 months of follow-up. RESULTS: All but 4 patients (96%) had evidence of diastolic dysfunction. 70% of the entire cohort fulfilled HF criteria (81% HFpEF, 19% HFrEF). Age, female sex, body mass index, blood pressure and dialysis vintage were predictive of HFpEF (sensitivity 86%, specificity 63%; AUC 0.87), while age, female sex, NT pro-BNP, history of coronary artery disease and atrial fibrillation were predictive of HFrEF (sensitivity 85%, specificity 90%; AUC 0.95). Compared to patients without HF, those with HFpEF and HFrEF had a higher risk of hospitalization for cardiovascular reason and/or cardiac death (adjusted HR 4.31, 95% CI 0.46-40.03; adjusted HR 3.24, 95% CI 1.08-9.75, respectively). CONCLUSION: Diastolic dysfunction and HFpEF are highly prevalent in HD patients while HFrEF only affects a minority. Distinct patient-specific characteristics predict diagnosis of either entity with good accuracy.",2017,heart failure,cardiology,True,,,Kidney & Blood Pressure Research,kidney & blood pressure research,True,openalex,Marlies Antlanger; Stefan Aschauer; Chantal Kopecky; Manfred Hecking; J Kovarík; Johannes Werzowa; Julia Mascherbauer; Bernd Genser; Marcus D. Säemann; Diana Bonderman,https://doi.org/10.1159/000473868,2818,,,,28395286,,,,,,,True,cited_by_count>=927 (top 10.0%); cited_by_count>=927 (top 10.0%),10.1159/000473868,,,False,0.025867186
https://openalex.org/W2899764361,10.1016/s0140-6736(18)32590-x,SGLT2 inhibitors for primary and secondary prevention of cardiovascular and renal outcomes in type 2 diabetes: a systematic review and meta-analysis of cardiovascular outcome trials,,2018,cardiovascular,cardiology,False,,,The Lancet,the lancet,False,openalex,Thomas A. Zelniker; Stephen D. Wiviott; Itamar Raz; KyungAh Im; Erica L. Goodrich; Marc P. Bonaca; Ofri Mosenzon; Eri Kato; Avivit Cahn; Remo H.M. Furtado; Deepak L. Bhatt; Lawrence A. Leiter; Darren K. McGuire; John Wilding; Marc S. Sabatine,,2789,,,,30424892,,,,,,,True,cited_by_count>=927 (top 10.0%); cited_by_count>=927 (top 10.0%),10.1016/s0140-6736(18)32590-x,,,False,0.033214897
https://openalex.org/W2957544571,10.1161/cir.0000000000000665,2019 AHA/ACC/HRS Focused Update of the 2014 AHA/ACC/HRS Guideline for the Management of Patients With Atrial Fibrillation: A Report of the American College of Cardiology/American Heart Association Task Force on Clinical Practice Guidelines and the Heart Rhythm Society in Collaboration With the Society of Thoracic Surgeons,,2019,cardiology,cardiology,False,,,Circulation,circulation,False,openalex,Craig T. January; L. Samüel Wann; Hugh Calkins; Lin Y. Chen; Joaquin E. Cigarroa; Joseph C. Cleveland; Patrick T. Ellinor; Michael D. Ezekowitz; Michael E. Field; Karen L. Furie; Paul A. Heidenreich; Katherine T. Murray; Julie B. Shea; Cynthia M. Tracy; Clyde W. Yancy,,2733,,,,30686041,,,,,,,True,cited_by_count>=927 (top 10.0%); cited_by_count>=927 (top 10.0%),10.1161/cir.0000000000000665,,,False,0.060253605
https://openalex.org/W2612100421,10.1016/j.hrthm.2017.05.012,2017 HRS/EHRA/ECAS/APHRS/SOLAECE expert consensus statement on catheter and surgical ablation of atrial fibrillation,Publicado também em: https://repositorio.unifesp.br/handle/11600/53933,2017,atrial fibrillation,cardiology,True,,,Heart Rhythm,heart rhythm,False,openalex,Hugh Calkins; Gerhard Hindricks; Riccardo Cappato; Young‐Hoon Kim; Eduardo Saad; Luis Aguinaga; Joseph G. Akar; Vinay Badhwar; Josép Brugada; A. John Camm; Peng‐Sheng Chen; Shih-Ann Chen; Mina K. Chung; Jens Cosedis Nielsen; Anne B. Curtis; D. Wyn Davies; John Day; André d’Ávila; Natasja M.S. de Groot; Luigi Di Biase; Mattias Duytschaever; James R. Edgerton; Kenneth A. Ellenbogen; Patrick T. Ellinor; Sabine Ernst; Guilherme Fenelon; Edward P. Gerstenfeld; David E. Haines; Michel Haïssaguerre; Robert Helm; Elaine M. Hylek; Warren M. Jackman; José Jalife; Jonathan M. Kalman; Josef Kautzner; Hans Kottkamp; Karl Heinz Kuck; Koichiro Kumagai; Richard Lee; Thorsten Lewalter; Bruce D. Lindsay; Laurent Macle; Moussa Mansour; Francis E. Marchlinski; Gregory F. Michaud; Hiroshi Nakagawa; Andrea Natale; Stanley Nattel; Ken Okumura; Douglas L. Packer; Evgeny Pokushalov; Matthew R. Reynolds; Prashanthan Sanders; Maurício Scanavacca; Richard J. Schilling; Claudio Tondo; Hsuan-Ming Tsao; Atul Verma; David J. Wilber; Teiichi Yamane,http://hdl.handle.net/11343/259360,2712,,,,28506916,,,,,,,True,cited_by_count>=927 (top 10.0%); cited_by_count>=927 (top 10.0%),10.1016/j.hrthm.2017.05.012,,,False,0.06587829
https://openalex.org/W2610602137,10.15420/cfr.2016:25:2,Global Public Health Burden of Heart Failure,"Heart failure (HF) is a global pandemic affecting at least 26 million people worldwide and is increasing in prevalence. HF health expenditures are considerable and will increase dramatically with an ageing population. Despite the significant advances in therapies and prevention, mortality and morbidity are still high and quality of life poor. The prevalence, incidence, mortality and morbidity rates reported show geographic variations, depending on the different aetiologies and clinical characteristics observed among patients with HF. In this review we focus on the global epidemiology of HF, providing data about prevalence, incidence, mortality and morbidity worldwide.",2017,heart failure,cardiology,True,,,Cardiac failure review,cardiac failure review,True,openalex,Gianluigi Savarese; Lars H. Lund,https://doi.org/10.15420/cfr.2016:25:2,2630,,,,28785469,,,,,,,True,cited_by_count>=927 (top 10.0%); cited_by_count>=927 (top 10.0%),10.15420/cfr.2016:25:2,,,False,0.13729982
https://openalex.org/W4244734753,10.1016/j.wem.2015.03.023,Journal of The American College of Cardiology,Originalus / Original,2015,cardiology,cardiology,True,,,Wilderness and Environmental Medicine,wilderness and environmental medicine,False,openalex,,https://doi.org/10.1016/j.wem.2015.03.023,2614,,,,,,,,,,,True,cited_by_count>=927 (top 10.0%); cited_by_count>=927 (top 10.0%),10.1016/j.wem.2015.03.023,,,False,0.12000873
https://openalex.org/W4293354639,10.1056/nejmoa2206286,Dapagliflozin in Heart Failure with Mildly Reduced or Preserved Ejection Fraction,"BACKGROUND: Sodium-glucose cotransporter 2 (SGLT2) inhibitors reduce the risk of hospitalization for heart failure and cardiovascular death among patients with chronic heart failure and a left ventricular ejection fraction of 40% or less. Whether SGLT2 inhibitors are effective in patients with a higher left ventricular ejection fraction remains less certain. METHODS: We randomly assigned 6263 patients with heart failure and a left ventricular ejection fraction of more than 40% to receive dapagliflozin (at a dose of 10 mg once daily) or matching placebo, in addition to usual therapy. The primary outcome was a composite of worsening heart failure (which was defined as either an unplanned hospitalization for heart failure or an urgent visit for heart failure) or cardiovascular death, as assessed in a time-to-event analysis. RESULTS: Over a median of 2.3 years, the primary outcome occurred in 512 of 3131 patients (16.4%) in the dapagliflozin group and in 610 of 3132 patients (19.5%) in the placebo group (hazard ratio, 0.82; 95% confidence interval [CI], 0.73 to 0.92; P<0.001). Worsening heart failure occurred in 368 patients (11.8%) in the dapagliflozin group and in 455 patients (14.5%) in the placebo group (hazard ratio, 0.79; 95% CI, 0.69 to 0.91); cardiovascular death occurred in 231 patients (7.4%) and 261 patients (8.3%), respectively (hazard ratio, 0.88; 95% CI, 0.74 to 1.05). Total events and symptom burden were lower in the dapagliflozin group than in the placebo group. Results were similar among patients with a left ventricular ejection fraction of 60% or more and those with a left ventricular ejection fraction of less than 60%, and results were similar in prespecified subgroups, including patients with or without diabetes. The incidence of adverse events was similar in the two groups. CONCLUSIONS: Dapagliflozin reduced the combined risk of worsening heart failure or cardiovascular death among patients with heart failure and a mildly reduced or preserved ejection fraction. (Funded by AstraZeneca; DELIVER ClinicalTrials.gov number, NCT03619213.).",2022,heart failure,cardiology,True,,,New England Journal of Medicine,new england journal of medicine,False,openalex,Scott D. Solomon; John J.V. McMurray; Brian Claggett; Rudolf A. de Boer; David L. DeMets; Adrian F. Hernandez; Silvio E. Inzucchi; Mikhail Kosiborod; Carolyn S.P. Lam; Felipe A. Martínez; Sanjiv J. Shah; Akshay S. Desai; Pardeep S. Jhund; Jan Bělohlávek; Chern‐En Chiang; C. Jan Willem Borleffs; Josep Comín‐Colet; Dan Dobreanu; Jarosław Dróżdż; James C. Fang; Marco A. Alcocer‐Gamba; Waleed Al Habeeb; Yaling Han; Jose Walter Cabrera Honorio; Stefan Janssens; Tzvetana Katova; Masafumi Kitakaze; Béla Merkely; Eileen O’Meara; José Francisco Kerr Saraiva; С. Н. Терещенко; Jorge Thierer; Muthiah Vaduganathan; Orly Vardeny; Subodh Verma; Vinh Pham; Ulrica Wilderäng; Natalia Zaozerska; Erasmus Bachus; Daniel Lindholm; Magnus Petersson; Anna Maria Langkilde,https://doi.org/10.1056/nejmoa2206286,2585,,,,36027570,,,,,,,True,cited_by_count>=927 (top 10.0%); cited_by_count>=927 (top 10.0%),10.1056/nejmoa2206286,,,False,0.009215965
https://openalex.org/W2628145035,10.1056/nejmoa1701719,Clonal Hematopoiesis and Risk of Atherosclerotic Cardiovascular Disease,"BACKGROUND: Clonal hematopoiesis of indeterminate potential (CHIP), which is defined as the presence of an expanded somatic blood-cell clone in persons without other hematologic abnormalities, is common among older persons and is associated with an increased risk of hematologic cancer. We previously found preliminary evidence for an association between CHIP and atherosclerotic cardiovascular disease, but the nature of this association was unclear. METHODS: We used whole-exome sequencing to detect the presence of CHIP in peripheral-blood cells and associated such presence with coronary heart disease using samples from four case-control studies that together enrolled 4726 participants with coronary heart disease and 3529 controls. To assess causality, we perturbed the function of Tet2, the second most commonly mutated gene linked to clonal hematopoiesis, in the hematopoietic cells of atherosclerosis-prone mice. RESULTS: In nested case-control analyses from two prospective cohorts, carriers of CHIP had a risk of coronary heart disease that was 1.9 times as great as in noncarriers (95% confidence interval [CI], 1.4 to 2.7). In two retrospective case-control cohorts for the evaluation of early-onset myocardial infarction, participants with CHIP had a risk of myocardial infarction that was 4.0 times as great as in noncarriers (95% CI, 2.4 to 6.7). Mutations in DNMT3A, TET2, ASXL1, and JAK2 were each individually associated with coronary heart disease. CHIP carriers with these mutations also had increased coronary-artery calcification, a marker of coronary atherosclerosis burden. Hypercholesterolemia-prone mice that were engrafted with bone marrow obtained from homozygous or heterozygous Tet2 knockout mice had larger atherosclerotic lesions in the aortic root and aorta than did mice that had received control bone marrow. Analyses of macrophages from Tet2 knockout mice showed elevated expression of several chemokine and cytokine genes that contribute to atherosclerosis. CONCLUSIONS: The presence of CHIP in peripheral-blood cells was associated with nearly a doubling in the risk of coronary heart disease in humans and with accelerated atherosclerosis in mice. (Funded by the National Institutes of Health and others.).",2017,cardiovascular,cardiology,True,,,New England Journal of Medicine,new england journal of medicine,False,openalex,Siddhartha Jaiswal; Pradeep Natarajan; Alexander J. Silver; Christopher J. Gibson; Alexander G. Bick; Eugenia Shvartz; Marie McConkey; Namrata Gupta; Stacey Gabriel; Diego Ardissino; Usman Baber; Roxana Mehran; Valentı́n Fuster; John Danesh; Philippe Frossard; Danish Saleheen; Olle Melander; Galina K. Sukhova; Donna Neuberg; Peter Libby; Sekar Kathiresan; Benjamin L. Ebert,https://www.repository.cam.ac.uk/handle/1810/269783,2583,,,,28636844,,,,,,,True,cited_by_count>=927 (top 10.0%); cited_by_count>=927 (top 10.0%),10.1056/nejmoa1701719,,,False,0.08402168
https://openalex.org/W2142830692,10.1056/nejmoa1501352,Effect of Sitagliptin on Cardiovascular Outcomes in Type 2 Diabetes,"BACKGROUND: Data are lacking on the long-term effect on cardiovascular events of adding sitagliptin, a dipeptidyl peptidase 4 inhibitor, to usual care in patients with type 2 diabetes and cardiovascular disease. METHODS: In this randomized, double-blind study, we assigned 14,671 patients to add either sitagliptin or placebo to their existing therapy. Open-label use of antihyperglycemic therapy was encouraged as required, aimed at reaching individually appropriate glycemic targets in all patients. To determine whether sitagliptin was noninferior to placebo, we used a relative risk of 1.3 as the marginal upper boundary. The primary cardiovascular outcome was a composite of cardiovascular death, nonfatal myocardial infarction, nonfatal stroke, or hospitalization for unstable angina. RESULTS: During a median follow-up of 3.0 years, there was a small difference in glycated hemoglobin levels (least-squares mean difference for sitagliptin vs. placebo, -0.29 percentage points; 95% confidence interval [CI], -0.32 to -0.27). Overall, the primary outcome occurred in 839 patients in the sitagliptin group (11.4%; 4.06 per 100 person-years) and 851 patients in the placebo group (11.6%; 4.17 per 100 person-years). Sitagliptin was noninferior to placebo for the primary composite cardiovascular outcome (hazard ratio, 0.98; 95% CI, 0.88 to 1.09; P<0.001). Rates of hospitalization for heart failure did not differ between the two groups (hazard ratio, 1.00; 95% CI, 0.83 to 1.20; P=0.98). There were no significant between-group differences in rates of acute pancreatitis (P=0.07) or pancreatic cancer (P=0.32). CONCLUSIONS: Among patients with type 2 diabetes and established cardiovascular disease, adding sitagliptin to usual care did not appear to increase the risk of major adverse cardiovascular events, hospitalization for heart failure, or other adverse events. (Funded by Merck Sharp & Dohme; TECOS ClinicalTrials.gov number, NCT00790205.).",2015,cardiovascular,cardiology,True,,,New England Journal of Medicine,new england journal of medicine,False,openalex,Jennifer B. Green; M. Angelyn Bethel; Paul W. Armstrong; John B. Buse; Samuel S. Engel; Jyotsna Garg; Robert Josse; Keith D. Kaufman; Joerg Koglin; Scott Korn; John M. Lachin; Darren K. McGuire; Michael Pencina; Eberhard Standl; Peter P. Stein; Shailaja Suryawanshi; Frans Van de Werf; Eric D. Peterson; Rury R. Holman,https://doi.org/10.1056/nejmoa1501352,2582,,,,26052984,,,,,,,True,cited_by_count>=927 (top 10.0%); cited_by_count>=927 (top 10.0%),10.1056/nejmoa1501352,,,False,-0.027042888
https://openalex.org/W2800400752,10.1093/eurheartj/ehw211,2016 ESC Position Paper on cancer treatments and cardiovascular toxicity developed under the auspices of the ESC Committee for Practice Guidelines,peer reviewed,2016,cardiovascular,cardiology,True,,,European Heart Journal,european heart journal,False,openalex,José Luis Zamorano; Patrizio Lancellotti; Daniel Muñoz; Victor Aboyans; Riccardo Asteggiano; Maurizio Galderisi; Gilbert Habib; Daniel J. Lenihan; Gregory Y.H. Lip; Alexander R. Lyon; Teresa López‐Fernández; Dania Mohty; Massimo Piepoli; Juan Tamargo; Adam Torbicki; Thomas Suter,https://doi.org/10.1093/eurheartj/ehw211,2530,,,,27910076,,,,,,,True,cited_by_count>=927 (top 10.0%); cited_by_count>=927 (top 10.0%),10.1093/eurheartj/ehw211,,,False,0.07522525
https://openalex.org/W1582447064,10.1159/000371739,Universal Definition of Myocardial Infarction: Clinical Insights,"AIMS: The universal definition of myocardial infarction (MI) classifies acute ischaemia into different classes according to lesion mechanism. Our aim was to perform a detailed comparison between these different types of MI in terms of baseline characteristics, management and prognosis. METHODS AND RESULTS: An observational retrospective single-centre cohort study was performed, including 1,000 consecutive patients admitted for type 1 (76.4%) or type 2 MI (23.6%). Type 2 MI patients were older, had a higher prevalence of comorbidities and worse medical status at admission. In-hospital mortality did not differ significantly between the MI groups (8.8 vs. 9.7%, p = 0.602). However, mortality during follow-up was almost 3 times higher in type 2 MIs (HR 2.75, p < 0.001). Type 2 MI was an independent all-cause mortality risk marker, adding discriminatory power to the GRACE model. Finally, important differences in traditional risk score performances (GRACE, CRUSADE) were found between both MI types. CONCLUSIONS: Several important baseline differences were found between these MI types. Regarding prognosis, long-term survival is significantly compromised in type 2 MIs, potentially translating patients' higher medical complexity and frailty. Distinction between type 1 and type 2 MI seems to have important implications in clinical practice and likely also in the results of clinical trials.",2015,myocardial infarction,cardiology,False,,,Cardiology,cardiology,False,openalex,Luís Paiva; Rui Providência; Sérgio Barra; Paulo Dinis; Ana Catarina Faustino; Lino Gonçalves,,2515,,,,25831989,,,,,,,True,cited_by_count>=927 (top 10.0%); cited_by_count>=927 (top 10.0%),10.1159/000371739,,,False,-0.0019247727
https://openalex.org/W4220837239,10.1016/j.jacc.2021.12.012,2022 AHA/ACC/HFSA Guideline for the Management of Heart Failure,,2022,heart failure,cardiology,False,,,Journal of the American College of Cardiology,journal of the american college of cardiology,False,openalex,Paul A. Heidenreich; Biykem Bozkurt; David Aguilar; Larry A. Allen; Joni J. Byun; Monica Colvin; Anita Deswal; Mark H. Drazner; Shannon M. Dunlay; Linda R. Evers; James C. Fang; Savitri Fedson; Gregg C. Fonarow; Salim S. Hayek; Adrian F. Hernandez; Prateeti Khazanie; M. Kittleson; Christopher S. Lee; Mark S. Link; Carmelo A. Milano; Lorraine C. Nnacheta; Alexander T. Sandhu; Lynne W. Stevenson; Orly Vardeny; Amanda R. Vest; Clyde W. Yancy,,2508,,,,35379503,,,,,,,True,cited_by_count>=927 (top 10.0%); cited_by_count>=927 (top 10.0%),10.1016/j.jacc.2021.12.012,,,False,0.1265924
https://openalex.org/W4239414585,10.1161/cir.0000000000000503,2017 AHA/ACC Focused Update of the 2014 AHA/ACC Guideline for the Management of Patients With Valvular Heart Disease: A Report of the American College of Cardiology/American Heart Association Task Force on Clinical Practice Guidelines,"transcatheter aortic valve replacement tricuspid stenosis valvular heart disease AHA/ACC GUIDELINE ACC/AHA Task Force Members, see page e1180",2017,cardiology,cardiology,True,,,Circulation,circulation,False,openalex,Rick A. Nishimura; Catherine M Otto; Robert O. Bonow; Blasé A. Carabello; John P. Erwin; Lee A. Fleisher; Hani Jneid; Michael J. Mack; Christopher J. McLeod; Patrick T. O’Gara; Vera H. Rigolin; Thoralf M. Sundt; Annemarie Thompson,https://doi.org/10.1161/cir.0000000000000503,2498,,,,28298458,,,,,,,True,cited_by_count>=927 (top 10.0%); cited_by_count>=927 (top 10.0%),10.1161/cir.0000000000000503,,,False,0.05027076
https://openalex.org/W4283695295,10.1161/cir.0000000000001078,Life’s Essential 8: Updating and Enhancing the American Heart Association’s Construct of Cardiovascular Health: A Presidential Advisory From the American Heart Association,"In 2010, the American Heart Association defined a novel construct of cardiovascular health to promote a paradigm shift from a focus solely on disease treatment to one inclusive of positive health promotion and preservation across the life course in populations and individuals. Extensive subsequent evidence has provided insights into strengths and limitations of the original approach to defining and quantifying cardiovascular health. In response, the American Heart Association convened a writing group to recommend enhancements and updates. The definition and quantification of each of the original metrics (Life's Simple 7) were evaluated for responsiveness to interindividual variation and intraindividual change. New metrics were considered, and the age spectrum was expanded to include the entire life course. The foundational contexts of social determinants of health and psychological health were addressed as crucial factors in optimizing and preserving cardiovascular health. This presidential advisory introduces an enhanced approach to assessing cardiovascular health: Life's Essential 8. The components of Life's Essential 8 include diet (updated), physical activity, nicotine exposure (updated), sleep health (new), body mass index, blood lipids (updated), blood glucose (updated), and blood pressure. Each metric has a new scoring algorithm ranging from 0 to 100 points, allowing generation of a new composite cardiovascular health score (the unweighted average of all components) that also varies from 0 to 100 points. Methods for implementing cardiovascular health assessment and longitudinal monitoring are discussed, as are potential data sources and tools to promote widespread adoption in policy, public health, clinical, institutional, and community settings.",2022,cardiovascular,cardiology,True,,,Circulation,circulation,False,openalex,Donald M. Lloyd‐Jones; Norrina B. Allen; Cheryl A.M. Anderson; Terrie Black; LaPrincess C. Brewer; Randi E. Foraker; Michael A. Grandner; Helen Lavretsky; Amanda M. Perak; Garima Sharma; Wayne D. Rosamond,https://doi.org/10.1161/cir.0000000000001078,2486,,,,35766027,,,,,,,True,cited_by_count>=927 (top 10.0%); cited_by_count>=927 (top 10.0%),10.1161/cir.0000000000001078,,,False,0.04056426
https://openalex.org/W4388592674,10.1056/nejmoa2307563,Semaglutide and Cardiovascular Outcomes in Obesity without Diabetes,"BACKGROUND: Semaglutide, a glucagon-like peptide-1 receptor agonist, has been shown to reduce the risk of adverse cardiovascular events in patients with diabetes. Whether semaglutide can reduce cardiovascular risk associated with overweight and obesity in the absence of diabetes is unknown. METHODS: In a multicenter, double-blind, randomized, placebo-controlled, event-driven superiority trial, we enrolled patients 45 years of age or older who had preexisting cardiovascular disease and a body-mass index (the weight in kilograms divided by the square of the height in meters) of 27 or greater but no history of diabetes. Patients were randomly assigned in a 1:1 ratio to receive once-weekly subcutaneous semaglutide at a dose of 2.4 mg or placebo. The primary cardiovascular end point was a composite of death from cardiovascular causes, nonfatal myocardial infarction, or nonfatal stroke in a time-to-first-event analysis. Safety was also assessed. RESULTS: A total of 17,604 patients were enrolled; 8803 were assigned to receive semaglutide and 8801 to receive placebo. The mean (±SD) duration of exposure to semaglutide or placebo was 34.2±13.7 months, and the mean duration of follow-up was 39.8±9.4 months. A primary cardiovascular end-point event occurred in 569 of the 8803 patients (6.5%) in the semaglutide group and in 701 of the 8801 patients (8.0%) in the placebo group (hazard ratio, 0.80; 95% confidence interval, 0.72 to 0.90; P<0.001). Adverse events leading to permanent discontinuation of the trial product occurred in 1461 patients (16.6%) in the semaglutide group and 718 patients (8.2%) in the placebo group (P<0.001). CONCLUSIONS: In patients with preexisting cardiovascular disease and overweight or obesity but without diabetes, weekly subcutaneous semaglutide at a dose of 2.4 mg was superior to placebo in reducing the incidence of death from cardiovascular causes, nonfatal myocardial infarction, or nonfatal stroke at a mean follow-up of 39.8 months. (Funded by Novo Nordisk; SELECT ClinicalTrials.gov number, NCT03574597.).",2023,cardiovascular,cardiology,True,,,New England Journal of Medicine,new england journal of medicine,False,openalex,A. Michael Lincoff; Kirstine Brown‐Frandsen; Helen M. Colhoun; John Deanfield; Scott S. Emerson; Sille Esbjerg; Søren Hardt‐Lindberg; G. Kees Hovingh; Steven E. Kahn; Robert F. Kushner; Ildiko Lingvay; Tuğçe Kalaycı Oral; Marie Mide Michelsen; Jorge Plutzky; Christoffer W. Tornøe; Donna H. Ryan,https://research.rug.nl/en/publications/b73f97da-e52c-44a3-ae19-2d0cfc80ce89,2474,,,,37952131,,,,,,,True,cited_by_count>=927 (top 10.0%); cited_by_count>=927 (top 10.0%),10.1056/nejmoa2307563,,,False,-0.0048507936
https://openalex.org/W2471327176,10.1093/ehjci/jew082,Recommendations for the Evaluation of Left Ventricular Diastolic Function by Echocardiography: An Update from the American Society of Echocardiography and the European Association of Cardiovascular Imaging,peer reviewed,2016,cardiovascular,cardiology,True,,,European Heart Journal - Cardiovascular Imaging,european heart journal - cardiovascular imaging,False,openalex,"Sherif F. Nagueh; Otto A. Smiseth; Christopher P. Appleton; Benjamin F. Byrd; Hisham Dokainish; Thor Edvardsen; Frank A. Flachskampf; Thierry Gillebert; Allan L. Klein; Patrizio Lancellotti; Paolo Marino; Jae K. Oh; Bogdan A. Popescu; Alan D. Waggoner; Houston, Texas; Oslo, Norway; Phoenix, Arizona; Nashville, Tennessee; Hamilton, Ontario, Canada; Uppsala, Sweden; Ghent and Liège, Belgium; Cleveland, Ohio; Novara, Italy; Rochester, Minnesota; Bucharest, Romania; and St. Louis, Missouri",https://doi.org/10.1093/ehjci/jew082,2452,,,,27422899,,,,,,,True,cited_by_count>=927 (top 10.0%); cited_by_count>=927 (top 10.0%),10.1093/ehjci/jew082,,,False,0.010551106
https://openalex.org/W2786781710,10.1056/nejmoa1707855,Catheter Ablation for Atrial Fibrillation with Heart Failure,"BACKGROUND: Mortality and morbidity are higher among patients with atrial fibrillation and heart failure than among those with heart failure alone. Catheter ablation for atrial fibrillation has been proposed as a means of improving outcomes among patients with heart failure who are otherwise receiving appropriate treatment. METHODS: We randomly assigned patients with symptomatic paroxysmal or persistent atrial fibrillation who did not have a response to antiarrhythmic drugs, had unacceptable side effects, or were unwilling to take these drugs to undergo either catheter ablation (179 patients) or medical therapy (rate or rhythm control) (184 patients) for atrial fibrillation in addition to guidelines-based therapy for heart failure. All the patients had New York Heart Association class II, III, or IV heart failure, a left ventricular ejection fraction of 35% or less, and an implanted defibrillator. The primary end point was a composite of death from any cause or hospitalization for worsening heart failure. RESULTS: After a median follow-up of 37.8 months, the primary composite end point occurred in significantly fewer patients in the ablation group than in the medical-therapy group (51 patients [28.5%] vs. 82 patients [44.6%]; hazard ratio, 0.62; 95% confidence interval [CI], 0.43 to 0.87; P=0.007). Significantly fewer patients in the ablation group died from any cause (24 [13.4%] vs. 46 [25.0%]; hazard ratio, 0.53; 95% CI, 0.32 to 0.86; P=0.01), were hospitalized for worsening heart failure (37 [20.7%] vs. 66 [35.9%]; hazard ratio, 0.56; 95% CI, 0.37 to 0.83; P=0.004), or died from cardiovascular causes (20 [11.2%] vs. 41 [22.3%]; hazard ratio, 0.49; 95% CI, 0.29 to 0.84; P=0.009). CONCLUSIONS: Catheter ablation for atrial fibrillation in patients with heart failure was associated with a significantly lower rate of a composite end point of death from any cause or hospitalization for worsening heart failure than was medical therapy. (Funded by Biotronik; CASTLE-AF ClinicalTrials.gov number, NCT00643188 .).",2018,heart failure,cardiology,False,,,New England Journal of Medicine,new england journal of medicine,False,openalex,Nassir Marrouche; Johannes Brachmann; Dietrich Andresen; Jürgen Siebels; Lucas V.A. Boersma; Luc Jordaens; Béla Merkely; Evgeny Pokushalov; Prashanthan Sanders; Jochen Proff; Heribert Schunkert; Hildegard Christ; Jürgen Vogt; Dietmar Bänsch,,2426,,,,29385358,,,,,,,True,cited_by_count>=927 (top 10.0%); cited_by_count>=927 (top 10.0%),10.1056/nejmoa1707855,,,False,-0.047907174
https://openalex.org/W3006494999,10.1093/ije/dyw319,"Fruit and vegetable intake and the risk of cardiovascular disease, total cancer and all-cause mortality—a systematic review and dose-response meta-analysis of prospective studies","BACKGROUND AND AIM: Epidemiological studies have reported increased risk of cardiovascular disease, cancer and all-cause mortality with greater resting heart rate, however, the evidence is not consistent. Differences by gender, adjustment for confounding factors, as well as the potential impact of subclinical disease are not clear. A previous meta-analysis missed a large number of studies, and data for atrial fibrillation have not been summarized before. We therefore aimed to clarify these associations in a systematic review and meta-analysis of prospective studies. METHODS AND RESULTS: = 94.0%, n = 48) for all-cause mortality. There was a positive dose-response relationship for all outcomes except for atrial fibrillation for which there was a J-shaped association. CONCLUSION: This meta-analysis found an increased risk of coronary heart disease, sudden cardiac death, heart failure, atrial fibrillation, stroke, cardiovascular disease, total cancer and all-cause mortality with greater resting heart rate.",2016,cardiovascular,cardiology,True,,,International Journal of Epidemiology,international journal of epidemiology,False,openalex,Dagfinn Aune; Edward L. Giovannucci; Paolo Boffetta; Lars Thore Fadnes; NaNa Keum; Teresa Norat; Darren C. Greenwood; Elio Ríboli; Lars J. Vatten; Serena Tonstad,https://doi.org/10.1093/ije/dyw319,2417,,,,28338764,,,,,,,True,cited_by_count>=927 (top 10.0%); cited_by_count>=927 (top 10.0%),10.1093/ije/dyw319,,,False,0.07189105
https://openalex.org/W2749380187,10.1056/nejmoa1709118,Rivaroxaban with or without Aspirin in Stable Cardiovascular Disease,"BACKGROUND: We evaluated whether rivaroxaban alone or in combination with aspirin would be more effective than aspirin alone for secondary cardiovascular prevention. METHODS: In this double-blind trial, we randomly assigned 27,395 participants with stable atherosclerotic vascular disease to receive rivaroxaban (2.5 mg twice daily) plus aspirin (100 mg once daily), rivaroxaban (5 mg twice daily), or aspirin (100 mg once daily). The primary outcome was a composite of cardiovascular death, stroke, or myocardial infarction. The study was stopped for superiority of the rivaroxaban-plus-aspirin group after a mean follow-up of 23 months. RESULTS: The primary outcome occurred in fewer patients in the rivaroxaban-plus-aspirin group than in the aspirin-alone group (379 patients [4.1%] vs. 496 patients [5.4%]; hazard ratio, 0.76; 95% confidence interval [CI], 0.66 to 0.86; P<0.001; z=-4.126), but major bleeding events occurred in more patients in the rivaroxaban-plus-aspirin group (288 patients [3.1%] vs. 170 patients [1.9%]; hazard ratio, 1.70; 95% CI, 1.40 to 2.05; P<0.001). There was no significant difference in intracranial or fatal bleeding between these two groups. There were 313 deaths (3.4%) in the rivaroxaban-plus-aspirin group as compared with 378 (4.1%) in the aspirin-alone group (hazard ratio, 0.82; 95% CI, 0.71 to 0.96; P=0.01; threshold P value for significance, 0.0025). The primary outcome did not occur in significantly fewer patients in the rivaroxaban-alone group than in the aspirin-alone group, but major bleeding events occurred in more patients in the rivaroxaban-alone group. CONCLUSIONS: Among patients with stable atherosclerotic vascular disease, those assigned to rivaroxaban (2.5 mg twice daily) plus aspirin had better cardiovascular outcomes and more major bleeding events than those assigned to aspirin alone. Rivaroxaban (5 mg twice daily) alone did not result in better cardiovascular outcomes than aspirin alone and resulted in more major bleeding events. (Funded by Bayer; COMPASS ClinicalTrials.gov number, NCT01776424 .).",2017,cardiovascular,cardiology,True,,,New England Journal of Medicine,new england journal of medicine,False,openalex,John W. Eikelboom; Stuart J. Connolly; Jackie Bosch; Gilles R. Dagenais; Robert G. Hart; Olga Shestakovska; Rafael Díaz; Marco Alings; Eva Lonn; Sonia S. Anand; Petr Widimský; Masatsugu Hori; Álvaro Avezum; Leopoldo Soares Piegas; Kelley R. Branch; Jeffrey L. Probstfield; Deepak L. Bhatt; Jun Zhu; Yan Liang; Aldo P. Maggioni; Patricio López‐Jaramillo; Martin O’Donnell; Ajay K. Kakkar; Keith A.A. Fox; Alexander Parkhomenko; Georg Ertl; Stefan Störk; Mátyás Keltai; Lars Rydén; Nana Pogosova; Antonio L Dans; Fernando Laņas; Patrick Commerford; Christian Torp‐Pedersen; Tomek J. Guzik; Peter Verhamme; Dragoş Vinereanu; Jae‐Hyung Kim; Andrew M. Tonkin; Basil S. Lewis; Camilo Félix; Khalid Yusoff; Philippe Gabríel Steg; Kaj Metsärinne; Nancy Cook Bruns; Frank Misselwitz; Edmond Chen; Darryl P. Leong; Salim Yusuf,https://doi.org/10.1056/nejmoa1709118,2396,,,,28844192,,,,,,,True,cited_by_count>=927 (top 10.0%); cited_by_count>=927 (top 10.0%),10.1056/nejmoa1709118,,,False,0.0062167235
https://openalex.org/W3110765623,10.1161/cir.0000000000000932,2020 ACC/AHA Guideline for the Management of Patients With Valvular Heart Disease: Executive Summary: A Report of the American College of Cardiology/American Heart Association Joint Committee on Clinical Practice Guidelines,"AIM: This executive summary of the valvular heart disease guideline provides recommendations for clinicians to diagnose and manage valvular heart disease as well as supporting documentation to encourage their use. METHODS: A comprehensive literature search was conducted from January 1, 2010, to March 1, 2020, encompassing studies, reviews, and other evidence conducted on human subjects that were published in English from PubMed, EMBASE, Cochrane, Agency for Healthcare Research and Quality Reports, and other selected database relevant to this guideline. STRUCTURE: Many recommendations from the earlier valvular heart disease guidelines have been updated with new evidence and provides newer options for diagnosis and treatment of valvular heart disease. This summary includes only the recommendations from the full guideline which focus on diagnostic work-up, the timing and choice of surgical and catheter interventions, and recommendations for medical therapy. The reader is referred to the full guideline for graphical flow charts, text, and tables with additional details about the rationale for and implementation of each recommendation, and the evidence tables detailing the data considered in developing these guidelines.",2020,cardiology,cardiology,True,,,Circulation,circulation,False,openalex,Catherine M Otto; Rick A. Nishimura; Robert O. Bonow; Blasé A. Carabello; John P. Erwin; Federico Gentile; Hani Jneid; Eric V. Krieger; Michael J. Mack; Christopher McLeod; Patrick T. O’Gara; Vera H. Rigolin; Thoralf M. Sundt; Annemarie Thompson; Christopher Toly,https://doi.org/10.1161/cir.0000000000000932,2391,,,,33342587,,,,,,,True,cited_by_count>=927 (top 10.0%); cited_by_count>=927 (top 10.0%),10.1161/cir.0000000000000932,,,False,0.022811856
https://openalex.org/W2888814360,10.1186/s12933-018-0762-4,Association between insulin resistance and the development of cardiovascular disease,"For many years, cardiovascular disease (CVD) has been the leading cause of death around the world. Often associated with CVD are comorbidities such as obesity, abnormal lipid profiles and insulin resistance. Insulin is a key hormone that functions as a regulator of cellular metabolism in many tissues in the human body. Insulin resistance is defined as a decrease in tissue response to insulin stimulation thus insulin resistance is characterized by defects in uptake and oxidation of glucose, a decrease in glycogen synthesis, and, to a lesser extent, the ability to suppress lipid oxidation. Literature widely suggests that free fatty acids are the predominant substrate used in the adult myocardium for ATP production, however, the cardiac metabolic network is highly flexible and can use other substrates, such as glucose, lactate or amino acids. During insulin resistance, several metabolic alterations induce the development of cardiovascular disease. For instance, insulin resistance can induce an imbalance in glucose metabolism that generates chronic hyperglycemia, which in turn triggers oxidative stress and causes an inflammatory response that leads to cell damage. Insulin resistance can also alter systemic lipid metabolism which then leads to the development of dyslipidemia and the well-known lipid triad: (1) high levels of plasma triglycerides, (2) low levels of high-density lipoprotein, and (3) the appearance of small dense low-density lipoproteins. This triad, along with endothelial dysfunction, which can also be induced by aberrant insulin signaling, contribute to atherosclerotic plaque formation. Regarding the systemic consequences associated with insulin resistance and the metabolic cardiac alterations, it can be concluded that insulin resistance in the myocardium generates damage by at least three different mechanisms: (1) signal transduction alteration, (2) impaired regulation of substrate metabolism, and (3) altered delivery of substrates to the myocardium. The aim of this review is to discuss the mechanisms associated with insulin resistance and the development of CVD. New therapies focused on decreasing insulin resistance may contribute to a decrease in both CVD and atherosclerotic plaque generation.",2018,cardiovascular,cardiology,True,,,Cardiovascular Diabetology,cardiovascular diabetology,True,openalex,Valeska Ormazábal; Soumyalekshmi Nair; Omar Elfeky; Claudio Aguayo; Carlos Salomón; Felipe Zúñiga,https://doi.org/10.1186/s12933-018-0762-4,2364,,,,30170598,,,,,,,True,cited_by_count>=927 (top 10.0%); cited_by_count>=927 (top 10.0%),10.1186/s12933-018-0762-4,,,False,-0.0134182405
https://openalex.org/W2971294569,10.1056/nejmoa1908655,Angiotensin–Neprilysin Inhibition in Heart Failure with Preserved Ejection Fraction,"BACKGROUND: The angiotensin receptor-neprilysin inhibitor sacubitril-valsartan led to a reduced risk of hospitalization for heart failure or death from cardiovascular causes among patients with heart failure and reduced ejection fraction. The effect of angiotensin receptor-neprilysin inhibition in patients with heart failure with preserved ejection fraction is unclear. METHODS: We randomly assigned 4822 patients with New York Heart Association (NYHA) class II to IV heart failure, ejection fraction of 45% or higher, elevated level of natriuretic peptides, and structural heart disease to receive sacubitril-valsartan (target dose, 97 mg of sacubitril with 103 mg of valsartan twice daily) or valsartan (target dose, 160 mg twice daily). The primary outcome was a composite of total hospitalizations for heart failure and death from cardiovascular causes. Primary outcome components, secondary outcomes (including NYHA class change, worsening renal function, and change in Kansas City Cardiomyopathy Questionnaire [KCCQ] clinical summary score [scale, 0 to 100, with higher scores indicating fewer symptoms and physical limitations]), and safety were also assessed. RESULTS: There were 894 primary events in 526 patients in the sacubitril-valsartan group and 1009 primary events in 557 patients in the valsartan group (rate ratio, 0.87; 95% confidence interval [CI], 0.75 to 1.01; P = 0.06). The incidence of death from cardiovascular causes was 8.5% in the sacubitril-valsartan group and 8.9% in the valsartan group (hazard ratio, 0.95; 95% CI, 0.79 to 1.16); there were 690 and 797 total hospitalizations for heart failure, respectively (rate ratio, 0.85; 95% CI, 0.72 to 1.00). NYHA class improved in 15.0% of the patients in the sacubitril-valsartan group and in 12.6% of those in the valsartan group (odds ratio, 1.45; 95% CI, 1.13 to 1.86); renal function worsened in 1.4% and 2.7%, respectively (hazard ratio, 0.50; 95% CI, 0.33 to 0.77). The mean change in the KCCQ clinical summary score at 8 months was 1.0 point (95% CI, 0.0 to 2.1) higher in the sacubitril-valsartan group. Patients in the sacubitril-valsartan group had a higher incidence of hypotension and angioedema and a lower incidence of hyperkalemia. Among 12 prespecified subgroups, there was suggestion of heterogeneity with possible benefit with sacubitril-valsartan in patients with lower ejection fraction and in women. CONCLUSIONS: Sacubitril-valsartan did not result in a significantly lower rate of total hospitalizations for heart failure and death from cardiovascular causes among patients with heart failure and an ejection fraction of 45% or higher. (Funded by Novartis; PARAGON-HF ClinicalTrials.gov number, NCT01920711.).",2019,heart failure,cardiology,True,,,New England Journal of Medicine,new england journal of medicine,False,openalex,Scott D. Solomon; John J.V. McMurray; Inder S. Anand; Junbo Ge; Carolyn S.P. Lam; Aldo P. Maggioni; Felipe A. Martínez; Milton Packer; Marc A. Pfeffer; Burkert Pieske; Margaret M. Redfield; Jean L. Rouleau; Dirk J. van Veldhuisen; Faı̈ez Zannad; Michael R. Zile; Akshay S. Desai; Brian Claggett; Pardeep S. Jhund; S. А. Boytsov; Josep Comín‐Colet; John G.F. Cleland; Hans‐Dirk Düngen; Eva Gonçalvesová; Tzvetana Katova; Jose F. Kerr Saraiva; Małgorzata Lelonek; Béla Merkely; Michele Senni; Sanjiv J. Shah; Jingmin Zhou; Adel R. Rizkala; Jianjian Gong; Victor Shi; Martin Lefkowitz,https://doi.org/10.1056/nejmoa1908655,2328,,,,31475794,,,,,,,True,cited_by_count>=927 (top 10.0%); cited_by_count>=927 (top 10.0%),10.1056/nejmoa1908655,,,False,0.0399936
https://openalex.org/W2806521060,10.1186/s12933-018-0728-6,Prevalence of cardiovascular disease in type 2 diabetes: a systematic literature review of scientific evidence from across the world in 2007–2017,"BACKGROUND: Cardiovascular disease (CVD) is a common comorbidity in type 2 diabetes (T2DM). CVD's prevalence has been growing over time. PURPOSE: To estimate the current prevalence of CVD among adults with T2DM by reviewing literature published within the last 10 years (2007-March 2017). METHODS: We searched Medline, Embase, and proceedings of major scientific meetings for original research documenting the prevalence of CVD in T2DM. CVD included stroke, myocardial infarction, angina pectoris, heart failure, ischemic heart disease, cardiovascular disease, coronary heart disease, atherosclerosis, and cardiovascular death. No restrictions were placed on country of origin or publication language. Two reviewers independently searched for articles and extracted data, adjudicating results through consensus. Data were summarized descriptively. Risk of bias was examined by applying the STROBE checklist. RESULTS: We analyzed data from 57 articles with 4,549,481 persons having T2DM. Europe produced the most articles (46%), followed by the Western Pacific/China (21%), and North America (13%). Overall in 4,549,481 persons with T2DM, 52.0% were male, 47.0% were obese, aged 63.6 ± 6.9 years old, with T2DM duration of 10.4 ± 3.7 years. CVD affected 32.2% overall (53 studies, N = 4,289,140); 29.1% had atherosclerosis (4 studies, N = 1153), 21.2% had coronary heart disease (42 articles, N = 3,833,200), 14.9% heart failure (14 studies, N = 601,154), 14.6% angina (4 studies, N = 354,743), 10.0% myocardial infarction (13 studies, N = 3,518,833) and 7.6% stroke (39 studies, N = 3,901,505). CVD was the cause of death in 9.9% of T2DM patients (representing 50.3% of all deaths). Risk of bias was low; 80 ± 12% of STROBE checklist items were adequately addressed. CONCLUSIONS: Globally, overall CVD affects approximately 32.2% of all persons with T2DM. CVD is a major cause of mortality among people with T2DM, accounting for approximately half of all deaths over the study period. Coronary artery disease and stroke were the major contributors.",2018,cardiovascular,cardiology,True,,,Cardiovascular Diabetology,cardiovascular diabetology,True,openalex,Thomas R. Einarson; Annabel Acs; Craig Ludwig; Ulrik Haagen Panton,https://doi.org/10.1186/s12933-018-0728-6,2328,,,,29884191,,,,,,,True,cited_by_count>=927 (top 10.0%); cited_by_count>=927 (top 10.0%),10.1186/s12933-018-0728-6,,,False,0.05391329
https://openalex.org/W4402049769,10.1093/eurheartj/ehae176,2024 ESC Guidelines for the management of atrial fibrillation developed in collaboration with the European Association for Cardio-Thoracic Surgery (EACTS),,2024,atrial fibrillation,cardiology,True,,,European Heart Journal,european heart journal,False,openalex,Isabelle C. Van Gelder; Michiel Rienstra; Karina V Bunting; Rubén Casado-Arroyo; Valeria Caso; Harry J.G.M. Crijns; Tom De Potter; Jeremy Dwight; Luigina Guasti; Thorsten Hanke; Tiny Jaarsma; Maddalena Lettino; Maja‐Lisa Løchen; R Thomas Lumbers; Bart Maesen; Inge Mølgaard; Giuseppe Rosano; Prashanthan Sanders; Renate B. Schnabel; Piotr Suwalski; Emma Svennberg; Juan Tamargo; Otilia Țica; Vassil Traykov; Stylianos Tzeis; Dipak Kotecha; ESC Scientific Document Group; Nikolaos Dagres; Bianca Rocca; Syed Ahsan; Pietro Ameri; Elena Arbelo; Axel Bauer; Michael A. Borger; Sergio Buccheri; Barbara Casadei; Ovidiu Chioncel; Dobromir Dobrev; Laurent Fauchier; Bruna Gigante; Michael Glikson; Ziad Hijazi; Gerhard Hindricks; Daniela Husser; Borja Ibáñez; Stefan James; Stefan Kääb; Paulus Kirchhof; Lars Køber; Konstantinos C. Koskinas; Thomas Kümler; Gregory Y H Lip; John Mandrola; Nikolaus Marx; John William Mcevoy; Borislava Mihaylova; Richard Mindham; Denisa Muraru; Lis Neubeck; Jens Cosedis Nielsen; Jonas Oldgren; Maurizio Paciaroni; Agnès Pasquet; Eva Prescott; Filip Rega; Francisco Javier Rossello; Marcin Ruciński; Sacha P. Salzberg; Sam Schulman; Philipp Sommer; Jesper Hastrup Svendsen; Jurriën M. ten Berg; Hugo Ten Cate; Ilonca Vaartjes; Christiaan Vrints; Adam Witkowski; Katja Zeppenfeld; Leonard Simoni; B. Kichou; Hamayak Sisakian; Daniel Scherr; Frank Cools; Elnur Smajić; Tchavdar Shalganov; Šime Manola; Panayiotis Avraamides; Miloš Táborský; Axel Brandes; Ahmed M El-Damaty; Priit Kampus; Pekka Raatikainen; Rodrigue Garcia; Kakhaber Etsadashvili; Lars Eckardt; Eleftherios M. Kallergis; László Gellér; Kristján Guðmundsson; Jonathan Lyne; Ibrahim Marai; Furio Colivicchi,https://doi.org/10.1093/eurheartj/ehae176,2282,,,,39210723,,,,,,,True,cited_by_count>=927 (top 10.0%); cited_by_count>=927 (top 10.0%),10.1093/eurheartj/ehae176,,,False,0.080593094
https://openalex.org/W3045277594,10.1001/jamacardio.2020.3557,Outcomes of Cardiovascular Magnetic Resonance Imaging in Patients Recently Recovered From Coronavirus Disease 2019 (COVID-19),"IMPORTANCE: Coronavirus disease 2019 (COVID-19) continues to cause considerable morbidity and mortality worldwide. Case reports of hospitalized patients suggest that COVID-19 prominently affects the cardiovascular system, but the overall impact remains unknown. OBJECTIVE: To evaluate the presence of myocardial injury in unselected patients recently recovered from COVID-19 illness. DESIGN, SETTING, AND PARTICIPANTS: In this prospective observational cohort study, 100 patients recently recovered from COVID-19 illness were identified from the University Hospital Frankfurt COVID-19 Registry between April and June 2020. EXPOSURE: Recent recovery from severe acute respiratory syndrome coronavirus 2 infection, as determined by reverse transcription-polymerase chain reaction on swab test of the upper respiratory tract. MAIN OUTCOMES AND MEASURES: Demographic characteristics, cardiac blood markers, and cardiovascular magnetic resonance (CMR) imaging were obtained. Comparisons were made with age-matched and sex-matched control groups of healthy volunteers (n = 50) and risk factor-matched patients (n = 57). RESULTS: Of the 100 included patients, 53 (53%) were male, and the mean (SD) age was 49 (14) years. The median (IQR) time interval between COVID-19 diagnosis and CMR was 71 (64-92) days. Of the 100 patients recently recovered from COVID-19, 67 (67%) recovered at home, while 33 (33%) required hospitalization. At the time of CMR, high-sensitivity troponin T (hsTnT) was detectable (greater than 3 pg/mL) in 71 patients recently recovered from COVID-19 (71%) and significantly elevated (greater than 13.9 pg/mL) in 5 patients (5%). Compared with healthy controls and risk factor-matched controls, patients recently recovered from COVID-19 had lower left ventricular ejection fraction, higher left ventricle volumes, and raised native T1 and T2. A total of 78 patients recently recovered from COVID-19 (78%) had abnormal CMR findings, including raised myocardial native T1 (n = 73), raised myocardial native T2 (n = 60), myocardial late gadolinium enhancement (n = 32), or pericardial enhancement (n = 22). There was a small but significant difference between patients who recovered at home vs in the hospital for native T1 mapping (median [IQR], 1119 [1092-1150] ms vs 1141 [1121-1175] ms; P = .008) and hsTnT (4.2 [3.0-5.9] pg/dL vs 6.3 [3.4-7.9] pg/dL; P = .002) but not for native T2 mapping. None of these measures were correlated with time from COVID-19 diagnosis (native T1: r = 0.07; P = .47; native T2: r = 0.14; P = .15; hsTnT: r = -0.07; P = .50). High-sensitivity troponin T was significantly correlated with native T1 mapping (r = 0.33; P < .001) and native T2 mapping (r = 0.18; P = .01). Endomyocardial biopsy in patients with severe findings revealed active lymphocytic inflammation. Native T1 and T2 were the measures with the best discriminatory ability to detect COVID-19-related myocardial pathology. CONCLUSIONS AND RELEVANCE: In this study of a cohort of German patients recently recovered from COVID-19 infection, CMR revealed cardiac involvement in 78 patients (78%) and ongoing myocardial inflammation in 60 patients (60%), independent of preexisting conditions, severity and overall course of the acute illness, and time from the original diagnosis. These findings indicate the need for ongoing investigation of the long-term cardiovascular consequences of COVID-19.",2020,cardiovascular,cardiology,True,,,JAMA Cardiology,jama cardiology,False,openalex,Valentina O. Püntmann; Maria Ludovica Carerj; Imke Wieters; Masia Fahim; Christophe Arendt; Jedrzej Hoffmann; Anastasia Shchendrygina; Felicitas Escher; Mariuca Vasa‐Nicotera; Andreas M. Zeiher; Maria J. G. T. Vehreschild; Eike Nagel,https://doi.org/10.1001/jamacardio.2020.3557,2281,,,,32730619,,,,,,,True,cited_by_count>=927 (top 10.0%); cited_by_count>=927 (top 10.0%),10.1001/jamacardio.2020.3557,,,False,6.2273815e-05
https://openalex.org/W2001328643,10.1056/nejmoa1501031,Efficacy and Safety of Alirocumab in Reducing Lipids and Cardiovascular Events,"BACKGROUND: Alirocumab, a monoclonal antibody that inhibits proprotein convertase subtilisin-kexin type 9 (PCSK9), has been shown to reduce low-density lipoprotein (LDL) cholesterol levels in patients who are receiving statin therapy. Larger and longer-term studies are needed to establish safety and efficacy. METHODS: We conducted a randomized trial involving 2341 patients at high risk for cardiovascular events who had LDL cholesterol levels of 70 mg per deciliter (1.8 mmol per liter) or more and were receiving treatment with statins at the maximum tolerated dose (the highest dose associated with an acceptable side-effect profile), with or without other lipid-lowering therapy. Patients were randomly assigned in a 2:1 ratio to receive alirocumab (150 mg) or placebo as a 1-ml subcutaneous injection every 2 weeks for 78 weeks. The primary efficacy end point was the percentage change in calculated LDL cholesterol level from baseline to week 24. RESULTS: At week 24, the difference between the alirocumab and placebo groups in the mean percentage change from baseline in calculated LDL cholesterol level was -62 percentage points (P<0.001); the treatment effect remained consistent over a period of 78 weeks. The alirocumab group, as compared with the placebo group, had higher rates of injection-site reactions (5.9% vs. 4.2%), myalgia (5.4% vs. 2.9%), neurocognitive events (1.2% vs. 0.5%), and ophthalmologic events (2.9% vs. 1.9%). In a post hoc analysis, the rate of major adverse cardiovascular events (death from coronary heart disease, nonfatal myocardial infarction, fatal or nonfatal ischemic stroke, or unstable angina requiring hospitalization) was lower with alirocumab than with placebo (1.7% vs. 3.3%; hazard ratio, 0.52; 95% confidence interval, 0.31 to 0.90; nominal P=0.02). CONCLUSIONS: Over a period of 78 weeks, alirocumab, when added to statin therapy at the maximum tolerated dose, significantly reduced LDL cholesterol levels. In a post hoc analysis, there was evidence of a reduction in the rate of cardiovascular events with alirocumab. (Funded by Sanofi and Regeneron Pharmaceuticals; ODYSSEY LONG TERM ClinicalTrials.gov number, NCT01507831.).",2015,cardiovascular,cardiology,True,,,New England Journal of Medicine,new england journal of medicine,False,openalex,Jennifer G. Robinson; Michel Farnier; Michel Krempf; Jean Bergeron; Gérald Luc; Maurizio Averna; Erik S.G. Stroes; Gisle Langslet; Frederick J. Raal; Mahfouz El Shahawy; Michael J. Koren; Norman E. Lepor; Christelle Lorenzato; Robert Pordy; Umesh Chaudhari; John J.P. Kastelein,https://doi.org/10.1056/nejmoa1501031,2279,,,,25773378,,,,,,,True,cited_by_count>=927 (top 10.0%); cited_by_count>=927 (top 10.0%),10.1056/nejmoa1501031,,,False,0.0488429
https://openalex.org/W1583406651,10.1056/nejmoa1408288,Approaches to Catheter Ablation for Persistent Atrial Fibrillation,"BACKGROUND: Catheter ablation is less successful for persistent atrial fibrillation than for paroxysmal atrial fibrillation. Guidelines suggest that adjuvant substrate modification in addition to pulmonary-vein isolation is required in persistent atrial fibrillation. METHODS: We randomly assigned 589 patients with persistent atrial fibrillation in a 1:4:4 ratio to ablation with pulmonary-vein isolation alone (67 patients), pulmonary-vein isolation plus ablation of electrograms showing complex fractionated activity (263 patients), or pulmonary-vein isolation plus additional linear ablation across the left atrial roof and mitral valve isthmus (259 patients). The duration of follow-up was 18 months. The primary end point was freedom from any documented recurrence of atrial fibrillation lasting longer than 30 seconds after a single ablation procedure. RESULTS: Procedure time was significantly shorter for pulmonary-vein isolation alone than for the other two procedures (P<0.001). After 18 months, 59% of patients assigned to pulmonary-vein isolation alone were free from recurrent atrial fibrillation, as compared with 49% of patients assigned to pulmonary-vein isolation plus complex electrogram ablation and 46% of patients assigned to pulmonary-vein isolation plus linear ablation (P=0.15). There were also no significant differences among the three groups for the secondary end points, including freedom from atrial fibrillation after two ablation procedures and freedom from any atrial arrhythmia. Complications included tamponade (three patients), stroke or transient ischemic attack (three patients), and atrioesophageal fistula (one patient). CONCLUSIONS: Among patients with persistent atrial fibrillation, we found no reduction in the rate of recurrent atrial fibrillation when either linear ablation or ablation of complex fractionated electrograms was performed in addition to pulmonary-vein isolation. (Funded by St. Jude Medical; ClinicalTrials.gov number, NCT01203748.).",2015,atrial fibrillation,cardiology,True,,,New England Journal of Medicine,new england journal of medicine,False,openalex,Atul Verma; Chenyang Jiang; Timothy R. Betts; Jian Chen; Isabel Deisenhofer; Roberto Mantovan; Laurent Macle; Carlos A. Morillo; Wilhelm Haverkamp; Rukshen Weerasooriya; Jean‐Paul Albenque; Stefano Nardi; Endrj Menardi; Paul Novak; Prashanthan Sanders,https://doi.org/10.1056/nejmoa1408288,2276,,,,25946280,,,,,,,True,cited_by_count>=927 (top 10.0%); cited_by_count>=927 (top 10.0%),10.1056/nejmoa1408288,,,False,-0.093063496
https://openalex.org/W4389166035,10.1161/cir.0000000000001193,2023 ACC/AHA/ACCP/HRS Guideline for the Diagnosis and Management of Atrial Fibrillation: A Report of the American College of Cardiology/American Heart Association Joint Committee on Clinical Practice Guidelines,"AIM: The ""2023 ACC/AHA/ACCP/HRS Guideline for the Diagnosis and Management of Atrial Fibrillation"" provides recommendations to guide clinicians in the treatment of patients with atrial fibrillation. METHODS: A comprehensive literature search was conducted from May 12, 2022, to November 3, 2022, encompassing studies, reviews, and other evidence conducted on human subjects that were published in English from PubMed, EMBASE, the Cochrane Library, the Agency for Healthcare Research and Quality, and other selected databases relevant to this guideline. Additional relevant studies, published through November 2022, during the guideline writing process, were also considered by the writing committee and added to the evidence tables, where appropriate. STRUCTURE: Atrial fibrillation is the most sustained common arrhythmia, and its incidence and prevalence are increasing in the United States and globally. Recommendations from the ""2014 AHA/ACC/HRS Guideline for the Management of Patients With Atrial Fibrillation"" and the ""2019 AHA/ACC/HRS Focused Update of the 2014 AHA/ACC/HRS Guideline for the Management of Patients With Atrial Fibrillation"" have been updated with new evidence to guide clinicians. In addition, new recommendations addressing atrial fibrillation and thromboembolic risk assessment, anticoagulation, left atrial appendage occlusion, atrial fibrillation catheter or surgical ablation, and risk factor modification and atrial fibrillation prevention have been developed.",2023,cardiology,cardiology,True,,,Circulation,circulation,False,openalex,José A. Joglar; Mina K. Chung; Anastasia L. Armbruster; Emelia J. Benjamin; Janice Y. Chyou; Edmond M. Cronin; Anita Deswal; Lee L. Eckhardt; Zachary D. Goldberger; Rakesh Gopinathannair; Bülent Görenek; Paul L. Hess; Mark A. Hlatky; Gail Hogan; Chinwe Ibeh; Julia H. Indik; Kazuhiko Kido; Fred Kusumoto; Mark S. Link; Kathleen T. Linta; Gregory M. Marcus; Patrick M. McCarthy; Nimesh Patel; Kristen K. Patton; Marco Pérez; Jonathan P. Piccini; Andrea M. Russo; Prashanthan Sanders; Megan M. Streur; Kevin L. Thomas; Sabrina Times; James E. Tisdale; Anne Marie Valente; David R. Van Wagoner,https://doi.org/10.1161/cir.0000000000001193,2275,,,,38033089,,,,,,,True,cited_by_count>=927 (top 10.0%); cited_by_count>=927 (top 10.0%),10.1161/cir.0000000000001193,,,False,0.057657417
https://openalex.org/W2888765847,10.1093/eurheartj/ehy340,2018 ESC Guidelines for the management of cardiovascular diseases during pregnancy,peer reviewed,2018,cardiovascular,cardiology,True,,,European Heart Journal,european heart journal,False,openalex,Vera Regitz‐Zagrosek; Jolien W. Roos‐Hesselink; Johann Bauersachs; Carina Blomström‐Lundqvist; Renata Cífková; Michele De Bonis; Bernard Iung; Mark R. Johnson; Ulrich Kintscher; Peter Kranke; Iréne Lang; João Morais; Petronella G. Pieper; Patrizia Presbitero; Susanna Price; Giuseppe Rosano; Ute Seeland; Tommaso Simoncini; Lorna Swan; Carole A. Warnes; ESC Scientific Document Group; Christi Deaton; Iain A. Simpson; Victor Aboyans; Stefan Agewall; Emanuele Barbato; Pavel Calda; Antonio Coca; Ioan Mircea Coman; Julie De Backer; Victoria Delgado; Giovanni Di Salvo; Samantha Fitzsimmons; Donna Fitzsimons; Madalina Garbi; Sofie Gevaert; Gerhard Hindricks; Guillaume Jondeau; Jolanda Kluin; Christos Lionis; Theresa A. McDonagh; Pascal Meier; Philip Moons; Antonis Pantazis; Massimo Piepoli; Bianca Rocca; Marco Roffi; Stephan Rosenkranz; Andrea Sarkozy; Е. V. Shlyakhto; Candice Silversides; Karen Sliwa; Miguel Sousa‐Uva; Juan Tamargo; Sara Thorne; Marc Van de Velde; Bryan Williams; José Luis Zamorano; Stephan Windecker; Victor Aboyans; Stefan Agewall; Emanuele Barbato; Héctor Bueno; Antonio Coca; Jean‐Philippe Collet; Ioan Mircea Coman; Verónica Dean; Victoria Delgado; Donna Fitzsimons; Oliver Gaemperli; Gerhard Hindricks; Bernard Iung; Peter Jüni; Hugo A. Katus; Juhani Knuuti; Patrizio Lancellotti; Christophe Leclercq; Theresa A. McDonagh; Massimo Piepoli; Piotr Ponikowski; Dimitrios J. Richter; Marco Roffi; Е. V. Shlyakhto; Iain A. Simpson; Miguel Sousa‐Uva; José Luis Zamorano; Naima Hammoudi; Armen Piruzyan; Julia Mascherbauer; Fuad Samadov; Andrei Prystrom; Agnès Pasquet; Jasmin Čaluk; Nina Gotcheva; Boško Skorić; Hera Heracleous; Niels Vejlstrup; Maarja Maser; Risto Juhani Kaaja; Elizabeta Srbinovska‐Kostovska,https://doi.org/10.1093/eurheartj/ehy340,2235,,,,30165544,,,,,,,True,cited_by_count>=927 (top 10.0%); cited_by_count>=927 (top 10.0%),10.1093/eurheartj/ehy340,,,False,0.16013604
https://openalex.org/W2912139642,10.1016/j.jacc.2019.01.011,2019 AHA/ACC/HRS Focused Update of the 2014 AHA/ACC/HRS Guideline for the Management of Patients With Atrial Fibrillation,,2019,atrial fibrillation,cardiology,False,,,Journal of the American College of Cardiology,journal of the american college of cardiology,False,openalex,Craig T. January; L. Samüel Wann; Hugh Calkins; Lin Y. Chen; Joaquin E. Cigarroa; Joseph C. Cleveland; Patrick T. Ellinor; Michael D. Ezekowitz; Michael E. Field; Karen L. Furie; Paul A. Heidenreich; Katherine T. Murray; Julie B. Shea; Cynthia M. Tracy; Clyde W. Yancy,,2181,,,,30703431,,,,,,,True,cited_by_count>=927 (top 10.0%); cited_by_count>=927 (top 10.0%),10.1016/j.jacc.2019.01.011,,,False,0.08835654
https://openalex.org/W2226817873,10.1161/circulationaha.115.018585,"Dietary and Policy Priorities for Cardiovascular Disease, Diabetes, and Obesity","Suboptimal nutrition is a leading cause of poor health. Nutrition and policy science have advanced rapidly, creating confusion yet also providing powerful opportunities to reduce the adverse health and economic impacts of poor diets. This review considers the history, new evidence, controversies, and corresponding lessons for modern dietary and policy priorities for cardiovascular diseases, obesity, and diabetes mellitus. Major identified themes include the importance of evaluating the full diversity of diet-related risk pathways, not only blood lipids or obesity; focusing on foods and overall diet patterns, rather than single isolated nutrients; recognizing the complex influences of different foods on long-term weight regulation, rather than simply counting calories; and characterizing and implementing evidence-based strategies, including policy approaches, for lifestyle change. Evidence-informed dietary priorities include increased fruits, nonstarchy vegetables, nuts, legumes, fish, vegetable oils, yogurt, and minimally processed whole grains; and fewer red meats, processed (eg, sodium-preserved) meats, and foods rich in refined grains, starch, added sugars, salt, and trans fat. More investigation is needed on the cardiometabolic effects of phenolics, dairy fat, probiotics, fermentation, coffee, tea, cocoa, eggs, specific vegetable and tropical oils, vitamin D, individual fatty acids, and diet-microbiome interactions. Little evidence to date supports the cardiometabolic relevance of other popular priorities: eg, local, organic, grass-fed, farmed/wild, or non-genetically modified. Evidence-based personalized nutrition appears to depend more on nongenetic characteristics (eg, physical activity, abdominal adiposity, gender, socioeconomic status, culture) than genetic factors. Food choices must be strongly supported by clinical behavior change efforts, health systems reforms, novel technologies, and robust policy strategies targeting economic incentives, schools and workplaces, neighborhood environments, and the food system. Scientific advances provide crucial new insights on optimal targets and best practices to reduce the burdens of diet-related cardiometabolic diseases.",2016,cardiovascular,cardiology,True,,,Circulation,circulation,False,openalex,Dariush Mozaffarian,https://www.ncbi.nlm.nih.gov/pmc/articles/4814348,2171,,,,26746178,,,,,,,True,cited_by_count>=927 (top 10.0%); cited_by_count>=927 (top 10.0%),10.1161/circulationaha.115.018585,,,False,0.06496523
https://openalex.org/W2522665294,10.1161/circresaha.116.303577,The Biological Basis for Cardiac Repair After Myocardial Infarction,"In adult mammals, massive sudden loss of cardiomyocytes after infarction overwhelms the limited regenerative capacity of the myocardium, resulting in the formation of a collagen-based scar. Necrotic cells release danger signals, activating innate immune pathways and triggering an intense inflammatory response. Stimulation of toll-like receptor signaling and complement activation induces expression of proinflammatory cytokines (such as interleukin-1 and tumor necrosis factor-α) and chemokines (such as monocyte chemoattractant protein-1/ chemokine (C-C motif) ligand 2 [CCL2]). Inflammatory signals promote adhesive interactions between leukocytes and endothelial cells, leading to extravasation of neutrophils and monocytes. As infiltrating leukocytes clear the infarct from dead cells, mediators repressing inflammation are released, and anti-inflammatory mononuclear cell subsets predominate. Suppression of the inflammatory response is associated with activation of reparative cells. Fibroblasts proliferate, undergo myofibroblast transdifferentiation, and deposit large amounts of extracellular matrix proteins maintaining the structural integrity of the infarcted ventricle. The renin-angiotensin-aldosterone system and members of the transforming growth factor-β family play an important role in activation of infarct myofibroblasts. Maturation of the scar follows, as a network of cross-linked collagenous matrix is formed and granulation tissue cells become apoptotic. This review discusses the cellular effectors and molecular signals regulating the inflammatory and reparative response after myocardial infarction. Dysregulation of immune pathways, impaired suppression of postinfarction inflammation, perturbed spatial containment of the inflammatory response, and overactive fibrosis may cause adverse remodeling in patients with infarction contributing to the pathogenesis of heart failure. Therapeutic modulation of the inflammatory and reparative response may hold promise for the prevention of postinfarction heart failure.",2016,myocardial infarction,cardiology,True,,,Circulation Research,circulation research,False,openalex,Sumanth D. Prabhu; Nikolaos G. Frangogiannis,https://www.ncbi.nlm.nih.gov/pmc/articles/4922528,2154,,,,27340270,,,,,,,True,cited_by_count>=927 (top 10.0%); cited_by_count>=927 (top 10.0%),10.1161/circresaha.116.303577,,,False,-0.032116726
https://openalex.org/W3011439019,10.1007/s00392-020-01626-9,Prevalence and impact of cardiovascular metabolic diseases on COVID-19 in China,,2020,cardiovascular,cardiology,True,,,Clinical Research in Cardiology,clinical research in cardiology,False,openalex,Bo Li; Jing Yang; Faming Zhao; Lili Zhi; Xiqian Wang; Lin Liu; Zhaohui Bi; Yunhe Zhao,https://doi.org/10.1007/s00392-020-01626-9,2149,,,,32161990,,,,,,,True,cited_by_count>=927 (top 10.0%); cited_by_count>=927 (top 10.0%),10.1007/s00392-020-01626-9,,,False,0.019427244
https://openalex.org/W2792857103,10.1093/eurheartj/ehy136,The 2018 European Heart Rhythm Association Practical Guide on the use of non-vitamin K antagonist oral anticoagulants in patients with atrial fibrillation,"The current manuscript is the second update of the original Practical Guide, published in 2013 [Heidbuchel et al. European Heart Rhythm Association Practical Guide on the use of new oral anticoagulants in patients with non-valvular atrial fibrillation. Europace 2013;15:625-651; Heidbuchel et al. Updated European Heart Rhythm Association Practical Guide on the use of non-vitamin K antagonist anticoagulants in patients with non-valvular atrial fibrillation. Europace 2015;17:1467-1507]. Non-vitamin K antagonist oral anticoagulants (NOACs) are an alternative for vitamin K antagonists (VKAs) to prevent stroke in patients with atrial fibrillation (AF) and have emerged as the preferred choice, particularly in patients newly started on anticoagulation. Both physicians and patients are becoming more accustomed to the use of these drugs in clinical practice. However, many unresolved questions on how to optimally use these agents in specific clinical situations remain. The European Heart Rhythm Association (EHRA) set out to coordinate a unified way of informing physicians on the use of the different NOACs. A writing group identified 20 topics of concrete clinical scenarios for which practical answers were formulated, based on available evidence. The 20 topics are as follows i.e., (1) Eligibility for NOACs; (2) Practical start-up and follow-up scheme for patients on NOACs; (3) Ensuring adherence to prescribed oral anticoagulant intake; (4) Switching between anticoagulant regimens; (5) Pharmacokinetics and drug-drug interactions of NOACs; (6) NOACs in patients with chronic kidney or advanced liver disease; (7) How to measure the anticoagulant effect of NOACs; (8) NOAC plasma level measurement: rare indications, precautions, and potential pitfalls; (9) How to deal with dosing errors; (10) What to do if there is a (suspected) overdose without bleeding, or a clotting test is indicating a potential risk of bleeding; (11) Management of bleeding under NOAC therapy; (12) Patients undergoing a planned invasive procedure, surgery or ablation; (13) Patients requiring an urgent surgical intervention; (14) Patients with AF and coronary artery disease; (15) Avoiding confusion with NOAC dosing across indications; (16) Cardioversion in a NOAC-treated patient; (17) AF patients presenting with acute stroke while on NOACs; (18) NOACs in special situations; (19) Anticoagulation in AF patients with a malignancy; and (20) Optimizing dose adjustments of VKA. Additional information and downloads of the text and anticoagulation cards in different languages can be found on an EHRA website (www.NOACforAF.eu).",2018,atrial fibrillation,cardiology,True,,,European Heart Journal,european heart journal,False,openalex,Jan Steffel; Peter Verhamme; Tatjana Potpara; Pierre Albaladejo; Matthias Antz; Lien Desteghe; Karl Georg Hæusler; Jonas Oldgren; Holger Reinecke; Vanessa Roldan-Schilling; Nigel Rowell; Peter Sinnaeve; Rónán Collins; A. John Camm; Hein Heidbüchel; ESC Scientific Document Group; Gregory Y.H. Lip; Jeffrey I. Weitz; Laurent Fauchier; Deirdre A. Lane; Giuseppe Boriani; Andreas Goette; Roberto Keegan; Robert J. MacFadyen; Chern‐En Chiang; Boyoung Joung; Wataru Shimizu,https://doi.org/10.1093/eurheartj/ehy136,2133,,,,29562325,,,,,,,True,cited_by_count>=927 (top 10.0%); cited_by_count>=927 (top 10.0%),10.1093/eurheartj/ehy136,,,False,0.07624224
https://openalex.org/W2754041380,10.1056/nejmoa1612917,Effects of Once-Weekly Exenatide on Cardiovascular Outcomes in Type 2 Diabetes,"BACKGROUND: The cardiovascular effects of adding once-weekly treatment with exenatide to usual care in patients with type 2 diabetes are unknown. METHODS: We randomly assigned patients with type 2 diabetes, with or without previous cardiovascular disease, to receive subcutaneous injections of extended-release exenatide at a dose of 2 mg or matching placebo once weekly. The primary composite outcome was the first occurrence of death from cardiovascular causes, nonfatal myocardial infarction, or nonfatal stroke. The coprimary hypotheses were that exenatide, administered once weekly, would be noninferior to placebo with respect to safety and superior to placebo with respect to efficacy. RESULTS: In all, 14,752 patients (of whom 10,782 [73.1%] had previous cardiovascular disease) were followed for a median of 3.2 years (interquartile range, 2.2 to 4.4). A primary composite outcome event occurred in 839 of 7356 patients (11.4%; 3.7 events per 100 person-years) in the exenatide group and in 905 of 7396 patients (12.2%; 4.0 events per 100 person-years) in the placebo group (hazard ratio, 0.91; 95% confidence interval [CI], 0.83 to 1.00), with the intention-to-treat analysis indicating that exenatide, administered once weekly, was noninferior to placebo with respect to safety (P<0.001 for noninferiority) but was not superior to placebo with respect to efficacy (P=0.06 for superiority). The rates of death from cardiovascular causes, fatal or nonfatal myocardial infarction, fatal or nonfatal stroke, hospitalization for heart failure, and hospitalization for acute coronary syndrome, and the incidence of acute pancreatitis, pancreatic cancer, medullary thyroid carcinoma, and serious adverse events did not differ significantly between the two groups. CONCLUSIONS: Among patients with type 2 diabetes with or without previous cardiovascular disease, the incidence of major adverse cardiovascular events did not differ significantly between patients who received exenatide and those who received placebo. (Funded by Amylin Pharmaceuticals; EXSCEL ClinicalTrials.gov number, NCT01144338 .).",2017,cardiovascular,cardiology,True,,,New England Journal of Medicine,new england journal of medicine,False,openalex,Rury R. Holman; M. Angelyn Bethel; Robert J. Mentz; Vivian P. Thompson; Yuliya Lokhnygina; John B. Buse; Juliana C.N. Chan; Jasmine Choi; Stephanie M. Gustavson; Nayyar Iqbal; Aldo P. Maggioni; Steven P. Marso; Peter Öhman; Neha J. Pagidipati; Neil R Poulter; Ambady Ramachandran; Bernard Zinman; Adrian F. Hernandez,https://doi.org/10.1056/nejmoa1612917,2123,,,,28910237,,,,,,,True,cited_by_count>=927 (top 10.0%); cited_by_count>=927 (top 10.0%),10.1056/nejmoa1612917,,,False,-0.038626526
https://openalex.org/W4210520398,10.1002/ejhf.2333,2021 ESC Guidelines for the diagnosis and treatment of acute and chronic heart failure,"Document Reviewers: Rudolf A. de Boer (CPG Review Coordinator) (Netherlands), P. Christian Schulze (CPG Review Coordinator) (Germany), Magdy Abdelhamid (Egypt), Victor Aboyans (France), Stamatis Adamopoulos (Greece), Stefan D. Anker (Germany), Elena Arbelo (Spain), Riccardo Asteggiano (Italy), Johann Bauersachs (Germany), Antoni Bayes-Genis (Spain), Michael A. Borger (Germany), Werner Budts (Belgium), Maja Cikes (Croatia), Kevin Damman (Netherlands), Victoria Delgado (Netherlands), Paul Dendale (Belgium), Polychronis Dilaveris (Greece), Heinz Drexel (Austria), Justin Ezekowitz (Canada), Volkmar Falk (Germany), Laurent Fauchier (France), Gerasimos Filippatos (Greece), Alan Fraser (United Kingdom), Norbert Frey (Germany), Chris P. Gale (United Kingdom), Finn Gustafsson (Denmark), Julie Harris (United Kingdom), Bernard Iung (France), Stefan Janssens (Belgium), Mariell Jessup (United States of America), Aleksandra Konradi (Russia), Dipak Kotecha (United Kingdom), Ekaterini Lambrinou (Cyprus), Patrizio Lancellotti (Belgium), Ulf Landmesser (Germany), Christophe Leclercq (France), Basil S. Lewis (Israel), Francisco Leyva (United Kingdom), AleVs Linhart (Czech Republic), Maja-Lisa Løchen (Norway), Lars H. Lund (Sweden), Donna Mancini (United States of America), Josep Masip (Spain), Davor Milicic (Croatia), Christian Mueller (Switzerland), Holger Nef (Germany), Jens-Cosedis Nielsen (Denmark), Lis Neubeck (United Kingdom), Michel Noutsias (Germany), Steffen E. Petersen (United Kingdom), Anna Sonia Petronio (Italy), Piotr Ponikowski (Poland), Eva Prescott (Denmark), Amina Rakisheva (Kazakhstan), Dimitrios J. Richter (Greece), Evgeny Schlyakhto (Russia), Petar Seferovic (Serbia), Michele Senni (Italy), Marta Sitges (Spain), Miguel Sousa-Uva (Portugal), Carlo G. Tocchetti (Italy), Rhian M. Touyz (United Kingdom), Carsten Tschoepe (Germany), Johannes Waltenberger (Germany/Switzerland) All experts involved in the development of these guidelines have submitted declarations of interest. These have been compiled in a report and published in a supplementary document simultaneously to the guidelines. The report is also available on the ESC website www.escardio.org/guidelines For the Supplementary Data which include background information and detailed discussion of the data that have provided the basis for the guidelines see European Heart Journal online.",2022,heart failure,cardiology,True,,,European Journal of Heart Failure,european journal of heart failure,False,openalex,Authors/Task Force Members:; Theresa McDonagh; Marco Metra; Marianna Adamo; Roy S. Gardner; Andreas Baumbach; Michael Böhm; Haran Burri; Javed Butler; Jelena Čelutkienė; Ovidiu Chioncel; John G.F. Cleland; Andrew J.S. Coats; Maria G. Crespo‐Leiro; Dimitrios Farmakis; Martine Gilard; Stéphane Heymans; Arno W. Hoes; Tiny Jaarsma; Ewa A. Jankowska; Mitja Lainščak; Carolyn S.P. Lam; Alexander R. Lyon; John J.V. McMurray; Alexandre Mebazaa; Richard Mindham; Claudio Muneretto; Massimo Piepoli; Susanna Price; Giuseppe M.C. Rosano; Frank Ruschitzka; Anne Kathrine Skibelund; ESC Scientific Document Group,https://cris.maastrichtuniversity.nl/en/publications/2c9bc952-c5c4-41d2-8b1f-b3e1376c9b08,2106,,,,35083827,,,,,,,True,cited_by_count>=927 (top 10.0%); cited_by_count>=927 (top 10.0%),10.1002/ejhf.2333,,,False,0.028522134
https://openalex.org/W4386151215,10.1093/eurheartj/ehad195,2023 Focused Update of the 2021 ESC Guidelines for the diagnosis and treatment of acute and chronic heart failure,International audience,2023,heart failure,cardiology,True,,,European Heart Journal,european heart journal,False,openalex,Theresa A. McDonagh; Marco Metra; Marianna Adamo; Roy S. Gardner; Andreas Baumbach; Michael Böhm; Haran Burri; Javed Butler; Jelena Čelutkienė; Ovidiu Chioncel; John G.F. Cleland; María G. Crespo‐Leiro; Dimitrios Farmakis; Martine Gilard; Stéphane Heymans; Arno W. Hoes; Tiny Jaarsma; Ewa A. Jankowska; Mitja Lainščak; Carolyn S.P. Lam; Alexander R. Lyon; John J.V. McMurray; Alexandre Mebazaa; Richard Mindham; Claudio Muneretto; Massimo Piepoli; Susanna Price; Giuseppe Rosano; Frank Ruschitzka; Anne Kathrine Skibelund; ESC Scientific Document Group; Rudolf A. de Boer; P. Christian Schulze; Elena Arbelo; Jozef Bartúnek; Johann Bauersachs; Michael A Borger; Sergio Buccheri; Elisabetta Cerbai; Erwan Donal; Frank Edelmann; Gloria Färber; Bettina Heidecker; Borja Ibanez; Stefan James; Lars Køber; Konstantinos C Koskinas; Josep Masip; John W. McEvoy; Robert J. Mentz; Borislava Mihaylova; Jacob Eifer Møller; Wilfried Müllens; Lis Neubeck; Jens Cosedis Nielsen; Agnès Pasquet; Piotr Ponikowski; Eva Prescott; Amina Rakisheva; Bianca Rocca; Xavier Rosselló; Leyla Elif Sade; Hannah Schaubroeck; Elena Tessitore; Mariya Tokmakova; Peter van der Meer; Isabelle C. Van Gelder; Mattias Van Heetvelde; Christiaan Vrints; Matthias Wilhelm; Adam Witkowski; Katja Zeppenfeld; Naltin Shuka; Mohammed Chettibi; Hamlet Hayrapetyan; Noémi Pávó; Aysel İslamlı; Anne–Catherine Pouleur; Zumreta Kušljugić; Mariya Tokmakova; Davor Miličić; Theodoros Christodoulides; Filip Málek; Lars Køber; M. Koriem; Pentti Põder; Johan Lassus; François Roubille; Vaja Agladze; Stefan Frantz; Alexia Stavrati; Annamária Kosztin; Inga Jóna Ingimarsdóttir; Patricia Campbell; Tal Hasin; Fabrizio Oliva; Nazipa Aidargaliyeva; Gani Bajraktari; Erkin М Мirrakhimov; Ginta Kamzola,https://doi.org/10.1093/eurheartj/ehad195,2095,,,,37622666,,,,,,,True,cited_by_count>=927 (top 10.0%); cited_by_count>=927 (top 10.0%),10.1093/eurheartj/ehad195,,,False,0.100973904
https://openalex.org/W4210511145,10.1038/s41591-022-01689-3,Long-term cardiovascular outcomes of COVID-19,"The cardiovascular complications of acute coronavirus disease 2019 (COVID-19) are well described, but the post-acute cardiovascular manifestations of COVID-19 have not yet been comprehensively characterized. Here we used national healthcare databases from the US Department of Veterans Affairs to build a cohort of 153,760 individuals with COVID-19, as well as two sets of control cohorts with 5,637,647 (contemporary controls) and 5,859,411 (historical controls) individuals, to estimate risks and 1-year burdens of a set of pre-specified incident cardiovascular outcomes. We show that, beyond the first 30 d after infection, individuals with COVID-19 are at increased risk of incident cardiovascular disease spanning several categories, including cerebrovascular disorders, dysrhythmias, ischemic and non-ischemic heart disease, pericarditis, myocarditis, heart failure and thromboembolic disease. These risks and burdens were evident even among individuals who were not hospitalized during the acute phase of the infection and increased in a graded fashion according to the care setting during the acute phase (non-hospitalized, hospitalized and admitted to intensive care). Our results provide evidence that the risk and 1-year burden of cardiovascular disease in survivors of acute COVID-19 are substantial. Care pathways of those surviving the acute episode of COVID-19 should include attention to cardiovascular health and disease.",2022,cardiovascular,cardiology,True,,,Nature Medicine,nature medicine,False,openalex,Yan Xie; Evan Xu; Benjamin Bowe; Ziyad Al‐Aly,https://doi.org/10.1038/s41591-022-01689-3,2080,,,,35132265,,,,,,,True,cited_by_count>=927 (top 10.0%); cited_by_count>=927 (top 10.0%),10.1038/s41591-022-01689-3,,,False,-0.0067901835
https://openalex.org/W3010848803,10.1016/j.jacc.2020.03.031,"Cardiovascular Considerations for Patients, Health Care Workers, and Health Systems During the COVID-19 Pandemic",,2020,cardiovascular,cardiology,True,,,Journal of the American College of Cardiology,journal of the american college of cardiology,False,openalex,Elissa Driggin; Mahesh V. Madhavan; Behnood Bikdeli; Taylor Chuich; Justin Laracy; Giuseppe Biondi‐Zoccai; Tyler S. Brown; Caroline Der‐Nigoghossian; David A. Zidar; Jennifer Haythe; Daniel Brodie; Joshua A. Beckman; Ajay J. Kirtane; Gregg W. Stone; Harlan M. Krumholz; Sahil A. Parikh,https://www.ncbi.nlm.nih.gov/pmc/articles/7198856,2078,,,,32201335,,,,,,,True,cited_by_count>=927 (top 10.0%); cited_by_count>=927 (top 10.0%),10.1016/j.jacc.2020.03.031,,,False,0.013847873
https://openalex.org/W3082794714,10.1056/nejmoa2019422,Early Rhythm-Control Therapy in Patients with Atrial Fibrillation,"BACKGROUND: Despite improvements in the management of atrial fibrillation, patients with this condition remain at increased risk for cardiovascular complications. It is unclear whether early rhythm-control therapy can reduce this risk. METHODS: In this international, investigator-initiated, parallel-group, open, blinded-outcome-assessment trial, we randomly assigned patients who had early atrial fibrillation (diagnosed ≤1 year before enrollment) and cardiovascular conditions to receive either early rhythm control or usual care. Early rhythm control included treatment with antiarrhythmic drugs or atrial fibrillation ablation after randomization. Usual care limited rhythm control to the management of atrial fibrillation-related symptoms. The first primary outcome was a composite of death from cardiovascular causes, stroke, or hospitalization with worsening of heart failure or acute coronary syndrome; the second primary outcome was the number of nights spent in the hospital per year. The primary safety outcome was a composite of death, stroke, or serious adverse events related to rhythm-control therapy. Secondary outcomes, including symptoms and left ventricular function, were also evaluated. RESULTS: In 135 centers, 2789 patients with early atrial fibrillation (median time since diagnosis, 36 days) underwent randomization. The trial was stopped for efficacy at the third interim analysis after a median of 5.1 years of follow-up per patient. A first-primary-outcome event occurred in 249 of the patients assigned to early rhythm control (3.9 per 100 person-years) and in 316 patients assigned to usual care (5.0 per 100 person-years) (hazard ratio, 0.79; 96% confidence interval, 0.66 to 0.94; P = 0.005). The mean (±SD) number of nights spent in the hospital did not differ significantly between the groups (5.8±21.9 and 5.1±15.5 days per year, respectively; P = 0.23). The percentage of patients with a primary safety outcome event did not differ significantly between the groups; serious adverse events related to rhythm-control therapy occurred in 4.9% of the patients assigned to early rhythm control and 1.4% of the patients assigned to usual care. Symptoms and left ventricular function at 2 years did not differ significantly between the groups. CONCLUSIONS: Early rhythm-control therapy was associated with a lower risk of adverse cardiovascular outcomes than usual care among patients with early atrial fibrillation and cardiovascular conditions. (Funded by the German Ministry of Education and Research and others; EAST-AFNET 4 ISRCTN number, ISRCTN04708680; ClinicalTrials.gov number, NCT01288352; EudraCT number, 2010-021258-20.).",2020,atrial fibrillation,cardiology,True,,,New England Journal of Medicine,new england journal of medicine,False,openalex,Paulus Kirchhof; A. John Camm; Andreas Goette; Axel Brandes; Lars Eckardt; Arif Elvan; Thomas Fetsch; Isabelle C. Van Gelder; Doreen Haase; Laurent Haegeli; F. Hamann; Hein Heidbüchel; Gerhard Hindricks; Josef Kautzner; Karl‐Heinz Kück; Lluı́s Mont; G. André Ng; Jerzy Rekosz; Norbert Schoen; Ulrich Schotten; Anna Suling; Jens Taggeselle; Sakis Themistoclakis; Eik Vettorazzi; Panos Vardas; Karl Wegscheider; Stephan Willems; Harry J.G.M. Crijns; Günter Breithardt,https://doi.org/10.1056/nejmoa2019422,2067,,,,32865375,,,,,,,True,cited_by_count>=927 (top 10.0%); cited_by_count>=927 (top 10.0%),10.1056/nejmoa2019422,,,False,0.061517112
https://openalex.org/W2508221593,10.1056/nejmoa1606599,CPAP for Prevention of Cardiovascular Events in Obstructive Sleep Apnea,"BACKGROUND: Obstructive sleep apnea is associated with an increased risk of cardiovascular events; whether treatment with continuous positive airway pressure (CPAP) prevents major cardiovascular events is uncertain. METHODS: After a 1-week run-in period during which the participants used sham CPAP, we randomly assigned 2717 eligible adults between 45 and 75 years of age who had moderate-to-severe obstructive sleep apnea and coronary or cerebrovascular disease to receive CPAP treatment plus usual care (CPAP group) or usual care alone (usual-care group). The primary composite end point was death from cardiovascular causes, myocardial infarction, stroke, or hospitalization for unstable angina, heart failure, or transient ischemic attack. Secondary end points included other cardiovascular outcomes, health-related quality of life, snoring symptoms, daytime sleepiness, and mood. RESULTS: Most of the participants were men who had moderate-to-severe obstructive sleep apnea and minimal sleepiness. In the CPAP group, the mean duration of adherence to CPAP therapy was 3.3 hours per night, and the mean apnea-hypopnea index (the number of apnea or hypopnea events per hour of recording) decreased from 29.0 events per hour at baseline to 3.7 events per hour during follow-up. After a mean follow-up of 3.7 years, a primary end-point event had occurred in 229 participants in the CPAP group (17.0%) and in 207 participants in the usual-care group (15.4%) (hazard ratio with CPAP, 1.10; 95% confidence interval, 0.91 to 1.32; P=0.34). No significant effect on any individual or other composite cardiovascular end point was observed. CPAP significantly reduced snoring and daytime sleepiness and improved health-related quality of life and mood. CONCLUSIONS: Therapy with CPAP plus usual care, as compared with usual care alone, did not prevent cardiovascular events in patients with moderate-to-severe obstructive sleep apnea and established cardiovascular disease. (Funded by the National Health and Medical Research Council of Australia and others; SAVE ClinicalTrials.gov number, NCT00738179 ; Australian New Zealand Clinical Trials Registry number, ACTRN12608000409370 .).",2016,cardiovascular,cardiology,False,,,New England Journal of Medicine,new england journal of medicine,False,openalex,R. Doug McEvoy; Nick A. Antic; Emma Heeley; Yuanming Luo; Qiong Ou; Xilong Zhang; Olga Mediano; Rui Chen; Luciano F. Drager; Zhihong Liu; Guofang Chen; Baoliang Du; Nigel McArdle; Sutapa Mukherjee; Manjari Tripathi; Laurent Billot; Qiang Li; Geraldo Lorenzi‐Filho; Ferrán Barbé; Susan Redline; Ji‐Guang Wang; Hisatomi Arima; Bruce Neal; David P. White; Ronald R. Grunstein; Nanshan Zhong; Craig S. Anderson,,2035,,,,27571048,,,,,,,True,cited_by_count>=927 (top 10.0%); cited_by_count>=927 (top 10.0%),10.1056/nejmoa1606599,,,False,-0.017970756
https://openalex.org/W4308559981,10.1016/j.jacc.2022.11.005,The Global Burden of Cardiovascular Diseases and Risk,,2022,cardiovascular,cardiology,False,,,Journal of the American College of Cardiology,journal of the american college of cardiology,False,openalex,Muthiah Vaduganathan; George A. Mensah; Justine Varieur Turco; Valentı́n Fuster; Gregory A. Roth,,2029,,,,36368511,,,,,,,True,cited_by_count>=927 (top 10.0%); cited_by_count>=927 (top 10.0%),10.1016/j.jacc.2022.11.005,,,False,0.07743503
https://openalex.org/W4205698737,10.1161/cir.0000000000000916,Part 3: Adult Basic and Advanced Life Support: 2020 American Heart Association Guidelines for Cardiopulmonary Resuscitation and Emergency Cardiovascular Care,,2020,cardiovascular,cardiology,False,,,Circulation,circulation,False,openalex,Ashish R. Panchal; Jason A. Bartos; José G. Cabañas; Michael W. Donnino; Ian R. Drennan; Karen G. Hirsch; Peter J. Kudenchuk; Michael C. Kurz; Eric J. Lavonas; Peter T. Morley; Brian J. O’Neil; Mary Ann Peberdy; Jon C. Rittenberger; Amber J. Rodriguez; Kelly N. Sawyer; Katherine M. Berg; Julie M.R. Arafeh; Justin L. Benoit; Maureen Chase; Antonio B. Fernández; Edison Ferreira de Paiva; Bryan L. Fischberg; Gustavo E. Flores; Peter Fromm; Raúl J. Gazmuri; B Gibson; Theresa Hoadley; Cindy H. Hsu; Mahmoud Issa; Adam Kessler; Mark S. Link; David J. Magid; Keith Marrill; Tonia Nicholson; Joseph P. Ornato; Garrett S. Pacheco; Michael Parr; Rahul Pawar; James Jaxton; Sarah M. Perman; James Pribble; Derek A. Robinett; Daniel M. Rolston; Comilla Sasson; Sree Satyapriya; Travis Sharkey; Jasmeet Soar; Deb Torman; Benjamin von Schweinitz; Anezi Uzendu; Carolyn M. Zelop; David J. Magid,,2029,,,,,,,,,,,True,cited_by_count>=927 (top 10.0%); cited_by_count>=927 (top 10.0%),10.1161/cir.0000000000000916,,,False,0.095533945
https://openalex.org/W4220946720,10.1161/cir.0000000000001063,2022 AHA/ACC/HFSA Guideline for the Management of Heart Failure: A Report of the American College of Cardiology/American Heart Association Joint Committee on Clinical Practice Guidelines,"AIM: The ""2022 AHA/ACC/HFSA Guideline for the Management of Heart Failure"" replaces the ""2013 ACCF/AHA Guideline for the Management of Heart Failure"" and the ""2017 ACC/AHA/HFSA Focused Update of the 2013 ACCF/AHA Guideline for the Management of Heart Failure."" The 2022 guideline is intended to provide patient-centric recommendations for clinicians to prevent, diagnose, and manage patients with heart failure. METHODS: A comprehensive literature search was conducted from May 2020 to December 2020, encompassing studies, reviews, and other evidence conducted on human subjects that were published in English from MEDLINE (PubMed), EMBASE, the Cochrane Collaboration, the Agency for Healthcare Research and Quality, and other relevant databases. Additional relevant clinical trials and research studies, published through September 2021, were also considered. This guideline was harmonized with other American Heart Association/American College of Cardiology guidelines published through December 2021. Structure: Heart failure remains a leading cause of morbidity and mortality globally. The 2022 heart failure guideline provides recommendations based on contemporary evidence for the treatment of these patients. The recommendations present an evidence-based approach to managing patients with heart failure, with the intent to improve quality of care and align with patients' interests. Many recommendations from the earlier heart failure guidelines have been updated with new evidence, and new recommendations have been created when supported by published data. Value statements are provided for certain treatments with high-quality published economic analyses.",2022,cardiology,cardiology,True,,,Circulation,circulation,False,openalex,Paul A. Heidenreich; Biykem Bozkurt; David Aguilar; Larry A. Allen; Joni J. Byun; Monica M. Colvin; Anita Deswal; Mark H. Drazner; Shannon M. Dunlay; Linda R. Evers; James C. Fang; Savitri E. Fedson; Gregg C. Fonarow; Salim S. Hayek; Adrian F. Hernandez; Prateeti Khazanie; Michelle M. Kittleson; Christopher S. Lee; Mark S. Link; Carmelo A. Milano; Lorraine C. Nnacheta; Alexander T. Sandhu; Lynne Warner Stevenson; Orly Vardeny; Amanda R. Vest; Clyde W. Yancy,https://doi.org/10.1161/cir.0000000000001063,2000,,,,35363499,,,,,,,True,cited_by_count>=927 (top 10.0%); cited_by_count>=927 (top 10.0%),10.1161/cir.0000000000001063,,,False,0.09161426
https://openalex.org/W2141358924,10.1056/nejmoa1500857,Long-Term Use of Ticagrelor in Patients with Prior Myocardial Infarction,"BACKGROUND: The potential benefit of dual antiplatelet therapy beyond 1 year after a myocardial infarction has not been established. We investigated the efficacy and safety of ticagrelor, a P2Y12 receptor antagonist with established efficacy after an acute coronary syndrome, in this context. METHODS: We randomly assigned, in a double-blind 1:1:1 fashion, 21,162 patients who had had a myocardial infarction 1 to 3 years earlier to ticagrelor at a dose of 90 mg twice daily, ticagrelor at a dose of 60 mg twice daily, or placebo. All the patients were to receive low-dose aspirin and were followed for a median of 33 months. The primary efficacy end point was the composite of cardiovascular death, myocardial infarction, or stroke. The primary safety end point was Thrombolysis in Myocardial Infarction (TIMI) major bleeding. RESULTS: The two ticagrelor doses each reduced, as compared with placebo, the rate of the primary efficacy end point, with Kaplan-Meier rates at 3 years of 7.85% in the group that received 90 mg of ticagrelor twice daily, 7.77% in the group that received 60 mg of ticagrelor twice daily, and 9.04% in the placebo group (hazard ratio for 90 mg of ticagrelor vs. placebo, 0.85; 95% confidence interval [CI], 0.75 to 0.96; P=0.008; hazard ratio for 60 mg of ticagrelor vs. placebo, 0.84; 95% CI, 0.74 to 0.95; P=0.004). Rates of TIMI major bleeding were higher with ticagrelor (2.60% with 90 mg and 2.30% with 60 mg) than with placebo (1.06%) (P<0.001 for each dose vs. placebo); the rates of intracranial hemorrhage or fatal bleeding in the three groups were 0.63%, 0.71%, and 0.60%, respectively. CONCLUSIONS: In patients with a myocardial infarction more than 1 year previously, treatment with ticagrelor significantly reduced the risk of cardiovascular death, myocardial infarction, or stroke and increased the risk of major bleeding. (Funded by AstraZeneca; PEGASUS-TIMI 54 ClinicalTrials.gov number, NCT01225562.).",2015,myocardial infarction,cardiology,True,,,New England Journal of Medicine,new england journal of medicine,False,openalex,Marc P. Bonaca; Deepak L. Bhatt; Marc Cohen; Philippe Gabríel Steg; Robert F. Storey; Eva C. Jensen; Giulia Magnani; Sameer Bansilal; M. Polly Fish; KyungAh Im; Olof Bengtsson; Ton Oude Ophuis; Andrzej Budaj; Pierre Théroux; Mikhail Ruda; Christian Hamm; Shinya Goto; Jindřich Špinar; José Carlos Nicolau; Róbert Gábor Kiss; Sabina A. Murphy; Stephen Wiviott; Peter Held; Eugene Braunwald; Marc S. Sabatine,https://doi.org/10.1056/nejmoa1500857,1964,,,,25773268,,,,,,,True,cited_by_count>=927 (top 10.0%); cited_by_count>=927 (top 10.0%),10.1056/nejmoa1500857,,,False,0.034220375
https://openalex.org/W1811184201,10.1159/000435947,"Heart Rate, Life Expectancy and the Cardiovascular System: Therapeutic Considerations","Faster resting heart rate has been shown to be associated with a higher risk of developing hypertension and a greater incidence of cardiovascular morbidity and mortality. The aim of this study was to investigate the distribution of heart rate and its relationship with blood pressure and other cardiovascular risk factors in three populations. One European general population (Belgian study), one North American general population (Tecumseh study), and one European hypertensive population (HARVEST trial) were studied. Within each population, mixture analysis was used to investigate whether a mixture of two normal distributions explained the variance in heart rate better than a single distribution. In the men of all populations, mixture analysis identified a larger subpopulation of subjects with normal heart rate and a smaller one with fast heart rate. The subgroups with tachycardia had higher blood pressure and lipid levels than those with normal heart rate. In the populations in which they were measured, fasting insulin and postload glucose were also higher in the men with faster heart rate. A subgroup with tachycardia could also be singled out among the women from Tecumseh, but no relation between heart rate and blood pressure could be found. These findings show that in Western societies, high heart rate pertains to a distinct subgroup of subjects, who are more frequently men and exhibit the characteristic features of the insulin resistance syndrome. Sympathetic overactivity is likely to be the mechanism underlying this clinical condition.",2015,cardiovascular,cardiology,True,,,Cardiology,cardiology,False,openalex,Konstantinos Dean Boudoulas; Jeffrey Borer; Harisios Boudoulas,https://doi.org/10.1159/000435947,1944,,,,26305771,,,,,,,True,cited_by_count>=927 (top 10.0%); cited_by_count>=927 (top 10.0%),10.1159/000435947,,,False,0.04669759
https://openalex.org/W2903759577,10.1016/j.jacc.2018.09.072,Cardiovascular Magnetic Resonance in Nonischemic Myocardial Inflammation,,2018,cardiovascular,cardiology,True,,,Journal of the American College of Cardiology,journal of the american college of cardiology,False,openalex,Vanessa M. Ferreira; Jeanette Schulz‐Menger; Godtfred Holmvang; Christopher M. Kramer; Iacopo Carbone; Udo Sechtem; Ingrid Kindermann; Matthias Gutberlet; Leslie T. Cooper; Peter Liu; Matthias G. Friedrich,https://doi.org/10.1016/j.jacc.2018.09.072,1944,,,,30545455,,,,,,,True,cited_by_count>=927 (top 10.0%); cited_by_count>=927 (top 10.0%),10.1016/j.jacc.2018.09.072,,,False,-0.028901
https://openalex.org/W2971576504,10.1016/s0140-6736(19)32008-2,"Modifiable risk factors, cardiovascular disease, and mortality in 155 722 individuals from 21 high-income, middle-income, and low-income countries (PURE): a prospective cohort study",,2019,cardiovascular,cardiology,True,,,The Lancet,the lancet,False,openalex,Salim Yusuf; Philip Joseph; Sumathy Rangarajan; Shofiqul Islam; Andrew Mente; Perry Hystad; Michael Bräuer; V. Raman Kutty; Rajeev Gupta; Andreas Wielgosz; Khalid F. AlHabib; Antonio Dans; Patricio López‐Jaramillo; Álvaro Avezum; Fernando Laņas; Aytekin Oğuz; Iolanthé M. Kruger; Rafael Díaz; Khalid Yusoff; Prem Mony; Jephat Chifamba; Karen Yeates; Roya Kelishadi; Afzalhussein Yusufali; Rasha Khatib; Omar Rahman; Katarzyna Zatońska; Romaina Iqbal; Wei Li; Bo Hu; Annika Rosengren; Manmeet Kaur; Viswanathan Mohan; Scott A. Lear; Koon Teo; Darryl P. Leong; Martin O’Donnell; Martin McKee; Gilles R. Dagenais,https://www.ncbi.nlm.nih.gov/pmc/articles/8006904,1939,,,,31492503,,,,,,,True,cited_by_count>=927 (top 10.0%); cited_by_count>=927 (top 10.0%),10.1016/s0140-6736(19)32008-2,,,False,0.095195204
https://openalex.org/W2155018999,10.1002/ejhf.1858,Epidemiology of Heart Failure,"The heart failure syndrome has first been described as an emerging epidemic about 25 years ago. Today, because of a growing and ageing population, the total number of heart failure patients still continues to rise. However, the case mix of heart failure seems to be evolving. Incidence has stabilized and may even be decreasing in some populations, but alarming opposite trends have been observed in the relatively young, possibly related to an increase in obesity. In addition, a clear transition towards heart failure with a preserved ejection fraction has occurred. Although this transition is partially artificial, due to improved recognition of heart failure as a disorder affecting the entire left ventricular ejection fraction spectrum, links can be made with the growing burden of obesity-related diseases and with the ageing of the population. Similarly, evidence suggests that the number of patients with heart failure may be on the rise in low-income countries struggling under the double burden of communicable diseases and conditions associated with a Western-type lifestyle. These findings, together with the observation that the mortality rate of heart failure is declining less rapidly than previously, indicate we have not reached the end of the epidemic yet. In this review, the evolving epidemiology of heart failure is put into perspective, to discern major trends and project future directions.",2020,heart failure,cardiology,True,,,European Journal of Heart Failure,european journal of heart failure,False,openalex,Amy Groenewegen; Frans H. Rutten; Arend Mosterd; Arno W. Hoes,https://doi.org/10.1002/ejhf.1858,1920,,,,32483830,,,,,,,True,cited_by_count>=927 (top 10.0%); cited_by_count>=927 (top 10.0%),10.1002/ejhf.1858,,,False,0.056836136
https://openalex.org/W2333001326,10.1056/nejmoa1602014,Cryoballoon or Radiofrequency Ablation for Paroxysmal Atrial Fibrillation,"BACKGROUND: Current guidelines recommend pulmonary-vein isolation by means of catheter ablation as treatment for drug-refractory paroxysmal atrial fibrillation. Radiofrequency ablation is the most common method, and cryoballoon ablation is the second most frequently used technology. METHODS: We conducted a multicenter, randomized trial to determine whether cryoballoon ablation was noninferior to radiofrequency ablation in symptomatic patients with drug-refractory paroxysmal atrial fibrillation. The primary efficacy end point in a time-to-event analysis was the first documented clinical failure (recurrence of atrial fibrillation, occurrence of atrial flutter or atrial tachycardia, use of antiarrhythmic drugs, or repeat ablation) following a 90-day period after the index ablation. The noninferiority margin was prespecified as a hazard ratio of 1.43. The primary safety end point was a composite of death, cerebrovascular events, or serious treatment-related adverse events. RESULTS: A total of 762 patients underwent randomization (378 assigned to cryoballoon ablation and 384 assigned to radiofrequency ablation). The mean duration of follow-up was 1.5 years. The primary efficacy end point occurred in 138 patients in the cryoballoon group and in 143 in the radiofrequency group (1-year Kaplan-Meier event rate estimates, 34.6% and 35.9%, respectively; hazard ratio, 0.96; 95% confidence interval [CI], 0.76 to 1.22; P<0.001 for noninferiority). The primary safety end point occurred in 40 patients in the cryoballoon group and in 51 patients in the radiofrequency group (1-year Kaplan-Meier event rate estimates, 10.2% and 12.8%, respectively; hazard ratio, 0.78; 95% CI, 0.52 to 1.18; P=0.24). CONCLUSIONS: In this randomized trial, cryoballoon ablation was noninferior to radiofrequency ablation with respect to efficacy for the treatment of patients with drug-refractory paroxysmal atrial fibrillation, and there was no significant difference between the two methods with regard to overall safety. (Funded by Medtronic; FIRE AND ICE ClinicalTrials.gov number, NCT01490814.).",2016,atrial fibrillation,cardiology,True,,,New England Journal of Medicine,new england journal of medicine,False,openalex,Karl-Heinz Kuck; Josép Brugada; Alexander Fürnkranz; Andreas Metzner; Feifan Ouyang; K. R. Julian Chun; Arif Elvan; Thomas Arentz; Kurt Bestehorn; Stuart Pocock; Jean-Paul Albenque; Claudio Tondo,https://doi.org/10.1056/nejmoa1602014,1911,,,,27042964,,,,,,,True,cited_by_count>=927 (top 10.0%); cited_by_count>=927 (top 10.0%),10.1056/nejmoa1602014,,,False,0.05507263
https://openalex.org/W2292493149,10.1038/nrcardio.2016.25,Epidemiology and aetiology of heart failure,,2016,heart failure,cardiology,False,,,Nature Reviews Cardiology,nature reviews cardiology,False,openalex,Boback Ziaeian; Gregg C. Fonarow,,1889,,,,26935038,,,,,,,True,cited_by_count>=927 (top 10.0%); cited_by_count>=927 (top 10.0%),10.1038/nrcardio.2016.25,,,False,0.049719363
https://openalex.org/W4206445899,10.1056/nejmoa1901118,Oral Semaglutide and Cardiovascular Outcomes in Patients with Type 2 Diabetes,Establishing cardiovascular safety of new therapies for type 2 diabetes is important. Safety data are available for the subcutaneous form of the glucagon-like peptide-1 receptor agonist semaglutide but are needed for oral semaglutide.,2019,cardiovascular,cardiology,True,,,New England Journal of Medicine,new england journal of medicine,False,openalex,Mansoor Husain; Andreas L. Birkenfeld; Morten Donsmark; Kathleen Dungan; Freddy G. Eliaschewitz; Denise Reis Franco; Ole Kleist Jeppesen; Ildiko Lingvay; Ofri Mosenzon; Sue D. Pedersen; Cees J. Tack; Mette S. Thomsen; Tina Vilsbøll; Mark Warren; Stephen C. Bain,https://doi.org/10.1056/nejmoa1901118,1885,,,,,,,,,,,True,cited_by_count>=927 (top 10.0%); cited_by_count>=927 (top 10.0%),10.1056/nejmoa1901118,,,False,-0.037086714
https://openalex.org/W3026172159,10.1161/circresaha.120.316101,"Obesity Phenotypes, Diabetes, and Cardiovascular Diseases","This review addresses the interplay between obesity, type 2 diabetes mellitus, and cardiovascular diseases. It is proposed that obesity, generally defined by an excess of body fat causing prejudice to health, can no longer be evaluated solely by the body mass index (expressed in kg/m 2 ) because it represents a heterogeneous entity. For instance, several cardiometabolic imaging studies have shown that some individuals who have a normal weight or who are overweight are at high risk if they have an excess of visceral adipose tissue—a condition often accompanied by accumulation of fat in normally lean tissues (ectopic fat deposition in liver, heart, skeletal muscle, etc). On the other hand, individuals who are overweight or obese can nevertheless be at much lower risk than expected when faced with excess energy intake if they have the ability to expand their subcutaneous adipose tissue mass, particularly in the gluteal-femoral area. Hence, excessive amounts of visceral adipose tissue and of ectopic fat largely define the cardiovascular disease risk of overweight and moderate obesity. There is also a rapidly expanding subgroup of patients characterized by a high accumulation of body fat (severe obesity). Severe obesity is characterized by specific additional cardiovascular health issues that should receive attention. Because of the difficulties of normalizing body fat content in patients with severe obesity, more aggressive treatments have been studied in this subgroup of individuals such as obesity surgery, also referred to as metabolic surgery. On the basis of the above, we propose that we should refer to obesities rather than obesity.",2020,cardiovascular,cardiology,True,,,Circulation Research,circulation research,False,openalex,Marie‐Ève Piché; André Tchernof; Jean‐Pierre Després,https://doi.org/10.1161/circresaha.120.316101,1883,,,,32437302,,,,,,,True,cited_by_count>=927 (top 10.0%); cited_by_count>=927 (top 10.0%),10.1161/circresaha.120.316101,,,False,-0.05509004
https://openalex.org/W2998223455,10.1161/hypertensionaha.119.14240,High Blood Pressure and Cardiovascular Disease,"Fragmented investigation has masked the overall picture for causes of cardiovascular disease (CVD). Among the risk factors for CVD, high blood pressure (BP) is associated with the strongest evidence for causation and it has a high prevalence of exposure. Biologically, normal levels of BP are considerably lower than what has typically been characterized as normal in research and clinical practice. We propose that CVD is primarily caused by a right-sided shift in the population distribution of BP. Our view that BP is the predominant risk factor for CVD is based on conceptual postulates that have been tested in observational investigations and clinical trials. Large cohort studies have demonstrated that high BP is an important risk factor for heart failure, atrial fibrillation, chronic kidney disease, heart valve diseases, aortic syndromes, and dementia, in addition to coronary heart disease and stroke. In multivariate modeling, the presumed attributable risk of high BP for stroke and coronary heart disease has increased steadily with progressive use of lower values for normal BP. Meta-analysis of BP-lowering randomized controlled trials has demonstrated a benefit which is almost identical to that predicted from BP risk relationships in cohort studies. Prevention of age-related increases in BP would, in large part, reduce the vascular consequences usually attributed to aging, and together with intensive treatment of established hypertension would eliminate a large proportion of the population burden of BP-related CVD.",2019,cardiovascular,cardiology,True,,,Hypertension,hypertension,False,openalex,Flávio Danni Fuchs; Paul K. Whelton,https://doi.org/10.1161/hypertensionaha.119.14240,1874,,,,31865786,,,,,,,True,cited_by_count>=927 (top 10.0%); cited_by_count>=927 (top 10.0%),10.1161/hypertensionaha.119.14240,,,False,0.082521915
https://openalex.org/W3013949914,10.1001/jamacardio.2020.1286,Potential Effects of Coronaviruses on the Cardiovascular System,"Importance: Severe acute respiratory syndrome coronavirus 2 (SARS-CoV-2), which causes coronavirus disease 2019 (COVID-19) has reached a pandemic level. Coronaviruses are known to affect the cardiovascular system. We review the basics of coronaviruses, with a focus on COVID-19, along with their effects on the cardiovascular system. Observations: Coronavirus disease 2019 can cause a viral pneumonia with additional extrapulmonary manifestations and complications. A large proportion of patients have underlying cardiovascular disease and/or cardiac risk factors. Factors associated with mortality include male sex, advanced age, and presence of comorbidities including hypertension, diabetes mellitus, cardiovascular diseases, and cerebrovascular diseases. Acute cardiac injury determined by elevated high-sensitivity troponin levels is commonly observed in severe cases and is strongly associated with mortality. Acute respiratory distress syndrome is also strongly associated with mortality. Conclusions and Relevance: Coronavirus disease 2019 is associated with a high inflammatory burden that can induce vascular inflammation, myocarditis, and cardiac arrhythmias. Extensive efforts are underway to find specific vaccines and antivirals against SARS-CoV-2. Meanwhile, cardiovascular risk factors and conditions should be judiciously controlled per evidence-based guidelines.",2020,cardiovascular,cardiology,False,,,JAMA Cardiology,jama cardiology,False,openalex,Mohammad Madjid; Payam Safavi‐Naeini; Scott D. Solomon; Orly Vardeny,,1866,,,,32219363,,,,,,,True,cited_by_count>=927 (top 10.0%); cited_by_count>=927 (top 10.0%),10.1001/jamacardio.2020.1286,,,False,0.011896653
https://openalex.org/W2987985090,10.1056/nejmoa1901183,Large-Scale Assessment of a Smartwatch to Identify Atrial Fibrillation,"BACKGROUND: Optical sensors on wearable devices can detect irregular pulses. The ability of a smartwatch application (app) to identify atrial fibrillation during typical use is unknown. METHODS: Participants without atrial fibrillation (as reported by the participants themselves) used a smartphone (Apple iPhone) app to consent to monitoring. If a smartwatch-based irregular pulse notification algorithm identified possible atrial fibrillation, a telemedicine visit was initiated and an electrocardiography (ECG) patch was mailed to the participant, to be worn for up to 7 days. Surveys were administered 90 days after notification of the irregular pulse and at the end of the study. The main objectives were to estimate the proportion of notified participants with atrial fibrillation shown on an ECG patch and the positive predictive value of irregular pulse intervals with a targeted confidence interval width of 0.10. RESULTS: We recruited 419,297 participants over 8 months. Over a median of 117 days of monitoring, 2161 participants (0.52%) received notifications of irregular pulse. Among the 450 participants who returned ECG patches containing data that could be analyzed - which had been applied, on average, 13 days after notification - atrial fibrillation was present in 34% (97.5% confidence interval [CI], 29 to 39) overall and in 35% (97.5% CI, 27 to 43) of participants 65 years of age or older. Among participants who were notified of an irregular pulse, the positive predictive value was 0.84 (95% CI, 0.76 to 0.92) for observing atrial fibrillation on the ECG simultaneously with a subsequent irregular pulse notification and 0.71 (97.5% CI, 0.69 to 0.74) for observing atrial fibrillation on the ECG simultaneously with a subsequent irregular tachogram. Of 1376 notified participants who returned a 90-day survey, 57% contacted health care providers outside the study. There were no reports of serious app-related adverse events. CONCLUSIONS: The probability of receiving an irregular pulse notification was low. Among participants who received notification of an irregular pulse, 34% had atrial fibrillation on subsequent ECG patch readings and 84% of notifications were concordant with atrial fibrillation. This siteless (no on-site visits were required for the participants), pragmatic study design provides a foundation for large-scale pragmatic studies in which outcomes or adherence can be reliably assessed with user-owned devices. (Funded by Apple; Apple Heart Study ClinicalTrials.gov number, NCT03335800.).",2019,atrial fibrillation,cardiology,True,,,New England Journal of Medicine,new england journal of medicine,False,openalex,Marco Pérez; Kenneth W. Mahaffey; Haley Hedlin; John S. Rumsfeld; Ariadna Garcia; Todd Ferris; Vidhya Balasubramanian; Andrea M. Russo; Amol Rajmane; Lauren Cheung; Grace Hung; Justin Lee; Peter R. Kowey; Nisha Talati; Divya Nag; Santosh Gummidipundi; Alexis L. Beatty; Mellanie True Hills; Sumbul Desai; Christopher B. Granger; Manisha Desai; Mintu P. Turakhia,https://doi.org/10.1056/nejmoa1901183,1832,,,,31722151,,,,,,,True,cited_by_count>=927 (top 10.0%); cited_by_count>=927 (top 10.0%),10.1056/nejmoa1901183,,,False,0.033727624
https://openalex.org/W3172996796,10.1016/j.jacc.2019.03.010,2019 ACC/AHA Guideline on the Primary Prevention of Cardiovascular Disease,,2019,cardiovascular,cardiology,True,,,Journal of the American College of Cardiology,journal of the american college of cardiology,False,openalex,Donna K. Arnett; Roger S. Blumenthal; Michelle A. Albert; Andrew B. Buroker; Zachary D. Goldberger; Ellen J. Hahn; Cheryl Dennison Himmelfarb; Amit Khera; Donald M. Lloyd‐Jones; John W. McEvoy; Erin D. Michos; Michael D. Miedema; Daniel Muñoz; Sidney C. Smith; Salim S. Virani; Kim A. Williams; Joseph Yeboah; Boback Ziaeian,https://www.ncbi.nlm.nih.gov/pmc/articles/7685565,1825,,,,30894318,,,,,,,True,cited_by_count>=927 (top 10.0%); cited_by_count>=927 (top 10.0%),10.1016/j.jacc.2019.03.010,,,False,0.12299875
https://openalex.org/W2775794168,10.1016/j.cjca.2017.12.005,"Diabetes, Hypertension, and Cardiovascular Disease: Clinical Insights and Vascular Mechanisms","Hypertension and type 2 diabetes are common comorbidities. Hypertension is twice as frequent in patients with diabetes compared with those who do not have diabetes. Moreover, patients with hypertension often exhibit insulin resistance and are at greater risk of diabetes developing than are normotensive individuals. The major cause of morbidity and mortality in diabetes is cardiovascular disease, which is exacerbated by hypertension. Accordingly, diabetes and hypertension are closely interlinked because of similar risk factors, such as endothelial dysfunction, vascular inflammation, arterial remodelling, atherosclerosis, dyslipidemia, and obesity. There is also substantial overlap in the cardiovascular complications of diabetes and hypertension related primarily to microvascular and macrovascular disease. Common mechanisms, such as upregulation of the renin-angiotensin-aldosterone system, oxidative stress, inflammation, and activation of the immune system likely contribute to the close relationship between diabetes and hypertension. In this article we discuss diabetes and hypertension as comorbidities and discuss the pathophysiological features of vascular complications associated with these conditions. We also highlight some vascular mechanisms that predispose to both conditions, focusing on advanced glycation end products, oxidative stress, inflammation, the immune system, and microRNAs. Finally, we provide some insights into current therapies targeting diabetes and cardiovascular complications and introduce some new agents that may have vasoprotective therapeutic potential in diabetes.",2017,cardiovascular,cardiology,True,,,Canadian Journal of Cardiology,canadian journal of cardiology,False,openalex,John R. Petrie; Tomasz J. Guzik; Rhian M. Touyz,https://doi.org/10.1016/j.cjca.2017.12.005,1824,,,,29459239,,,,,,,True,cited_by_count>=927 (top 10.0%); cited_by_count>=927 (top 10.0%),10.1016/j.cjca.2017.12.005,,,False,-0.03260663
https://openalex.org/W2752747624,10.1038/s41551-018-0195-0,Prediction of cardiovascular risk factors from retinal fundus photographs via deep learning,,2018,cardiovascular,cardiology,True,,,Nature Biomedical Engineering,nature biomedical engineering,False,openalex,Ryan Poplin; Avinash V. Varadarajan; Katy Blumer; Yun Liu; Michael V. McConnell; Greg S. Corrado; Lily Peng; Dale R. Webster,http://arxiv.org/abs/1708.09843,1815,,,,31015713,,,,,,,True,cited_by_count>=927 (top 10.0%); cited_by_count>=927 (top 10.0%),10.1038/s41551-018-0195-0,,,False,0.029364452
https://openalex.org/W2777982354,10.1016/j.rec.2016.11.033,2016 ESC Guidelines for the Management of Atrial Fibrillation Developed in Collaboration With EACTS,,2016,atrial fibrillation,cardiology,True,,,Revista Española de Cardiología (English Edition),revista española de cardiología (english edition),False,openalex,Paulus Kirchhof; Stefano Benussi; Dipak Kotecha; Anders Ahlsson; Dan Atar; Barbara Casadei; Manuel Castellà; Hans‐Christoph Diener; Hein Heidbüchel; Jeroen Hendriks; Gerhard Hindricks; Antonis S. Manolis; Jonas Oldgren; Bogdan A. Popescu; Ulrich Schotten; Bart Van Putte; Panagiotis Vardas,https://doi.org/10.1016/j.rec.2016.11.033,1814,,,,,,,,,,,True,cited_by_count>=927 (top 10.0%); cited_by_count>=927 (top 10.0%),10.1016/j.rec.2016.11.033,,,False,0.111289755
https://openalex.org/W3100542962,10.1056/nejmoa2030183,Sotagliflozin in Patients with Diabetes and Recent Worsening Heart Failure,"BACKGROUND: Sodium-glucose cotransporter 2 (SGLT2) inhibitors reduce the risk of hospitalization for heart failure or death from cardiovascular causes among patients with stable heart failure. However, the safety and efficacy of SGLT2 inhibitors when initiated soon after an episode of decompensated heart failure are unknown. METHODS: We performed a multicenter, double-blind trial in which patients with type 2 diabetes mellitus who were recently hospitalized for worsening heart failure were randomly assigned to receive sotagliflozin or placebo. The primary end point was the total number of deaths from cardiovascular causes and hospitalizations and urgent visits for heart failure (first and subsequent events). The trial ended early because of loss of funding from the sponsor. RESULTS: A total of 1222 patients underwent randomization (608 to the sotagliflozin group and 614 to the placebo group) and were followed for a median of 9.0 months; the first dose of sotagliflozin or placebo was administered before discharge in 48.8% and a median of 2 days after discharge in 51.2%. Among these patients, 600 primary end-point events occurred (245 in the sotagliflozin group and 355 in the placebo group). The rate (the number of events per 100 patient-years) of primary end-point events was lower in the sotagliflozin group than in the placebo group (51.0 vs. 76.3; hazard ratio, 0.67; 95% confidence interval [CI], 0.52 to 0.85; P<0.001). The rate of death from cardiovascular causes was 10.6 in the sotagliflozin group and 12.5 in the placebo group (hazard ratio, 0.84; 95% CI, 0.58 to 1.22); the rate of death from any cause was 13.5 in the sotagliflozin group and 16.3 in the placebo group (hazard ratio, 0.82; 95% CI, 0.59 to 1.14). Diarrhea was more common with sotagliflozin than with placebo (6.1% vs. 3.4%), as was severe hypoglycemia (1.5% vs. 0.3%). The percentage of patients with hypotension was similar in the sotagliflozin group and the placebo group (6.0% and 4.6%, respectively), as was the percentage with acute kidney injury (4.1% and 4.4%, respectively). The benefits of sotagliflozin were consistent in the prespecified subgroups of patients stratified according to the timing of the first dose. CONCLUSIONS: In patients with diabetes and recent worsening heart failure, sotagliflozin therapy, initiated before or shortly after discharge, resulted in a significantly lower total number of deaths from cardiovascular causes and hospitalizations and urgent visits for heart failure than placebo. (Funded by Sanofi and Lexicon Pharmaceuticals; SOLOIST-WHF ClinicalTrials.gov number, NCT03521934.).",2020,heart failure,cardiology,True,,,New England Journal of Medicine,new england journal of medicine,False,openalex,Deepak L. Bhatt; Michael Szarek; Philippe Gabríel Steg; Christopher P. Cannon; Lawrence A. Leiter; Darren K. McGuire; Julia B. Lewis; Matthew C. Riddle; Adriaan A. Voors; Marco Metra; Lars H. Lund; Michel Komajda; Jeffrey M. Testani; Christopher S. Wilcox; Piotr Ponikowski; Renato D. Lópes; Subodh Verma; Pablo Lapuerta; Bertram Pitt,https://doi.org/10.1056/nejmoa2030183,1808,,,,33200892,,,,,,,True,cited_by_count>=927 (top 10.0%); cited_by_count>=927 (top 10.0%),10.1056/nejmoa2030183,,,False,0.07784089
https://openalex.org/W3082895385,10.1093/eurheartj/ehaa605,2020 ESC Guidelines on sports cardiology and exercise in patients with cardiovascular disease,"A correction has been published:&#13;\nEuropean Heart Journal, Volume 42, Issue 5, 1 February 2021, Pages 548–549, https://doi.org/10.1093/eurheartj/ehaa835",2020,cardiology,cardiology,True,,,European Heart Journal,european heart journal,False,openalex,Antonio Pelliccia; Sanjay Sharma; Sabiha Gati; Maria Bäck; Mats Börjesson; Stefano Caselli; Jean‐Philippe Collet; Domenico Corrado; Jonathan A. Drezner; Martin Halle; Dominique Hansen; Hein Heidbüchel; Jonathan Myers; Josef Niebauer; Michael Papadakis; Massimo Piepoli; Eva Prescott; Jolien W. Roos‐Hesselink; Graham Stuart; Rod S Taylor; Paul D. Thompson; Monica Tiberi; Luc Vanhees; Matthias Wilhelm; ESC Scientific Document Group; Marco Guazzi; André La Gerche; Victor Aboyans; Paolo Emilio Adami; Maria Bäck; Aaron L. Baggish; Cristina Basso; Alessandro Biffi; Chiara Bucciarelli‐Ducci; A. John Camm; Guido Claessen; Victoria Delgado; Perry Elliott; Maurizio Galderisi; Chris P Gale; Belinda Gray; Kristina H. Haugaa; Bernard Iung; Hugo A. Katus; Andre Keren; Christophe Leclercq; Basil S Lewis; Lluı́s Mont; Christian Mueller; Steffen E Petersen; Anna Sonia Petronio; Marco Roffi; Kai Savonen; Luis Serratosa; Е. V. Shlyakhto; Iain A Simpson; Marta Sitges; Erik Ekker Solberg; Miguel Sousa‐Uva; Emeline M. Van Craenenbroeck; Caroline M. Van De Heyning; William Wijns; Sabiha Gati; Maria Bäck; Mats Börjesson; Stefano Caselli; Jean-Philippe Collet; Domenico Corrado; Jonathan A. Drezner; Martin Halle; Dominique Hansen; Hein Heidbüchel; Jonathan Myers; Josef Niebauer; Michael Papadakis; Massimo Piepoli; Eva Prescott; Jolien W. Roos‐Hesselink; Graham Stuart; Rod S Taylor; Paul D Thompson; Monica Tiberi; Luc Vanhees; Matthias Wilhelm; Mohamed Tahmi; Parounak Zelveian; Thomas Berger; Rahima Gabulova; Svetlana Sudzhaeva; Patrizio Lancellotti; Šekib Sokolović; I Gruev; Vedran Velagić; Evagoras Nicolaides; Vladimír Tuka; Hanne Rasmusen; Hazem Khamis; Margus Viigimaa; Jari A. Laukkanen; Gilles Bosser,https://doi.org/10.1093/eurheartj/ehaa605,1801,,,,32860412,,,,,,,True,cited_by_count>=927 (top 10.0%); cited_by_count>=927 (top 10.0%),10.1093/eurheartj/ehaa605,,,False,0.07626407
https://openalex.org/W2508734629,10.1002/ejhf.654,2016 ESC Position Paper on Cancer Treatments and Cardiovascular Toxicity Developed Under the Auspices of the ESC Committee for Practice Guidelines,"The ESC Guidelines represent the views of the ESC and were produced after careful consideration of the scientific and medical knowledge and the evidence available at the time of their publication. The ESC is not responsible in the event of any contradiction, discrepancy and/or ambiguity between the ESC Guidelines and any other official recommendations or guidelines issued by the relevant public health authorities, in particular in relation to good use of healthcare or therapeutic strategies. Health professionals are encouraged to take the ESC Guidelines fully into account when exercising their clinical judgment, as well as in the determination and the implementation of preventive, diagnostic or therapeutic medical strategies; however, the ESC Guidelines do not override, in any way whatsoever, the individual responsibility of health professionals to make appropriate and accurate decisions in consideration of each patient's health condition and in consultation with that patient and, where appropriate and/or necessary, the patient's caregiver. Nor do the ESC Guidelines exempt health professionals from taking into full and careful consideration the relevant official updated recommendations or guidelines issued by the competent public health authorities, in order to manage each patient's case in light of the scientifically accepted data pursuant to their respective ethical and professional obligations. It is also the health professional's responsibility to verify the applicable rules and regulations relating to drugs and medical devices at the time of prescription.",2016,cardiovascular,cardiology,True,,,European Journal of Heart Failure,european journal of heart failure,False,openalex,José Luis Zamorano; Patrizio Lancellotti; Daniel Muñoz; Victor Aboyans; Riccardo Asteggiano; Maurizio Galderisi; Gilbert Habib; Daniel J. Lenihan; Gregory Y.H. Lip; Alexander R. Lyon; Teresa López‐Fernández; Dania Mohty; Massimo Piepoli; Juan Tamargo; Adam Torbicki; Thomas Suter; José Luis Zamorano; Victor Aboyans; Stephan Achenbach; Stefan Agewall; Lina Badimón; Gonzalo Barón‐Esquivias; Helmut Baumgartner; Jeroen J. Bax; Héctor Bueno; Scipione Carerj; Veronica Dean; Çetin Erol; Donna Fitzsimons; O. Gaemperli; Paulus Kirchhof; Philippe Kolh; Patrizio Lancellotti; Gregory Y.H. Lip; Petros Nihoyannopoulos; Massimo Piepoli; Piotr Ponikowski; Marco Roffi; Adam Torbicki; António Vaz Carneiro; Stephan Windecker,https://doi.org/10.1002/ejhf.654,1801,,,,27565769,,,,,,,True,cited_by_count>=927 (top 10.0%); cited_by_count>=927 (top 10.0%),10.1002/ejhf.654,,,False,0.072700165
https://openalex.org/W2904356389,10.1161/circulationaha.120.050686,Cardiovascular Disease in Chronic Kidney Disease,"Patients with chronic kidney disease (CKD) exhibit an elevated cardiovascular risk manifesting as coronary artery disease, heart failure, arrhythmias, and sudden cardiac death. Although the incidence and prevalence of cardiovascular events is already significantly higher in patients with early CKD stages (CKD stages 1-3) compared with the general population, patients with advanced CKD stages (CKD stages 4-5) exhibit a markedly elevated risk. Cardiovascular rather than end-stage kidney disease (CKD stage 5) is the leading cause of death in this high-risk population. CKD causes a systemic, chronic proinflammatory state contributing to vascular and myocardial remodeling processes resulting in atherosclerotic lesions, vascular calcification, and vascular senescence as well as myocardial fibrosis and calcification of cardiac valves. In this respect, CKD mimics an accelerated aging of the cardiovascular system. This overview article summarizes the current understanding and clinical consequences of cardiovascular disease in CKD.",2021,cardiovascular,cardiology,True,,,Circulation,circulation,False,openalex,Joachim Jankowski; Jürgen Floege; Danilo Fliser; Michael Böhm; Nikolaus Marx,https://www.ncbi.nlm.nih.gov/pmc/articles/7969169,1786,,,,33720773,,,,,,,True,cited_by_count>=927 (top 10.0%); cited_by_count>=927 (top 10.0%),10.1161/circulationaha.120.050686,,,False,0.014541345
https://openalex.org/W3012454642,10.1161/circulationaha.120.046941,COVID-19 and Cardiovascular Disease,"Coronavirus disease 2019 (COVID-19) is a global pandemic affecting 185 countries and >3 000 000 patients worldwide as of April 28, 2020. COVID-19 is caused by severe acute respiratory syndrome coronavirus 2, which invades cells through the angiotensin-converting enzyme 2 receptor. Among patients with COVID-19, there is a high prevalence of cardiovascular disease, and >7% of patients experience myocardial injury from the infection (22% of critically ill patients). Although angiotensin-converting enzyme 2 serves as the portal for infection, the role of angiotensin-converting enzyme inhibitors or angiotensin receptor blockers requires further investigation. COVID-19 poses a challenge for heart transplantation, affecting donor selection, immunosuppression, and posttransplant management. There are a number of promising therapies under active investigation to treat and prevent COVID-19.",2020,cardiovascular,cardiology,False,,,Circulation,circulation,False,openalex,Kevin J. Clerkin; J. Fried; J. Raikhelkar; Gabriel Sayer; Jan M. Griffin; Amirali Masoumi; Sneha S. Jain; Daniel Burkhoff; Deepa Kumaraiah; LeRoy E. Rabbani; Allan Schwartz; Nir Uriel,,1779,,,,32200663,,,,,,,True,cited_by_count>=927 (top 10.0%); cited_by_count>=927 (top 10.0%),10.1161/circulationaha.120.046941,,,False,0.0031482782
https://openalex.org/W4307934708,10.1161/cir.0000000000001106,2022 ACC/AHA Guideline for the Diagnosis and Management of Aortic Disease: A Report of the American Heart Association/American College of Cardiology Joint Committee on Clinical Practice Guidelines,"AIM: The ""2022 ACC/AHA Guideline for the Diagnosis and Management of Aortic Disease"" provides recommendations to guide clinicians in the diagnosis, genetic evaluation and family screening, medical therapy, endovascular and surgical treatment, and long-term surveillance of patients with aortic disease across its multiple clinical presentation subsets (ie, asymptomatic, stable symptomatic, and acute aortic syndromes). METHODS: A comprehensive literature search was conducted from January 2021 to April 2021, encompassing studies, reviews, and other evidence conducted on human subjects that were published in English from PubMed, EMBASE, the Cochrane Library, CINHL Complete, and other selected databases relevant to this guideline. Additional relevant studies, published through June 2022 during the guideline writing process, were also considered by the writing committee, where appropriate. Structure: Recommendations from previously published AHA/ACC guidelines on thoracic aortic disease, peripheral artery disease, and bicuspid aortic valve disease have been updated with new evidence to guide clinicians. In addition, new recommendations addressing comprehensive care for patients with aortic disease have been developed. There is added emphasis on the role of shared decision making, especially in the management of patients with aortic disease both before and during pregnancy. The is also an increased emphasis on the importance of institutional interventional volume and multidisciplinary aortic team expertise in the care of patients with aortic disease.",2022,cardiology,cardiology,True,,,Circulation,circulation,False,openalex,Eric M. Isselbacher; Ourania Preventza; James H. Black; John Augoustides; Adam W. Beck; Michael A. Bolen; Alan C. Braverman; Bruce E. Bray; Maya M. Brown-Zimmerman; Edward P. Chen; Tyrone J. Collins; Abe DeAnda; Christina Fanola; Leonard N. Girardi; Caitlin W. Hicks; Dawn S. Hui; W. Schuyler Jones; Vidyasagar Kalahasti; Karen M. Kim; Dianna M. Milewicz; Gustavo S. Oderich; Laura Ogbechie; Susan B. Promes; Elsie Ross; Marc L. Schermerhorn; Sabrina Times; Elaine E. Tseng; Grace J. Wang; Young Woo; David P. Faxon; Gilbert R. Upchurch; Aaron W. Aday; Ali Azizzadeh; Michael L. Boisen; Beau Hawkins; Christopher M. Kramer; Jessica G.Y. Luc; Thomas E. MacGillivray; S. Chris Malaisrie; Kathryn Osteen; Himanshu J. Patel; Parag J. Patel; Wanda M. Popescu; Evelio Rodríguez; Rebecca Sorber; Philip S. Tsao; Annabelle Santos Volgman,https://doi.org/10.1161/cir.0000000000001106,1772,,,,36322642,,,,,,,True,cited_by_count>=927 (top 10.0%); cited_by_count>=927 (top 10.0%),10.1161/cir.0000000000001106,,,False,0.0852151
https://openalex.org/W2894746763,10.1016/s0140-6736(18)32261-x,"Albiglutide and cardiovascular outcomes in patients with type 2 diabetes and cardiovascular disease (Harmony Outcomes): a double-blind, randomised placebo-controlled trial",,2018,cardiovascular,cardiology,True,,,The Lancet,the lancet,False,openalex,Adrian F. Hernandez; Jennifer B. Green; Salim Janmohamed; Ralph B. D’Agostino; Christopher B. Granger; Nigel C. Jones; Lawrence A. Leiter; Anne E Rosenberg; Kristina N. Sigmon; Matthew C. Somerville; Karl M. Thorpe; John J.V. McMurray; Stefano Del Prato; Stefano Del Prato; John J.V. McMurray; Ralph B. D’Agostino; Christopher B. Granger; Adrian F. Hernandez; Salim Janmohamed; Lawrence A. Leiter; Robert M. Califf; Rury R. Holman; David L. DeMets; Matthew C. Riddle; Shaun G. Goodman; Darren K. McGuire; Karen Alexander; Adam D. DeVore; Chiara Melloni; Chetan B. Patel; David C. M. Kong; Gerald S. Bloomfield; Matthew T. Roe; Pierluigi Tricoci; Robert W. Harrison; Renato D. Lópes; Robin Mathews; Rajendra Mehta; W. Schuyler Jones; Sreekanth Vemulapalli; Thomas J. Povsic; Zubin J. Eapen; Keith Dombrowski; Brad J. Kolls; J. Dedrick Jordan; Andrew P. Ambrosy; Stephen J. Greene; Aditya Mandawat; Jay Shavadia; Lauren B. Cooper; Abhinav Sharma; Patrícia O. Guimarães; Daniel J. Friedman; Matthew E. Wilson; Patricia Endsley; Tracy Gentry; Jeannie Collier; Kathleen Perez; K.E. James; Jennifer Roush; C. ARDEN III POPE; Christina Howell; Megan Johnson; M. Bailey; Joanna Cole; Teresa Akers; Beth Vandyne; Betsy Thomas; Jenny Rich; Susan Bartone; Gail Beaulieu; Kim Brown; Tuan Chau; Tamra Christian; Rebecca Coker; Deb Greene; Trevorlyn Haddock; Wendy Jenkins; Ghazala Haque; Marsha L. Marquess; Jean Pesarchick; Renee Rethaford; Allegra Stone; Firas Al- Kawas; Michelle A. Anderson; Robert Enns; Isaac Sinay; Chantal Mathieu; Victor Yordanov; Irene Hramiak; Martin Haluzı́k; Søren Galatius; Bruno Guerci; Michael A. Nauck; Ilias Migdalis; Choon Beng Kathryn Tan; Győző Kocsis; Andrea Giaccari; Moon Kyu Lee; Ernesto Muñoz,https://doi.org/10.1016/s0140-6736(18)32261-x,1764,,,,30291013,,,,,,,True,cited_by_count>=927 (top 10.0%); cited_by_count>=927 (top 10.0%),10.1016/s0140-6736(18)32261-x,,,False,-0.0039141923
https://openalex.org/W2971111962,10.1093/eurheartj/ehz641,How to diagnose heart failure with preserved ejection fraction: the HFA–PEFF diagnostic algorithm: a consensus recommendation from the Heart Failure Association (HFA) of the European Society of Cardiology (ESC),"Making a firm diagnosis of chronic heart failure with preserved ejection fraction (HFpEF) remains a challenge. We recommend a new stepwise diagnostic process, the 'HFA-PEFF diagnostic algorithm'. Step 1 (P=Pre-test assessment) is typically performed in the ambulatory setting and includes assessment for HF symptoms and signs, typical clinical demographics (obesity, hypertension, diabetes mellitus, elderly, atrial fibrillation), and diagnostic laboratory tests, electrocardiogram, and echocardiography. In the absence of overt non-cardiac causes of breathlessness, HFpEF can be suspected if there is a normal left ventricular ejection fraction, no significant heart valve disease or cardiac ischaemia, and at least one typical risk factor. Elevated natriuretic peptides support, but normal levels do not exclude a diagnosis of HFpEF. The second step (E: Echocardiography and Natriuretic Peptide Score) requires comprehensive echocardiography and is typically performed by a cardiologist. Measures include mitral annular early diastolic velocity (e'), left ventricular (LV) filling pressure estimated using E/e', left atrial volume index, LV mass index, LV relative wall thickness, tricuspid regurgitation velocity, LV global longitudinal systolic strain, and serum natriuretic peptide levels. Major (2 points) and Minor (1 point) criteria were defined from these measures. A score ≥5 points implies definite HFpEF; ≤1 point makes HFpEF unlikely. An intermediate score (2-4 points) implies diagnostic uncertainty, in which case Step 3 (F1: Functional testing) is recommended with echocardiographic or invasive haemodynamic exercise stress tests. Step 4 (F2: Final aetiology) is recommended to establish a possible specific cause of HFpEF or alternative explanations. Further research is needed for a better classification of HFpEF.",2019,cardiology,cardiology,True,,,European Heart Journal,european heart journal,False,openalex,Burkert Pieske; Carsten Tschöpe; Rudolf A. de Boer; Alan G. Fraser; Stefan D. Anker; Erwan Donal; Frank Edelmann; Michael Fu; Marco Guazzi; Carolyn S.P. Lam; Patrizio Lancellotti; Vojtěch Melenovský; Daniel A. Morris; Eike Nagel; Elisabeth Pieske‐Kraigher; Piotr Ponikowski; Scott D. Solomon; Ramachandran S. Vasan; Frans H. Rutten; Adriaan A. Voors; Frank Ruschitzka; Walter J. Paulus; Petar Seferović; Gerasimos Filippatos,https://doi.org/10.1093/eurheartj/ehz641,1760,,,,31504452,,,,,,,True,cited_by_count>=927 (top 10.0%); cited_by_count>=927 (top 10.0%),10.1093/eurheartj/ehz641,,,False,0.103054516
https://openalex.org/W1924098982,10.1016/s0140-6736(14)61774-8,"50 year trends in atrial fibrillation prevalence, incidence, risk factors, and mortality in the Framingham Heart Study: a cohort study",,2015,atrial fibrillation,cardiology,False,,,The Lancet,the lancet,False,openalex,Renate B. Schnabel; Xiaoyan Yin; Philimon Gona; Martin G. Larson; Alexa Beiser; David D. McManus; Christopher Newton‐Cheh; Steven A. Lubitz; Jared W. Magnani; Patrick T. Ellinor; Sudha Seshadri; Philip A. Wolf; Ramachandran S. Vasan; Emelia J. Benjamin; Daniel Levy,,1727,,,,25960110,,,,,,,True,cited_by_count>=927 (top 10.0%); cited_by_count>=927 (top 10.0%),10.1016/s0140-6736(14)61774-8,,,False,0.08580536
https://openalex.org/W2518530324,10.1056/nejmoa1608029,Defibrillator Implantation in Patients with Nonischemic Systolic Heart Failure,"BACKGROUND: The benefit of an implantable cardioverter-defibrillator (ICD) in patients with symptomatic systolic heart failure caused by coronary artery disease has been well documented. However, the evidence for a benefit of prophylactic ICDs in patients with systolic heart failure that is not due to coronary artery disease has been based primarily on subgroup analyses. The management of heart failure has improved since the landmark ICD trials, and many patients now receive cardiac resynchronization therapy (CRT). METHODS: In a randomized, controlled trial, 556 patients with symptomatic systolic heart failure (left ventricular ejection fraction, ≤35%) not caused by coronary artery disease were assigned to receive an ICD, and 560 patients were assigned to receive usual clinical care (control group). In both groups, 58% of the patients received CRT. The primary outcome of the trial was death from any cause. The secondary outcomes were sudden cardiac death and cardiovascular death. RESULTS: After a median follow-up period of 67.6 months, the primary outcome had occurred in 120 patients (21.6%) in the ICD group and in 131 patients (23.4%) in the control group (hazard ratio, 0.87; 95% confidence interval [CI], 0.68 to 1.12; P=0.28). Sudden cardiac death occurred in 24 patients (4.3%) in the ICD group and in 46 patients (8.2%) in the control group (hazard ratio, 0.50; 95% CI, 0.31 to 0.82; P=0.005). Device infection occurred in 27 patients (4.9%) in the ICD group and in 20 patients (3.6%) in the control group (P=0.29). CONCLUSIONS: In this trial, prophylactic ICD implantation in patients with symptomatic systolic heart failure not caused by coronary artery disease was not associated with a significantly lower long-term rate of death from any cause than was usual clinical care. (Funded by Medtronic and others; DANISH ClinicalTrials.gov number, NCT00542945 .).",2016,heart failure,cardiology,True,,,New England Journal of Medicine,new england journal of medicine,False,openalex,Lars Køber; Jens Jakob Thune; Jens Cosedis Nielsen; Jens Haarbo; Lars Videbæk; Eva Korup; Gunnar V.H. Jensen; Per Hildebrandt; Flemming Hald Steffensen; Niels Eske Bruun; Hans Eiskjær; Axel Brandes; Anna Margrethe Thøgersen; Finn Gustafsson; Kenneth Egstrup; R. Videbæk; Christian Hassager; Jesper Hastrup Svendsen; Dan Eik Høfsten; Christian Torp‐Pedersen; Steen Pehrson,https://doi.org/10.1056/nejmoa1608029,1718,,,,27571011,,,,,,,True,cited_by_count>=927 (top 10.0%); cited_by_count>=927 (top 10.0%),10.1056/nejmoa1608029,,,False,-0.03296776
https://openalex.org/W2147646179,10.1161/circulationaha.114.013777,Early Detection of Anthracycline Cardiotoxicity and Improvement With Heart Failure Therapy,"BACKGROUND: Three types of anthracycline-induced cardiotoxicities are currently recognized: acute, early-onset chronic, and late-onset chronic. However, data supporting this classification are lacking. We prospectively evaluated incidence, time of occurrence, clinical correlates, and response to heart failure therapy of cardiotoxicity. METHODS AND RESULTS: We assessed left ventricular ejection fraction (LVEF), at baseline, every 3 months during chemotherapy and for the following year, every 6 months over the following 4 years, and yearly afterward in a heterogeneous cohort of 2625 patients receiving anthracycline-containing therapy. In case of cardiotoxicity (LVEF decrease >10 absolute points, and <50%), heart failure therapy was initiated. Recovery from cardiotoxicity was defined as partial (LVEF increase >5 absolute points and >50%) or full (LVEF increase to the baseline value). The median follow-up was 5.2 (quartile 1 to quartile 3, 2.6-8.0) years. The overall incidence of cardiotoxicity was 9% (n=226). The median time elapsed between the end of chemotherapy and cardiotoxicity development was 3.5 (quartile 1 to quartile 3, 3-6) months. In 98% of cases (n=221), cardiotoxicity occurred within the first year. Twenty-five (11%) patients had full recovery, and 160 (71%) patients had partial recovery. At multivariable analysis, end-chemotherapy LVEF (hazard ratio, 1.37; 95% confidence interval, 1.33-1.42 for each percent unit decrement) and cumulative doxorubicin dose (hazard ratio, 1.09; 95% confidence interval, 1.04-1.15 for each 50 mg/m(2) increment) were independent correlates of cardiotoxicity. CONCLUSIONS: Most cardiotoxicity after anthracycline-containing therapy occurs within the first year and is associated with anthracycline dose and LVEF at the end of treatment. Early detection and prompt therapy of cardiotoxicity appear crucial for substantial recovery of cardiac function.",2015,heart failure,cardiology,False,,,Circulation,circulation,False,openalex,Daniela Cardinale; Alessandro Colombo; Giulia Bacchiani; Ines Tedeschi; Carlo A. Meroni; Fabrizio Veglia; Maurizio Civelli; Giuseppina Lamantia; N. Colombo; Giuseppe Curigliano; Cesare Fiorentini; Carlo M. Cipolla,,1692,,,,25948538,,,,,,,True,cited_by_count>=927 (top 10.0%); cited_by_count>=927 (top 10.0%),10.1161/circulationaha.114.013777,,,False,-0.0044347346
https://openalex.org/W2613459819,10.1002/wps.20420,"Prevalence, incidence and mortality from cardiovascular disease in patients with pooled and specific severe mental illness: a large‐scale meta‐analysis of 3,211,768 patients and 113,383,368 controls","People with severe mental illness (SMI) - schizophrenia, bipolar disorder and major depressive disorder - appear at risk for cardiovascular disease (CVD), but a comprehensive meta-analysis is lacking. We conducted a large-scale meta-analysis assessing the prevalence and incidence of CVD; coronary heart disease; stroke, transient ischemic attack or cerebrovascular disease; congestive heart failure; peripheral vascular disease; and CVD-related death in SMI patients (N=3,211,768) versus controls (N=113,383,368) (92 studies). The pooled CVD prevalence in SMI patients (mean age 50 years) was 9.9% (95% CI: 7.4-13.3). Adjusting for a median of seven confounders, patients had significantly higher odds of CVD versus controls in cross-sectional studies (odds ratio, OR=1.53, 95% CI: 1.27-1.83; 11 studies), and higher odds of coronary heart disease (OR=1.51, 95% CI: 1.47-1.55) and cerebrovascular disease (OR=1.42, 95% CI: 1.21-1.66). People with major depressive disorder were at increased risk for coronary heart disease, while those with schizophrenia were at increased risk for coronary heart disease, cerebrovascular disease and congestive heart failure. Cumulative CVD incidence in SMI patients was 3.6% (95% CI: 2.7-5.3) during a median follow-up of 8.4 years (range 1.8-30.0). Adjusting for a median of six confounders, SMI patients had significantly higher CVD incidence than controls in longitudinal studies (hazard ratio, HR=1.78, 95% CI: 1.60-1.98; 31 studies). The incidence was also higher for coronary heart disease (HR=1.54, 95% CI: 1.30-1.82), cerebrovascular disease (HR=1.64, 95% CI: 1.26-2.14), congestive heart failure (HR=2.10, 95% CI: 1.64-2.70), and CVD-related death (HR=1.85, 95% CI: 1.53-2.24). People with major depressive disorder, bipolar disorder and schizophrenia were all at increased risk of CVD-related death versus controls. CVD incidence increased with antipsychotic use (p=0.008), higher body mass index (p=0.008) and higher baseline CVD prevalence (p=0.03) in patients vs. CONTROLS: Moreover, CVD prevalence (p=0.007), but not CVD incidence (p=0.21), increased in more recently conducted studies. This large-scale meta-analysis confirms that SMI patients have significantly increased risk of CVD and CVD-related mortality, and that elevated body mass index, antipsychotic use, and CVD screening and management require urgent clinical attention.",2017,cardiovascular,cardiology,True,,,World Psychiatry,world psychiatry,False,openalex,Christoph U. Correll; Marco Solmi; Nicola Veronese; Beatrice Bortolato; Stella Rosson; Paolo Santonastaso; Nita Thapa‐Chhetri; Michele Fornaro; Davide Gallicchio; Enrico Collantoni; Giorgio Pigato; Angela Favaro; Francesco Monaco; Cristiano A. Köhler; Davy Vancampfort; Philip B. Ward; Fiona Gaughran; André F. Carvalho; Brendon Stubbs,https://doi.org/10.1002/wps.20420,1686,,,,28498599,,,,,,,True,cited_by_count>=927 (top 10.0%); cited_by_count>=927 (top 10.0%),10.1002/wps.20420,,,False,0.071237095
https://openalex.org/W2618596952,10.1136/bmj.j2099,Development and validation of QRISK3 risk prediction algorithms to estimate future risk of cardiovascular disease: prospective cohort study,"<b>Objectives</b>&nbsp;To develop and validate updated QRISK3 prediction algorithms to estimate the 10 year risk of cardiovascular disease in women and men accounting for potential new risk factors. <b>Design</b>&nbsp;Prospective open cohort study. <b>Setting</b>&nbsp;General practices in England providing data for the QResearch database. <b>Participants</b>&nbsp;1309 QResearch general practices in England: 981 practices were used to develop the scores and a separate set of 328 practices were used to validate the scores. 7.89 million patients aged 25-84 years were in the derivation cohort and 2.67 million patients in the validation cohort. Patients were free of cardiovascular disease and not prescribed statins at baseline. <b>Methods</b>&nbsp;Cox proportional hazards models in the derivation cohort to derive separate risk equations in men and women for evaluation at 10 years. Risk factors considered included those already in QRISK2 (age, ethnicity, deprivation, systolic blood pressure, body mass index, total cholesterol: high density lipoprotein cholesterol ratio, smoking, family history of coronary heart disease in a first degree relative aged less than 60 years, type 1 diabetes, type 2 diabetes, treated hypertension, rheumatoid arthritis, atrial fibrillation, chronic kidney disease (stage 4 or 5)) and new risk factors (chronic kidney disease (stage 3, 4, or 5), a measure of systolic blood pressure variability (standard deviation of repeated measures), migraine, corticosteroids, systemic lupus erythematosus (SLE), atypical antipsychotics, severe mental illness, and HIV/AIDs). We also considered erectile dysfunction diagnosis or treatment in men. Measures of calibration and discrimination were determined in the validation cohort for men and women separately and for individual subgroups by age group, ethnicity, and baseline disease status. <b>Main outcome measures</b>&nbsp;Incident cardiovascular disease recorded on any of the following three linked data sources: general practice, mortality, or hospital admission records. <b>Results</b>&nbsp;363 565 incident cases of cardiovascular disease were identified in the derivation cohort during follow-up arising from 50.8 million person years of observation. All new risk factors considered met the model inclusion criteria except for HIV/AIDS, which was not statistically significant. The models had good calibration and high levels of explained variation and discrimination. In women, the algorithm explained 59.6% of the variation in time to diagnosis of cardiovascular disease (R<sup>2</sup>, with higher values indicating more variation), and the D statistic was 2.48 and Harrell’s C statistic was 0.88 (both measures of discrimination, with higher values indicating better discrimination). The corresponding values for men were 54.8%, 2.26, and 0.86. Overall performance of the updated QRISK3 algorithms was similar to the QRISK2 algorithms. <b>Conclusion</b>&nbsp;Updated QRISK3 risk prediction models were developed and validated. The inclusion of additional clinical variables in QRISK3 (chronic kidney disease, a measure of systolic blood pressure variability (standard deviation of repeated measures), migraine, corticosteroids, SLE, atypical antipsychotics, severe mental illness, and erectile dysfunction) can help enable doctors to identify those at most risk of heart disease and stroke.",2017,cardiovascular,cardiology,True,,,BMJ,bmj,False,openalex,Julia Hippisley–Cox; Carol Coupland; Peter Brindle,https://doi.org/10.1136/bmj.j2099,1682,,,,28536104,,,,,,,True,cited_by_count>=927 (top 10.0%); cited_by_count>=927 (top 10.0%),10.1136/bmj.j2099,,,False,0.14505684
https://openalex.org/W2761865284,10.1038/s41467-017-00900-1,The gut microbiome in atherosclerotic cardiovascular disease,"The gut microbiota has been linked to cardiovascular diseases. However, the composition and functional capacity of the gut microbiome in relation to cardiovascular diseases have not been systematically examined. Here, we perform a metagenome-wide association study on stools from 218 individuals with atherosclerotic cardiovascular disease (ACVD) and 187 healthy controls. The ACVD gut microbiome deviates from the healthy status by increased abundance of Enterobacteriaceae and Streptococcus spp. and, functionally, in the potential for metabolism or transport of several molecules important for cardiovascular health. Although drug treatment represents a confounding factor, ACVD status, and not current drug use, is the major distinguishing feature in this cohort. We identify common themes by comparison with gut microbiome data associated with other cardiometabolic diseases (obesity and type 2 diabetes), with liver cirrhosis, and rheumatoid arthritis. Our data represent a comprehensive resource for further investigations on the role of the gut microbiome in promoting or preventing ACVD as well as other related diseases.The gut microbiota may play a role in cardiovascular diseases. Here, the authors perform a metagenome-wide association study on stools from individuals with atherosclerotic cardiovascular disease and healthy controls, identifying microbial strains and functions associated with the disease.",2017,cardiovascular,cardiology,True,,,Nature Communications,nature communications,True,openalex,Zhuye Jie; Huihua Xia; Shilong Zhong; Qiang Feng; Shenghui Li; Suisha Liang; Huanzi Zhong; Zhipeng Liu; Yuan Gao; Hui Zhao; Dongya Zhang; Zheng Su; Zhiwei Fang; Zhou Lan; Junhua Li; Liang Xiao; Jun Li; Ruijun Li; Xiaoping Li; Fei Li; Huahui Ren; Yan Huang; Yangqing Peng; Guanglei Li; Bo Wen; Bo Dong; Jiyan Chen; Geng Qing-shan; Zhiwei Zhang; Huanming Yang; Jian Wang; Jun Wang; Xuan Zhang; Lise Madsen; Susanne Brix; Guang Ning; Xun Xu; Xin Liu; Yong Hou; Huijue Jia; Kunlun He; Karsten Kristiansen,https://doi.org/10.1038/s41467-017-00900-1,1674,,,,29018189,,,,,,,True,cited_by_count>=927 (top 10.0%); cited_by_count>=927 (top 10.0%),10.1038/s41467-017-00900-1,,,False,0.080743045
https://openalex.org/W2763651817,10.1186/s12968-017-0389-8,"Clinical recommendations for cardiovascular magnetic resonance mapping of T1, T2, T2* and extracellular volume: A consensus statement by the Society for Cardiovascular Magnetic Resonance (SCMR) endorsed by the European Association for Cardiovascular Imaging (EACVI)","Parametric mapping techniques provide a non-invasive tool for quantifying tissue alterations in myocardial disease in those eligible for cardiovascular magnetic resonance (CMR). Parametric mapping with CMR now permits the routine spatial visualization and quantification of changes in myocardial composition based on changes in T1, T2, and T2*(star) relaxation times and extracellular volume (ECV). These changes include specific disease pathways related to mainly intracellular disturbances of the cardiomyocyte (e.g., iron overload, or glycosphingolipid accumulation in Anderson-Fabry disease); extracellular disturbances in the myocardial interstitium (e.g., myocardial fibrosis or cardiac amyloidosis from accumulation of collagen or amyloid proteins, respectively); or both (myocardial edema with increased intracellular and/or extracellular water). Parametric mapping promises improvements in patient care through advances in quantitative diagnostics, inter- and intra-patient comparability, and relatedly improvements in treatment. There is a multitude of technical approaches and potential applications. This document provides a summary of the existing evidence for the clinical value of parametric mapping in the heart as of mid 2017, and gives recommendations for practical use in different clinical scenarios for scientists, clinicians, and CMR manufacturers.",2016,cardiovascular,cardiology,True,,,Journal of Cardiovascular Magnetic Resonance,journal of cardiovascular magnetic resonance,True,openalex,Daniel Messroghli; James Moon; Vanessa M. Ferreira; Lars Grosse‐Wortmann; Taigang He; Peter Kellman; Julia Mascherbauer; Reza Nezafat; Michael Salerno; Erik B. Schelbert; Andrew J. Taylor; Richard B. Thompson; Martin Ugander; Ruud B. van Heeswijk; Matthias G. Friedrich,https://doi.org/10.1186/s12968-017-0389-8,1665,,,,28992817,,,,,,,True,cited_by_count>=927 (top 10.0%); cited_by_count>=927 (top 10.0%),10.1186/s12968-017-0389-8,,,False,0.07803717
https://openalex.org/W4210529991,10.1056/nejmoa2109927,Cardiovascular and Cancer Risk with Tofacitinib in Rheumatoid Arthritis,"BACKGROUND: Increases in lipid levels and cancers with tofacitinib prompted a trial of major adverse cardiovascular events (MACE) and cancers in patients with rheumatoid arthritis receiving tofacitinib as compared with a tumor necrosis factor (TNF) inhibitor. METHODS: We conducted a randomized, open-label, noninferiority, postauthorization, safety end-point trial involving patients with active rheumatoid arthritis despite methotrexate treatment who were 50 years of age or older and had at least one additional cardiovascular risk factor. Patients were randomly assigned in a 1:1:1 ratio to receive tofacitinib at a dose of 5 mg or 10 mg twice daily or a TNF inhibitor. The coprimary end points were adjudicated MACE and cancers, excluding nonmelanoma skin cancer. The noninferiority of tofacitinib would be shown if the upper boundary of the two-sided 95% confidence interval for the hazard ratio was less than 1.8 for the combined tofacitinib doses as compared with a TNF inhibitor. RESULTS: A total of 1455 patients received tofacitinib at a dose of 5 mg twice daily, 1456 received tofacitinib at a dose of 10 mg twice daily, and 1451 received a TNF inhibitor. During a median follow-up of 4.0 years, the incidences of MACE and cancer were higher with the combined tofacitinib doses (3.4% [98 patients] and 4.2% [122 patients], respectively) than with a TNF inhibitor (2.5% [37 patients] and 2.9% [42 patients]). The hazard ratios were 1.33 (95% confidence interval [CI], 0.91 to 1.94) for MACE and 1.48 (95% CI, 1.04 to 2.09) for cancers; the noninferiority of tofacitinib was not shown. The incidences of adjudicated opportunistic infections (including herpes zoster and tuberculosis), all herpes zoster (nonserious and serious), and adjudicated nonmelanoma skin cancer were higher with tofacitinib than with a TNF inhibitor. Efficacy was similar in all three groups, with improvements from month 2 that were sustained through trial completion. CONCLUSIONS: In this trial comparing the combined tofacitinib doses with a TNF inhibitor in a cardiovascular risk-enriched population, risks of MACE and cancers were higher with tofacitinib and did not meet noninferiority criteria. Several adverse events were more common with tofacitinib. (Funded by Pfizer; ORAL Surveillance ClinicalTrials.gov number, NCT02092467.).",2022,cardiovascular,cardiology,True,,,New England Journal of Medicine,new england journal of medicine,False,openalex,Steven R. Ytterberg; Deepak L. Bhatt; Ted R. Mikuls; Gary G. Koch; R. Fleischmann; Jose L. Rivas; Rebecca Germino; Sujatha Menon; Yanhui Sun; Cunshan Wang; Andrea Shapiro; Keith S. Kanik; Carol A. Connell,https://doi.org/10.1056/nejmoa2109927,1661,,,,35081280,,,,,,,True,cited_by_count>=927 (top 10.0%); cited_by_count>=927 (top 10.0%),10.1056/nejmoa2109927,,,False,0.08124587
https://openalex.org/W2600254651,10.1161/circresaha.117.309715,Gut Microbiota in Cardiovascular Health and Disease,"Significant interest in recent years has focused on gut microbiota–host interaction because accumulating evidence has revealed that intestinal microbiota play an important role in human health and disease, including cardiovascular diseases. Changes in the composition of gut microbiota associated with disease, referred to as dysbiosis, have been linked to pathologies such as atherosclerosis, hypertension, heart failure, chronic kidney disease, obesity, and type 2 diabetes mellitus. In addition to alterations in gut microbiota composition, the metabolic potential of gut microbiota has been identified as a contributing factor in the development of diseases. Recent studies revealed that gut microbiota can elicit a variety of effects on the host. Indeed, the gut microbiome functions like an endocrine organ, generating bioactive metabolites, that can impact host physiology. Microbiota interact with the host through many pathways, including the trimethylamine/trimethylamine N -oxide pathway, short-chain fatty acids pathway, and primary and secondary bile acids pathways. In addition to these metabolism-dependent pathways, metabolism-independent processes are suggested to also potentially contribute to cardiovascular disease pathogenesis. For example, heart failure–associated splanchnic circulation congestion, bowel wall edema, and impaired intestinal barrier function are thought to result in bacterial translocation, the presence of bacterial products in the systemic circulation and heightened inflammatory state. These are thought to also contribute to further progression of heart failure and atherosclerosis. The purpose of the current review is to highlight the complex interplay between microbiota, their metabolites, and the development and progression of cardiovascular diseases. We will also discuss the roles of gut microbiota in normal physiology and the potential of modulating intestinal microbial inhabitants as novel therapeutic targets.",2017,cardiovascular,cardiology,True,,,Circulation Research,circulation research,False,openalex,W.H. Wilson Tang; Takeshi Kitai; Stanley L. Hazen,https://doi.org/10.1161/circresaha.117.309715,1650,,,,28360349,,,,,,,True,cited_by_count>=927 (top 10.0%); cited_by_count>=927 (top 10.0%),10.1161/circresaha.117.309715,,,False,0.02570123
https://openalex.org/W3166015112,10.1093/eurheartj/ehab309,SCORE2 risk prediction algorithms: new models to estimate 10-year risk of cardiovascular disease in Europe,"AIMS: The aim of this study was to develop, validate, and illustrate an updated prediction model (SCORE2) to estimate 10-year fatal and non-fatal cardiovascular disease (CVD) risk in individuals without previous CVD or diabetes aged 40-69 years in Europe. METHODS AND RESULTS: We derived risk prediction models using individual-participant data from 45 cohorts in 13 countries (677 684 individuals, 30 121 CVD events). We used sex-specific and competing risk-adjusted models, including age, smoking status, systolic blood pressure, and total- and HDL-cholesterol. We defined four risk regions in Europe according to country-specific CVD mortality, recalibrating models to each region using expected incidences and risk factor distributions. Region-specific incidence was estimated using CVD mortality and incidence data on 10 776 466 individuals. For external validation, we analysed data from 25 additional cohorts in 15 European countries (1 133 181 individuals, 43 492 CVD events). After applying the derived risk prediction models to external validation cohorts, C-indices ranged from 0.67 (0.65-0.68) to 0.81 (0.76-0.86). Predicted CVD risk varied several-fold across European regions. For example, the estimated 10-year CVD risk for a 50-year-old smoker, with a systolic blood pressure of 140 mmHg, total cholesterol of 5.5 mmol/L, and HDL-cholesterol of 1.3 mmol/L, ranged from 5.9% for men in low-risk countries to 14.0% for men in very high-risk countries, and from 4.2% for women in low-risk countries to 13.7% for women in very high-risk countries. CONCLUSION: SCORE2-a new algorithm derived, calibrated, and validated to predict 10-year risk of first-onset CVD in European populations-enhances the identification of individuals at higher risk of developing CVD across Europe.",2021,cardiovascular,cardiology,True,,,European Heart Journal,european heart journal,False,openalex,Steven H J Hageman; Lisa Pennells; Francisco Ojeda; Stephen Kaptoge; Kari Kuulasmaa; Tamar I. de Vries; Zhe Xu; Frank Kee; Ryan Chung; Angela Wood; John W. McEvoy; Giovanni Veronesi; Thomas Bolton; Stephan Achenbach; Krasimira Aleksandrova; Pilar Amiano; Donostia-San Sebastián; Philippe Amouyel; Jonas Andersson; Stephan J. L. Bakker; Rui Bebiano Da Providencia Costa; Joline W. J. Beulens; Michael J. Blaha; Martin Bobák; Jolanda M.A. Boer; Catalina Bonet; Fabrice Bonnet; Marie‐Christine Boutron‐Ruault; Tonje Braaten; Hermann Brenner; Fabian J. Brunner; Eric J. Brunner; Mattias Brunström; Julie E. Buring; Adam S. Butterworth; Naděžda Čapková; Giancarlo Cesana; Christina Chrysohoou; Sandra M. Colorado‐Yohar; Nancy R. Cook; Cyrus Cooper; Christina C. Dahm; Karina W. Davidson; Elaine Dennison; Augusto Di Castelnuovo; Chiara Donfrancesco; Marcus Dörr; Agnieszka Doryńska; Mats Eliasson; Gunnar Engström; Pietro Ferrari; Maurizio Ferrario; Ian Ford; Michael Fu; Ron T. Gansevoort; Simona Giampaoli; Richard F. Gillum; Agustı́n Gómez de la Cámara; Guıdo Grassı; Per‐Olof Hansson; Radu Huculeci; Kristian Hveem; Licia Iacoviello; M. Kamran Ikram; Torben Jørgensen; Bijoy Joseph; Pekka Jousilahti; J. Wouter Jukema; Rudolf Kaaks; Verena Katzke; Maryam Kavousi; Stefan Kiechl; Jens Klotsche; Wolfgang König; Richard A. Kronmal; Růžena Kubínová; Anna Kucharska‐Newton; Kristi Läll; Nils Lehmann; David M. Leistner; Allan Linneberg; David Lora Pablos; Thiess Lorenz; Wentian Lu; Dalia Lukšienė; Magnus Nakrem Lyngbakken; Christina Magnussen; Sofia Malyutina; Alejandro Marín Ibañez; Giovanna Masala; Ellisiv B. Mathiesen; Kuni Matsushita; Tom Meade; Olle Melander; Helmut E. Meyer; Karel G.M. Moons; Conchi Moreno‐Iribas; David C. Muller; Thomas Münzel; Y.P. Nikitin,https://doi.org/10.1093/eurheartj/ehab309,1600,,,,34120177,,,,,,,True,cited_by_count>=927 (top 10.0%); cited_by_count>=927 (top 10.0%),10.1093/eurheartj/ehab309,,,False,0.07157154
https://openalex.org/W2968073288,10.1016/s2213-8587(19)30249-9,"Cardiovascular, mortality, and kidney outcomes with GLP-1 receptor agonists in patients with type 2 diabetes: a systematic review and meta-analysis of cardiovascular outcome trials",,2019,cardiovascular,cardiology,True,,,The Lancet Diabetes & Endocrinology,the lancet diabetes & endocrinology,False,openalex,Søren Lund Kristensen; Rasmus Rørth; Pardeep S. Jhund; Kieran F. Docherty; Naveed Sattar; David Preiss; Lars Køber; Mark C. Petrie; John J.V. McMurray,"http://eprints.gla.ac.uk/view/author/31665.html>,",1593,,,,31422062,,,,,,,True,cited_by_count>=927 (top 10.0%); cited_by_count>=927 (top 10.0%),10.1016/s2213-8587(19)30249-9,,,False,0.00076614134
https://openalex.org/W2899572198,10.1056/nejmoa1809944,Vitamin D Supplements and Prevention of Cancer and Cardiovascular Disease,"BACKGROUND: It is unclear whether supplementation with vitamin D reduces the risk of cancer or cardiovascular disease, and data from randomized trials are limited. METHODS: (cholecalciferol) at a dose of 2000 IU per day and marine n-3 (also called omega-3) fatty acids at a dose of 1 g per day for the prevention of cancer and cardiovascular disease among men 50 years of age or older and women 55 years of age or older in the United States. Primary end points were invasive cancer of any type and major cardiovascular events (a composite of myocardial infarction, stroke, or death from cardiovascular causes). Secondary end points included site-specific cancers, death from cancer, and additional cardiovascular events. This article reports the results of the comparison of vitamin D with placebo. RESULTS: A total of 25,871 participants, including 5106 black participants, underwent randomization. Supplementation with vitamin D was not associated with a lower risk of either of the primary end points. During a median follow-up of 5.3 years, cancer was diagnosed in 1617 participants (793 in the vitamin D group and 824 in the placebo group; hazard ratio, 0.96; 95% confidence interval [CI], 0.88 to 1.06; P=0.47). A major cardiovascular event occurred in 805 participants (396 in the vitamin D group and 409 in the placebo group; hazard ratio, 0.97; 95% CI, 0.85 to 1.12; P=0.69). In the analyses of secondary end points, the hazard ratios were as follows: for death from cancer (341 deaths), 0.83 (95% CI, 0.67 to 1.02); for breast cancer, 1.02 (95% CI, 0.79 to 1.31); for prostate cancer, 0.88 (95% CI, 0.72 to 1.07); for colorectal cancer, 1.09 (95% CI, 0.73 to 1.62); for the expanded composite end point of major cardiovascular events plus coronary revascularization, 0.96 (95% CI, 0.86 to 1.08); for myocardial infarction, 0.96 (95% CI, 0.78 to 1.19); for stroke, 0.95 (95% CI, 0.76 to 1.20); and for death from cardiovascular causes, 1.11 (95% CI, 0.88 to 1.40). In the analysis of death from any cause (978 deaths), the hazard ratio was 0.99 (95% CI, 0.87 to 1.12). No excess risks of hypercalcemia or other adverse events were identified. CONCLUSIONS: Supplementation with vitamin D did not result in a lower incidence of invasive cancer or cardiovascular events than placebo. (Funded by the National Institutes of Health and others; VITAL ClinicalTrials.gov number, NCT01169259 .).",2018,cardiovascular,cardiology,True,,,New England Journal of Medicine,new england journal of medicine,False,openalex,JoAnn E. Manson; Nancy R. Cook; I‐Min Lee; William Christen; Shari S. Bassuk; Samia Mora; Heike Gibson; David Gordon; Trisha Copeland; Denise D’Agostino; Georgina Friedenberg; Claire Ridge; Vadim Bubes; Edward L. Giovannucci; Walter C. Willett; Julie E. Buring,https://doi.org/10.1056/nejmoa1809944,1591,,,,30415629,,,,,,,True,cited_by_count>=927 (top 10.0%); cited_by_count>=927 (top 10.0%),10.1056/nejmoa1809944,,,False,0.070069745
https://openalex.org/W2887210117,10.1161/cir.0000000000000603,2018 AHA/ACC Guideline for the Management of Adults With Congenital Heart Disease: A Report of the American College of Cardiology/American Heart Association Task Force on Clinical Practice Guidelines,"Since 1980, the American College of Cardiology (ACC) and American Heart Association (AHA) have translated scientific evidence into clinical practice guidelines (guidelines) with recommendations to improve cardiovascular health. These guidelines, which are based on systematic methods to evaluate and classify evidence, provide a cornerstone for quality cardiovascular care. The ACC and AHA sponsor the development and publication of guidelines without commercial support, and members of each organization volunteer their time to the writing and review efforts. Guidelines are official policy of the ACC and AHA.",2018,cardiology,cardiology,True,,,Circulation,circulation,False,openalex,Karen Stout; Curt J. Daniels; Jamil Aboulhosn; Biykem Bozkurt; Craig S. Broberg; Jack M. Colman; Stephen R. Crumb; Joseph A. Dearani; Stephanie Fuller; Michelle Gurvitz; Paul Khairy; Michael J. Landzberg; Arwa Saidi; Anne Marie Valente; George F. Van Hare,https://doi.org/10.1161/cir.0000000000000603,1575,,,,30586767,,,,,,,True,cited_by_count>=927 (top 10.0%); cited_by_count>=927 (top 10.0%),10.1161/cir.0000000000000603,,,False,0.12701997
https://openalex.org/W2915319527,10.1161/circresaha.118.312669,"Sedentary Behavior, Exercise, and Cardiovascular Health","Sedentary behavior and physical inactivity are among the leading modifiable risk factors worldwide for cardiovascular disease and all-cause mortality. The promotion of physical activity and exercise training (ET) leading to improved levels of cardiorespiratory fitness is needed in all age groups, race, and ethnicities and both sexes to prevent many chronic diseases, especially cardiovascular disease. In this state-of-the-art review, we discuss the negative impact of sedentary behavior and physical inactivity, as well as the beneficial effects of physical activity /ET and cardiorespiratory fitness for the prevention of chronic noncommunicable diseases, including cardiovascular disease. We review the prognostic utility of cardiorespiratory fitness compared with obesity and the metabolic syndrome, as well as the increase of physical activity /ET for patients with heart failure as a therapeutic strategy, and ET dosing. Greater efforts at preventing sedentary behavior and physical inactivity while promoting physical activity, ET, and cardiorespiratory fitness are needed throughout the healthcare system worldwide and particularly in the United States in which the burden of cardiometabolic diseases remains extremely high.",2019,cardiovascular,cardiology,True,,,Circulation Research,circulation research,False,openalex,Carl J. Lavie; Cemal Ozemek; Salvatore Carbone; Peter T. Katzmarzyk; Steven N. Blair,https://doi.org/10.1161/circresaha.118.312669,1564,,,,30817262,,,,,,,True,cited_by_count>=927 (top 10.0%); cited_by_count>=927 (top 10.0%),10.1161/circresaha.118.312669,,,False,0.0097063705
https://openalex.org/W3209117858,10.1161/cir.0000000000001029,2021 AHA/ACC/ASE/CHEST/SAEM/SCCT/SCMR Guideline for the Evaluation and Diagnosis of Chest Pain: A Report of the American College of Cardiology/American Heart Association Joint Committee on Clinical Practice Guidelines,"AIM: This clinical practice guideline for the evaluation and diagnosis of chest pain provides recommendations and algorithms for clinicians to assess and diagnose chest pain in adult patients. METHODS: A comprehensive literature search was conducted from November 11, 2017, to May 1, 2020, encompassing randomized and nonrandomized trials, observational studies, registries, reviews, and other evidence conducted on human subjects that were published in English from PubMed, EMBASE, the Cochrane Collaboration, Agency for Healthcare Research and Quality reports, and other relevant databases. Additional relevant studies, published through April 2021, were also considered. STRUCTURE: Chest pain is a frequent cause for emergency department visits in the United States. The ""2021 AHA/ACC/ASE/CHEST/SAEM/SCCT/SCMR Guideline for the Evaluation and Diagnosis of Chest Pain"" provides recommendations based on contemporary evidence on the assessment and evaluation of chest pain. This guideline presents an evidence-based approach to risk stratification and the diagnostic workup for the evaluation of chest pain. Cost-value considerations in diagnostic testing have been incorporated, and shared decision-making with patients is recommended.",2021,cardiology,cardiology,False,,,Circulation,circulation,False,openalex,Martha Gulati; Phillip D. Levy; Debabrata Mukherjee; Ezra A. Amsterdam; Deepak L. Bhatt; Kim K. Birtcher; Ron Blankstein; Jack Boyd; Renée P. Bullock-Palmer; Theresa Conejo; Deborah B. Diercks; Federico Gentile; John P. Greenwood; Erik P. Hess; Steven M. Hollenberg; Wael A. Jaber; Hani Jneid; José A. Joglar; David A. Morrow; Robert E. O’Connor; Michael A. Ross; Leslee J. Shaw,,1562,,,,34709879,,,,,,,True,cited_by_count>=927 (top 10.0%); cited_by_count>=927 (top 10.0%),10.1161/cir.0000000000001029,,,False,0.065589406
https://openalex.org/W1908289777,10.1093/eurheartj/ehw334,Cardiovascular disease in Europe: epidemiological update 2016,"\n\t\t\t\t\tThis article provides an update for 2015 on the burden of cardiovascular disease (CVD), with a particular focus on coronary heart disease (CHD) and stroke, across the countries of Europe. Cardiovascular disease is still the most common cause of death within Europe, causing almost two times as many deaths as cancer across the continent. Although there is clear evidence, where data are available, that mortality from CHD and stroke has decreased substantially over the last 5-10 years, there are still large inequalities found between European countries, in both current rates of death and the rate at which these decreases have occurred. Similarly, rates of treatment, particularly surgical intervention, differ widely between those countries for which data are available, indicating a range of inequalities between them. This is also the first time in the series that we use the 2013 European Standard Population (ESP) to calculate age-standardized death rates (ASDRs). This new standard results in ASDRs around two times as large as the 1976 ESP for CVD conditions such as CHD but changes little the relative rankings of countries according to ASDR.\n\t\t\t\t",2016,cardiovascular,cardiology,True,,,European Heart Journal,european heart journal,False,openalex,Nick Townsend; Lauren Wilson; Prachi Bhatnagar; Kremlin Wickramasinghe; Mike Rayner; Melanie Nichols,https://doi.org/10.1093/eurheartj/ehw334,1555,,,,27523477,,,,,,,True,cited_by_count>=927 (top 10.0%); cited_by_count>=927 (top 10.0%),10.1093/eurheartj/ehw334,,,False,0.10747844
https://openalex.org/W2556417520,10.1056/nejmoa1611594,Prevention of Bleeding in Patients with Atrial Fibrillation Undergoing PCI,"BACKGROUND: inhibitor and aspirin reduces the risk of thrombosis and stroke but increases the risk of bleeding. The effectiveness and safety of anticoagulation with rivaroxaban plus either one or two antiplatelet agents are uncertain. METHODS: inhibitor for 12 months (group 1), very-low-dose rivaroxaban (2.5 mg twice daily) plus DAPT for 1, 6, or 12 months (group 2), or standard therapy with a dose-adjusted vitamin K antagonist (once daily) plus DAPT for 1, 6, or 12 months (group 3). The primary safety outcome was clinically significant bleeding (a composite of major bleeding or minor bleeding according to Thrombolysis in Myocardial Infarction [TIMI] criteria or bleeding requiring medical attention). RESULTS: The rates of clinically significant bleeding were lower in the two groups receiving rivaroxaban than in the group receiving standard therapy (16.8% in group 1, 18.0% in group 2, and 26.7% in group 3; hazard ratio for group 1 vs. group 3, 0.59; 95% confidence interval [CI], 0.47 to 0.76; P<0.001; hazard ratio for group 2 vs. group 3, 0.63; 95% CI, 0.50 to 0.80; P<0.001). The rates of death from cardiovascular causes, myocardial infarction, or stroke were similar in the three groups (Kaplan-Meier estimates, 6.5% in group 1, 5.6% in group 2, and 6.0% in group 3; P values for all comparisons were nonsignificant). CONCLUSIONS: inhibitor for 12 months or very-low-dose rivaroxaban plus DAPT for 1, 6, or 12 months was associated with a lower rate of clinically significant bleeding than was standard therapy with a vitamin K antagonist plus DAPT for 1, 6, or 12 months. The three groups had similar efficacy rates, although the observed broad confidence intervals diminish the surety of any conclusions regarding efficacy. (Funded by Janssen Scientific Affairs and Bayer Pharmaceuticals; PIONEER AF-PCI ClinicalTrials.gov number, NCT01830543 .).",2016,atrial fibrillation,cardiology,True,,,New England Journal of Medicine,new england journal of medicine,False,openalex,C. Michael Gibson; Roxana Mehran; Christoph Bode; Jonathan L. Halperin; Freek W.A. Verheugt; Peter Wildgoose; Mary C. Birmingham; Juliana Ianus; Paul Burton; Martin van Eickels; Serge Korjian; Yazan Daaboul; Gregory Y.H. Lip; Marc Cohen; Steen Husted; Eric D. Peterson; Keith A.A. Fox,https://doi.org/10.1056/nejmoa1611594,1552,,,,27959713,,,,,,,True,cited_by_count>=927 (top 10.0%); cited_by_count>=927 (top 10.0%),10.1056/nejmoa1611594,,,False,0.0052578496
https://openalex.org/W4387439311,10.1161/cir.0000000000001184,Cardiovascular-Kidney-Metabolic Health: A Presidential Advisory From the American Heart Association,"Cardiovascular-kidney-metabolic health reflects the interplay among metabolic risk factors, chronic kidney disease, and the cardiovascular system and has profound impacts on morbidity and mortality. There are multisystem consequences of poor cardiovascular-kidney-metabolic health, with the most significant clinical impact being the high associated incidence of cardiovascular disease events and cardiovascular mortality. There is a high prevalence of poor cardiovascular-kidney-metabolic health in the population, with a disproportionate burden seen among those with adverse social determinants of health. However, there is also a growing number of therapeutic options that favorably affect metabolic risk factors, kidney function, or both that also have cardioprotective effects. To improve cardiovascular-kidney-metabolic health and related outcomes in the population, there is a critical need for (1) more clarity on the definition of cardiovascular-kidney-metabolic syndrome; (2) an approach to cardiovascular-kidney-metabolic staging that promotes prevention across the life course; (3) prediction algorithms that include the exposures and outcomes most relevant to cardiovascular-kidney-metabolic health; and (4) strategies for the prevention and management of cardiovascular disease in relation to cardiovascular-kidney-metabolic health that reflect harmonization across major subspecialty guidelines and emerging scientific evidence. It is also critical to incorporate considerations of social determinants of health into care models for cardiovascular-kidney-metabolic syndrome and to reduce care fragmentation by facilitating approaches for patient-centered interdisciplinary care. This presidential advisory provides guidance on the definition, staging, prediction paradigms, and holistic approaches to care for patients with cardiovascular-kidney-metabolic syndrome and details a multicomponent vision for effectively and equitably enhancing cardiovascular-kidney-metabolic health in the population.",2023,cardiovascular,cardiology,True,,,Circulation,circulation,False,openalex,Chiadi E. Ndumele; Janani Rangaswami; Sheryl L. Chow; Ian J. Neeland; Katherine R. Tuttle; Sadiya S. Khan; Josef Coresh; Roy O. Mathew; Carissa M. Baker‐Smith; Mercedes R. Carnethon; Jean‐Pierre Després; Jennifer E. Ho; Joshua J. Joseph; Walter N. Kernan; Amit Khera; Mikhail Kosiborod; Carolyn L. Lekavich; Eldrin F. Lewis; Kevin Bryan Lo; Bige Ozkan; Latha Palaniappan; Sonali S. Patel; Michael Pencina; Tiffany M. Powell‐Wiley; Laurence Sperling; Salim S. Virani; Jackson T. Wright; Radhika Rajgopal Singh; Mitchell S.V. Elkind,https://doi.org/10.1161/cir.0000000000001184,1547,,,,37807924,,,,,,,True,cited_by_count>=927 (top 10.0%); cited_by_count>=927 (top 10.0%),10.1161/cir.0000000000001184,,,False,0.14022952
https://openalex.org/W3194763937,10.1056/nejmoa2110956,Cardiovascular Events with Finerenone in Kidney Disease and Type 2 Diabetes,"BACKGROUND: Finerenone, a selective nonsteroidal mineralocorticoid receptor antagonist, has favorable effects on cardiorenal outcomes in patients with predominantly stage 3 or 4 chronic kidney disease (CKD) with severely elevated albuminuria and type 2 diabetes. The use of finerenone in patients with type 2 diabetes and a wider range of CKD is unclear. METHODS: (stage 1 or 2 CKD). Patients were treated with renin-angiotensin system blockade that had been adjusted before randomization to the maximum dose on the manufacturer's label that did not cause unacceptable side effects. The primary outcome, assessed in a time-to-event analysis, was a composite of death from cardiovascular causes, nonfatal myocardial infarction, nonfatal stroke, or hospitalization for heart failure. The first secondary outcome was a composite of kidney failure, a sustained decrease from baseline of at least 40% in the eGFR, or death from renal causes. Safety was assessed as investigator-reported adverse events. RESULTS: A total of 7437 patients underwent randomization. Among the patients included in the analysis, during a median follow-up of 3.4 years, a primary outcome event occurred in 458 of 3686 patients (12.4%) in the finerenone group and in 519 of 3666 (14.2%) in the placebo group (hazard ratio, 0.87; 95% confidence interval [CI], 0.76 to 0.98; P = 0.03), with the benefit driven primarily by a lower incidence of hospitalization for heart failure (hazard ratio, 0.71; 95% CI, 0.56 to 0.90). The secondary composite outcome occurred in 350 patients (9.5%) in the finerenone group and in 395 (10.8%) in the placebo group (hazard ratio, 0.87; 95% CI, 0.76 to 1.01). The overall frequency of adverse events did not differ substantially between groups. The incidence of hyperkalemia-related discontinuation of the trial regimen was higher with finerenone (1.2%) than with placebo (0.4%). CONCLUSIONS: Among patients with type 2 diabetes and stage 2 to 4 CKD with moderately elevated albuminuria or stage 1 or 2 CKD with severely elevated albuminuria, finerenone therapy improved cardiovascular outcomes as compared with placebo. (Funded by Bayer; FIGARO-DKD ClinicalTrials.gov number, NCT02545049.).",2021,cardiovascular,cardiology,True,,,New England Journal of Medicine,new england journal of medicine,False,openalex,Bertram Pitt; Gerasimos Filippatos; Rajiv Agarwal; Stefan D. Anker; George L. Bakris; Peter Rossing; Amer Joseph; Peter Kolkhof; Christina Nowack; Patrick Schloemer; Luis M. Ruilope,https://researchprofiles.ku.dk/da/publications/d780113d-7662-4597-8eb4-550c45ca77c5,1541,,,,34449181,,,,,,,True,cited_by_count>=927 (top 10.0%); cited_by_count>=927 (top 10.0%),10.1056/nejmoa2110956,,,False,0.044899262
https://openalex.org/W3132494856,10.1002/ejhf.2115,"Universal definition and classification of heart failure: a report of the Heart Failure Society of America, Heart Failure Association of the European Society of Cardiology, Japanese Heart Failure Society and Writing Committee of the Universal Definition of Heart Failure","In this document, we propose a universal definition of heart failure (HF) as a clinical syndrome with symptoms and/or signs caused by a structural and/or functional cardiac abnormality and corroborated by elevated natriuretic peptide levels and/or objective evidence of pulmonary or systemic congestion. We also propose revised stages of HF as: At risk for HF (Stage A), Pre-HF (Stage B), Symptomatic HF (Stage C) and Advanced HF (Stage D). Finally, we propose a new and revised classification of HF according to left ventricular ejection fraction (LVEF). This includes HF with reduced ejection fraction (HFrEF): symptomatic HF with LVEF ≤40%; HF with mildly reduced ejection fraction (HFmrEF): symptomatic HF with LVEF 41-49%; HF with preserved ejection fraction (HFpEF): symptomatic HF with LVEF ≥50%; and HF with improved ejection fraction (HFimpEF): symptomatic HF with a baseline LVEF ≤40%, a ≥10 point increase from baseline LVEF, and a second measurement of LVEF > 40%.",2021,cardiology,cardiology,True,,,European Journal of Heart Failure,european journal of heart failure,False,openalex,Biykem Bozkurt; Andrew J.S. Coats; Hiroyuki Tsutsui; Magdy Abdelhamid; Stamatis Adamopoulos; Nancy M. Albert; Stefan D. Anker; J. Atherton; Michael Böhm; Javed Butler; Mark H. Drazner; G. Michael Felker; Gerasimos Filippatos; Mona Fiuzat; Gregg C. Fonarow; Juan‐Esteban Gomez‐Mesa; Paul A. Heidenreich; Teruhiko Imamura; Ewa A. Jankowska; James L. Januzzi; Prateeti Khazanie; Koichiro Kinugawa; Carolyn S.P. Lam; Yuya Matsue; Marco Metra; Tomohito Ohtani; Massimo Piepoli; Piotr Ponikowski; Giuseppe Rosano; Yasushi Sakata; Petar Seferović; Randall C. Starling; John R. Teerlink; Orly Vardeny; Kazuhiro Yamamoto; Clyde W. Yancy; Jian Zhang; Shelley Zieroth,https://doi.org/10.1002/ejhf.2115,1525,,,,33605000,,,,,,,True,cited_by_count>=927 (top 10.0%); cited_by_count>=927 (top 10.0%),10.1002/ejhf.2115,,,False,0.10181817
https://openalex.org/W3006116566,10.1093/eurheartj/ehz962,"Low-density lipoproteins cause atherosclerotic cardiovascular disease: pathophysiological, genetic, and therapeutic insights: a consensus statement from the European Atherosclerosis Society Consensus Panel",Abstract,2020,cardiovascular,cardiology,True,,,European Heart Journal,european heart journal,False,openalex,Jan Borén; M. John Chapman; Ronald M. Krauss; Chris J. Packard; Jacob Fog Bentzon; Christoph J. Binder; Mat J.A.P. Daemen; Linda L. Demer; Robert A. Hegele; Stephen J. Nicholls; Børge G. Nordestgaard; Gerald F. Watts; Éric Bruckert; Sergio Fazio; Brian A. Ference; Ian Graham; Jay D. Horton; Ulf Landmesser; Ulrich Laufs; L. Masana; Gerard Pasterkamp; Frederick J. Raal; Kausik K. Ray; Heribert Schunkert; Marja‐Riitta Taskinen; Bart van de Sluis; Olov Wiklund; Lâle Tokgözoğlu; Alberico L. Catapano; Henry N. Ginsberg,,1510,,,,32052833,,,,,,,True,cited_by_count>=927 (top 10.0%); cited_by_count>=927 (top 10.0%),10.1093/eurheartj/ehz962,,,False,0.040201735
https://openalex.org/W2965520043,10.1016/s0140-6736(19)31721-0,An artificial intelligence-enabled ECG algorithm for the identification of patients with atrial fibrillation during sinus rhythm: a retrospective analysis of outcome prediction,,2019,atrial fibrillation,cardiology,False,,,The Lancet,the lancet,False,openalex,Zachi I. Attia; Peter A. Noseworthy; Francisco López-Jiménez; Samuel J. Asirvatham; Abhishek Deshmukh; Bernard J. Gersh; Rickey E. Carter; Xiaoxi Yao; Alejandro A. Rabinstein; Brad J Erickson; Suraj Kapa; Paul A. Friedman,,1508,,,,31378392,,,,,,,True,cited_by_count>=927 (top 10.0%); cited_by_count>=927 (top 10.0%),10.1016/s0140-6736(19)31721-0,,,False,0.12319001
https://openalex.org/W3022580747,10.1093/cvr/cvaa106,"COVID-19 and the cardiovascular system: implications for risk assessment, diagnosis, and treatment options","The novel coronavirus disease (COVID-19) outbreak, caused by SARS-CoV-2, represents the greatest medical challenge in decades. We provide a comprehensive review of the clinical course of COVID-19, its comorbidities, and mechanistic considerations for future therapies. While COVID-19 primarily affects the lungs, causing interstitial pneumonitis and severe acute respiratory distress syndrome (ARDS), it also affects multiple organs, particularly the cardiovascular system. Risk of severe infection and mortality increase with advancing age and male sex. Mortality is increased by comorbidities: cardiovascular disease, hypertension, diabetes, chronic pulmonary disease, and cancer. The most common complications include arrhythmia (atrial fibrillation, ventricular tachyarrhythmia, and ventricular fibrillation), cardiac injury [elevated highly sensitive troponin I (hs-cTnI) and creatine kinase (CK) levels], fulminant myocarditis, heart failure, pulmonary embolism, and disseminated intravascular coagulation (DIC). Mechanistically, SARS-CoV-2, following proteolytic cleavage of its S protein by a serine protease, binds to the transmembrane angiotensin-converting enzyme 2 (ACE2) -a homologue of ACE-to enter type 2 pneumocytes, macrophages, perivascular pericytes, and cardiomyocytes. This may lead to myocardial dysfunction and damage, endothelial dysfunction, microvascular dysfunction, plaque instability, and myocardial infarction (MI). While ACE2 is essential for viral invasion, there is no evidence that ACE inhibitors or angiotensin receptor blockers (ARBs) worsen prognosis. Hence, patients should not discontinue their use. Moreover, renin-angiotensin-aldosterone system (RAAS) inhibitors might be beneficial in COVID-19. Initial immune and inflammatory responses induce a severe cytokine storm [interleukin (IL)-6, IL-7, IL-22, IL-17, etc.] during the rapid progression phase of COVID-19. Early evaluation and continued monitoring of cardiac damage (cTnI and NT-proBNP) and coagulation (D-dimer) after hospitalization may identify patients with cardiac injury and predict COVID-19 complications. Preventive measures (social distancing and social isolation) also increase cardiovascular risk. Cardiovascular considerations of therapies currently used, including remdesivir, chloroquine, hydroxychloroquine, tocilizumab, ribavirin, interferons, and lopinavir/ritonavir, as well as experimental therapies, such as human recombinant ACE2 (rhACE2), are discussed.",2020,cardiovascular,cardiology,True,,,Cardiovascular Research,cardiovascular research,False,openalex,Tomasz J Guzik; Saidi Mohiddin; Anthony Dimarco; Vimal Patel; Kostas Savvatis; Federica M. Marelli‐Berg; Meena S. Madhur; Maciej Tomaszewski; Pasquale Maffia; Fulvio D’Acquisto; Stuart A. Nicklin; Ali J. Marian; Ryszard Nosalski; Eleanor Murray; Bartłomiej Guzik; Colin Berry; Rhian M. Touyz; Reinhold Kreutz; Dao Wen Wang; David Bhella; Orlando Sagliocco; Filippo Crea; Emma C. Thomson; Iain B. McInnes,https://doi.org/10.1093/cvr/cvaa106,1502,,,,32352535,,,,,,,True,cited_by_count>=927 (top 10.0%); cited_by_count>=927 (top 10.0%),10.1093/cvr/cvaa106,,,False,-0.023403436
https://openalex.org/W3023826646,10.1056/nejmoa2007621,"RETRACTED: Cardiovascular Disease, Drug Therapy, and Mortality in Covid-19","BACKGROUND: Coronavirus disease 2019 (Covid-19) may disproportionately affect people with cardiovascular disease. Concern has been aroused regarding a potential harmful effect of angiotensin-converting-enzyme (ACE) inhibitors and angiotensin-receptor blockers (ARBs) in this clinical context. METHODS: Using an observational database from 169 hospitals in Asia, Europe, and North America, we evaluated the relationship of cardiovascular disease and drug therapy with in-hospital death among hospitalized patients with Covid-19 who were admitted between December 20, 2019, and March 15, 2020, and were recorded in the Surgical Outcomes Collaborative registry as having either died in the hospital or survived to discharge as of March 28, 2020. RESULTS: Of the 8910 patients with Covid-19 for whom discharge status was available at the time of the analysis, a total of 515 died in the hospital (5.8%) and 8395 survived to discharge. The factors we found to be independently associated with an increased risk of in-hospital death were an age greater than 65 years (mortality of 10.0%, vs. 4.9% among those ≤65 years of age; odds ratio, 1.93; 95% confidence interval [CI], 1.60 to 2.41), coronary artery disease (10.2%, vs. 5.2% among those without disease; odds ratio, 2.70; 95% CI, 2.08 to 3.51), heart failure (15.3%, vs. 5.6% among those without heart failure; odds ratio, 2.48; 95% CI, 1.62 to 3.79), cardiac arrhythmia (11.5%, vs. 5.6% among those without arrhythmia; odds ratio, 1.95; 95% CI, 1.33 to 2.86), chronic obstructive pulmonary disease (14.2%, vs. 5.6% among those without disease; odds ratio, 2.96; 95% CI, 2.00 to 4.40), and current smoking (9.4%, vs. 5.6% among former smokers or nonsmokers; odds ratio, 1.79; 95% CI, 1.29 to 2.47). No increased risk of in-hospital death was found to be associated with the use of ACE inhibitors (2.1% vs. 6.1%; odds ratio, 0.33; 95% CI, 0.20 to 0.54) or the use of ARBs (6.8% vs. 5.7%; odds ratio, 1.23; 95% CI, 0.87 to 1.74). CONCLUSIONS: Our study confirmed previous observations suggesting that underlying cardiovascular disease is associated with an increased risk of in-hospital death among patients hospitalized with Covid-19. Our results did not confirm previous concerns regarding a potential harmful association of ACE inhibitors or ARBs with in-hospital death in this clinical context. (Funded by the William Harvey Distinguished Chair in Advanced Cardiovascular Medicine at Brigham and Women's Hospital.).",2020,cardiovascular,cardiology,True,,,New England Journal of Medicine,new england journal of medicine,False,openalex,Mandeep R. Mehra; Sapan S. Desai; SreyRam Kuy; Timothy D. Henry; Amit Patel,https://www.ncbi.nlm.nih.gov/pmc/articles/7206931,1495,,,,32356626,,,,,,,True,cited_by_count>=927 (top 10.0%); cited_by_count>=927 (top 10.0%),10.1056/nejmoa2007621,,,False,0.005689094
https://openalex.org/W3008279587,10.3389/fcvm.2020.00022,"Adipose Tissue Distribution, Inflammation and Its Metabolic Consequences, Including Diabetes and Cardiovascular Disease","Adipose tissue plays essential roles in maintaining lipid and glucose homeostasis. To date several types of adipose tissue have been identified, namely white, brown, and beige, that reside in various specific anatomical locations throughout the body. The cellular composition, secretome, and location of these adipose depots define their function in health and metabolic disease. In obesity, adipose tissue becomes dysfunctional, promoting a pro-inflammatory, hyperlipidemic and insulin resistant environment that contributes to type 2 diabetes mellitus (T2DM). Concurrently, similar features that result from adipose tissue dysfunction also promote cardiovascular disease (CVD) by mechanisms that can be augmented by T2DM. The mechanisms by which dysfunctional adipose tissue simultaneously promote T2DM and CVD, focusing on adipose tissue depot-specific adipokines, inflammatory profiles, and metabolism, will be the focus of this review. The impact that various T2DM and CVD treatment strategies have on adipose tissue function and body weight also will be discussed.",2020,cardiovascular,cardiology,True,,,Frontiers in Cardiovascular Medicine,frontiers in cardiovascular medicine,True,openalex,Alan Chait; Laura J. den Hartigh,https://doi.org/10.3389/fcvm.2020.00022,1490,,,,32158768,,,,,,,True,cited_by_count>=927 (top 10.0%); cited_by_count>=927 (top 10.0%),10.3389/fcvm.2020.00022,,,False,0.0034433696
https://openalex.org/W4238580056,10.1056/nejmoa1500858,Efficacy and Safety of Evolocumab in Reducing Lipids and Cardiovascular Events,"Evolocumab, a monoclonal antibody that inhibits proprotein convertase subtilisin-kexin type 9 (PCSK9), significantly reduced low-density lipoprotein (LDL) cholesterol levels in short-term studies. We conducted two extension studies to obtain longer-term data.In two open-label, randomized trials, we enrolled 4465 patients who had completed 1 of 12 phase 2 or 3 studies (""parent trials"") of evolocumab. Regardless of study-group assignments in the parent trials, eligible patients were randomly assigned in a 2:1 ratio to receive either evolocumab (140 mg every 2 weeks or 420 mg monthly) plus standard therapy or standard therapy alone. Patients were followed for a median of 11.1 months with assessment of lipid levels, safety, and (as a prespecified exploratory analysis) adjudicated cardiovascular events including death, myocardial infarction, unstable angina, coronary revascularization, stroke, transient ischemic attack, and heart failure. Data from the two trials were combined.As compared with standard therapy alone, evolocumab reduced the level of LDL cholesterol by 61%, from a median of 120 mg per deciliter to 48 mg per deciliter (P<0.001). Most adverse events occurred with similar frequency in the two groups, although neurocognitive events were reported more frequently in the evolocumab group. The risk of adverse events, including neurocognitive events, did not vary significantly according to the achieved level of LDL cholesterol. The rate of cardiovascular events at 1 year was reduced from 2.18% in the standard-therapy group to 0.95% in the evolocumab group (hazard ratio in the evolocumab group, 0.47; 95% confidence interval, 0.28 to 0.78; P=0.003).During approximately 1 year of therapy, the use of evolocumab plus standard therapy, as compared with standard therapy alone, significantly reduced LDL cholesterol levels and reduced the incidence of cardiovascular events in a prespecified but exploratory analysis. (Funded by Amgen; OSLER-1 and OSLER-2 ClinicalTrials.gov numbers, NCT01439880 and NCT01854918.).",2015,cardiovascular,cardiology,True,,,New England Journal of Medicine,new england journal of medicine,False,openalex,Marc S. Sabatine; Robert P. Giugliano; Stephen D. Wiviott; Frederick J. Raal; Dirk Blom; Jennifer G. Robinson; Christie M. Ballantyne; Ransi Somaratne; Jason C. Legg; Scott M. Wasserman; Robert C. Scott; Michael J. Koren; Evan A. Stein,https://doi.org/10.1056/nejmoa1500858,1489,,,,,,,,,,,True,cited_by_count>=927 (top 10.0%); cited_by_count>=927 (top 10.0%),10.1056/nejmoa1500858,,,False,0.0031079575
https://openalex.org/W2612219720,10.1038/nrcardio.2017.65,Epidemiology of heart failure with preserved ejection fraction,,2017,heart failure,cardiology,False,,,Nature Reviews Cardiology,nature reviews cardiology,False,openalex,Shannon M. Dunlay; Véronique L. Roger; Margaret M. Redfield,,1485,,,,28492288,,,,,,,True,cited_by_count>=927 (top 10.0%); cited_by_count>=927 (top 10.0%),10.1038/nrcardio.2017.65,,,False,-0.023252983
https://openalex.org/W3089283105,10.1056/nejmoa2004967,Cardiovascular Outcomes with Ertugliflozin in Type 2 Diabetes,"BACKGROUND: The cardiovascular effects of ertugliflozin, an inhibitor of sodium-glucose cotransporter 2, have not been established. METHODS: In a multicenter, double-blind trial, we randomly assigned patients with type 2 diabetes and atherosclerotic cardiovascular disease to receive 5 mg or 15 mg of ertugliflozin or placebo once daily. With the data from the two ertugliflozin dose groups pooled for analysis, the primary objective was to show the noninferiority of ertugliflozin to placebo with respect to the primary outcome, major adverse cardiovascular events (a composite of death from cardiovascular causes, nonfatal myocardial infarction, or nonfatal stroke). The noninferiority margin was 1.3 (upper boundary of a 95.6% confidence interval for the hazard ratio [ertugliflozin vs. placebo] for major adverse cardiovascular events). The first key secondary outcome was a composite of death from cardiovascular causes or hospitalization for heart failure. RESULTS: A total of 8246 patients underwent randomization and were followed for a mean of 3.5 years. Among 8238 patients who received at least one dose of ertugliflozin or placebo, a major adverse cardiovascular event occurred in 653 of 5493 patients (11.9%) in the ertugliflozin group and in 327 of 2745 patients (11.9%) in the placebo group (hazard ratio, 0.97; 95.6% confidence interval [CI], 0.85 to 1.11; P<0.001 for noninferiority). Death from cardiovascular causes or hospitalization for heart failure occurred in 444 of 5499 patients (8.1%) in the ertugliflozin group and in 250 of 2747 patients (9.1%) in the placebo group (hazard ratio, 0.88; 95.8% CI, 0.75 to 1.03; P = 0.11 for superiority). The hazard ratio for death from cardiovascular causes was 0.92 (95.8% CI, 0.77 to 1.11), and the hazard ratio for death from renal causes, renal replacement therapy, or doubling of the serum creatinine level was 0.81 (95.8% CI, 0.63 to 1.04). Amputations were performed in 54 patients (2.0%) who received the 5-mg dose of ertugliflozin and in 57 patients (2.1%) who received the 15-mg dose, as compared with 45 patients (1.6%) who received placebo. CONCLUSIONS: Among patients with type 2 diabetes and atherosclerotic cardiovascular disease, ertugliflozin was noninferior to placebo with respect to major adverse cardiovascular events. (Funded by Merck Sharp & Dohme and Pfizer; VERTIS CV ClinicalTrials.gov number, NCT01986881.).",2020,cardiovascular,cardiology,True,,,New England Journal of Medicine,new england journal of medicine,False,openalex,Christopher P. Cannon; Richard E. Pratley; Samuel Dagogo‐Jack; James P. Mancuso; Susan Huyck; Urszula Masiukiewicz; B Charbonnel; Robert Frederich; Silvina Gallo; Francesco Cosentino; Weichung Shih; Ira Gantz; Steven G. Terra; David Z.I. Cherney; Darren K. McGuire,https://doi.org/10.1056/nejmoa2004967,1477,,,,32966714,,,,,,,True,cited_by_count>=927 (top 10.0%); cited_by_count>=927 (top 10.0%),10.1056/nejmoa2004967,,,False,0.017001936
https://openalex.org/W3036116092,10.1161/circresaha.120.316340,Epidemiology of Atrial Fibrillation in the 21st Century,"Accompanying the aging of populations worldwide, and increased survival with chronic diseases, the incidence and prevalence of atrial fibrillation (AF) are rising, justifying the term global epidemic. This multifactorial arrhythmia is intertwined with common concomitant cardiovascular diseases, which share classical cardiovascular risk factors. Targeted prevention programs are largely missing. Prevention needs to start at an early age with primordial interventions at the population level. The public health dimension of AF motivates research in modifiable AF risk factors and improved precision in AF prediction and management. In this review, we summarize current knowledge in an attempt to untangle these multifaceted associations from an epidemiological perspective. We discuss disease trends, preventive opportunities offered by underlying risk factors and concomitant disorders, current developments in diagnosis and risk prediction, and prognostic implications of AF and its complications. Finally, we review current technological (eg, eHealth) and methodological (artificial intelligence) advances and their relevance for future prevention and disease management.",2020,atrial fibrillation,cardiology,True,,,Circulation Research,circulation research,False,openalex,Jelena Kornej; Christin S. Börschel; Emelia J. Benjamin; Renate B. Schnabel,https://doi.org/10.1161/circresaha.120.316340,1475,,,,,,,,,,,True,cited_by_count>=927 (top 10.0%); cited_by_count>=927 (top 10.0%),10.1161/circresaha.120.316340,,,False,0.112674855
https://openalex.org/W2298991506,10.1161/circulationaha.115.020406,Shared Risk Factors in Cardiovascular Disease and Cancer,"Cardiovascular disease (CVD) and cancer are the 2 leading causes of death worldwide. Although commonly thought of as 2 separate disease entities, CVD and cancer possess various similarities and possible interactions, including a number of similar risk factors (eg, obesity, diabetes mellitus), suggesting a shared biology for which there is emerging evidence. Although chronic inflammation is an indispensable feature of the pathogenesis and progression of both CVD and cancer, additional mechanisms can be found at their intersection. Therapeutic advances, despite improving longevity, have increased the overlap between these diseases, with millions of cancer survivors now at risk of developing CVD. Cardiac risk factors have a major impact on subsequent treatment-related cardiotoxicity. In this review, we explore the risk factors common to both CVD and cancer, highlighting the major epidemiological studies and potential biological mechanisms that account for them.",2016,cardiovascular,cardiology,True,,,Circulation,circulation,False,openalex,Ryan J. Koene; Anna E. Prizment; Anne Blaes; Suma Konety,https://doi.org/10.1161/circulationaha.115.020406,1467,,,,26976915,,,,,,,True,cited_by_count>=927 (top 10.0%); cited_by_count>=927 (top 10.0%),10.1161/circulationaha.115.020406,,,False,-0.02653627
https://openalex.org/W4211143906,10.1016/s0140-6736(16)30677-8,Acute myocardial infarction,,2016,myocardial infarction,cardiology,False,,,The Lancet,the lancet,False,openalex,Grant W. Reed; Jeffrey Rossi; Christopher P. Cannon,,1466,,,,27502078,,,,,,,True,cited_by_count>=927 (top 10.0%); cited_by_count>=927 (top 10.0%),10.1016/s0140-6736(16)30677-8,,,False,-0.046514094
https://openalex.org/W2465758073,10.1001/jama.2016.13985,Association Between Lowering LDL-C and Cardiovascular Risk Reduction Among Different Therapeutic Interventions,"IMPORTANCE: The comparative clinical benefit of nonstatin therapies that reduce low-density lipoprotein cholesterol (LDL-C) remains uncertain. OBJECTIVE: To evaluate the association between lowering LDL-C and relative cardiovascular risk reduction across different statin and nonstatin therapies. DATA SOURCES AND STUDY SELECTION: The MEDLINE and EMBASE databases were searched (1966-July 2016). The key inclusion criteria were that the study was a randomized clinical trial and the reported clinical outcomes included myocardial infarction (MI). Studies were excluded if the duration was less than 6 months or had fewer than 50 clinical events. Studies of 9 different types of LDL-C reduction approaches were included. DATA EXTRACTION AND SYNTHESIS: Two authors independently extracted and entered data into standardized data sheets and data were analyzed using meta-regression. MAIN OUTCOMES AND MEASURES: The relative risk (RR) of major vascular events (a composite of cardiovascular death, acute MI or other acute coronary syndrome, coronary revascularization, or stroke) associated with the absolute reduction in LDL-C level; 5-year rate of major coronary events (coronary death or MI) associated with achieved LDL-C level. RESULTS: A total of 312 175 participants (mean age, 62 years; 24% women; mean baseline LDL-C level of 3.16 mmol/L [122.3 mg/dL]) from 49 trials with 39 645 major vascular events were included. The RR for major vascular events per 1-mmol/L (38.7-mg/dL) reduction in LDL-C level was 0.77 (95% CI, 0.71-0.84; P < .001) for statins and 0.75 (95% CI, 0.66-0.86; P = .002) for established nonstatin interventions that work primarily via upregulation of LDL receptor expression (ie, diet, bile acid sequestrants, ileal bypass, and ezetimibe) (between-group difference, P = .72). For these 5 therapies combined, the RR was 0.77 (95% CI, 0.75-0.79, P < .001) for major vascular events per 1-mmol/L reduction in LDL-C level. For other interventions, the observed RRs vs the expected RRs based on the degree of LDL-C reduction in the trials were 0.94 (95% CI, 0.89-0.99) vs 0.91 (95% CI, 0.90-0.92) for niacin (P = .24); 0.88 (95% CI, 0.83-0.92) vs 0.94 (95% CI, 0.93-0.94) for fibrates (P = .02), which was lower than expected (ie, greater risk reduction); 1.01 (95% CI, 0.94-1.09) vs 0.90 (95% CI, 0.89-0.91) for cholesteryl ester transfer protein inhibitors (P = .002), which was higher than expected (ie, less risk reduction); and 0.49 (95% CI, 0.34-0.71) vs 0.61 (95% CI, 0.58-0.65) for proprotein convertase subtilisin/kexin type 9 inhibitors (P = .25). The achieved absolute LDL-C level was significantly associated with the absolute rate of major coronary events (11 301 events, including coronary death or MI) for primary prevention trials (1.5% lower event rate [95% CI, 0.5%-2.6%] per each 1-mmol/L lower LDL-C level; P = .008) and secondary prevention trials (4.6% lower event rate [95% CI, 2.9%-6.4%] per each 1-mmol/L lower LDL-C level; P < .001). CONCLUSIONS AND RELEVANCE: In this meta-regression analysis, the use of statin and nonstatin therapies that act via upregulation of LDL receptor expression to reduce LDL-C were associated with similar RRs of major vascular events per change in LDL-C. Lower achieved LDL-C levels were associated with lower rates of major coronary events.",2016,cardiovascular,cardiology,True,,,JAMA,jama,False,openalex,Michael G. Silverman; Brian A. Ference; Kyungah Im; Stephen D. Wiviott; Robert P. Giugliano; Scott M. Grundy; Eugene Braunwald; Marc S. Sabatine,https://doi.org/10.1001/jama.2016.13985,1465,,,,27673306,,,,,,,True,cited_by_count>=927 (top 10.0%); cited_by_count>=927 (top 10.0%),10.1001/jama.2016.13985,,,False,0.057256274
https://openalex.org/W3195404919,10.1016/s2213-8587(21)00203-5,"Cardiovascular, mortality, and kidney outcomes with GLP-1 receptor agonists in patients with type 2 diabetes: a systematic review and meta-analysis of randomised trials",,2021,cardiovascular,cardiology,True,,,The Lancet Diabetes & Endocrinology,the lancet diabetes & endocrinology,False,openalex,Naveed Sattar; Matthew M.Y. Lee; Søren Lund Kristensen; Kelley R. Branch; Stefano Del Prato; Nardev S. Khurmi; Carolyn S.P. Lam; Renato D. Lópes; John J.V. McMurray; Richard E. Pratley; Julio Rosenstock; Hertzel C. Gerstein,,1464,,,,34425083,,,,,,,True,cited_by_count>=927 (top 10.0%); cited_by_count>=927 (top 10.0%),10.1016/s2213-8587(21)00203-5,,,False,-0.004762778
https://openalex.org/W3043773740,10.1038/s41569-020-0413-9,COVID-19 and cardiovascular disease: from basic mechanisms to clinical perspectives,,2020,cardiovascular,cardiology,True,,,Nature Reviews Cardiology,nature reviews cardiology,False,openalex,Masataka Nishiga; Dao Wen Wang; Yaling Han; David B. Lewis; Joseph C. Wu,https://doi.org/10.1038/s41569-020-0413-9,1464,,,,32690910,,,,,,,True,cited_by_count>=927 (top 10.0%); cited_by_count>=927 (top 10.0%),10.1038/s41569-020-0413-9,,,False,-0.051170517
https://openalex.org/W2920804236,10.1001/jama.2019.0693,"Effect of Catheter Ablation vs Antiarrhythmic Drug Therapy on Mortality, Stroke, Bleeding, and Cardiac Arrest Among Patients With Atrial Fibrillation","Importance: Catheter ablation is effective in restoring sinus rhythm in atrial fibrillation (AF), but its effects on long-term mortality and stroke risk are uncertain. Objective: To determine whether catheter ablation is more effective than conventional medical therapy for improving outcomes in AF. Design, Setting, and Participants: The Catheter Ablation vs Antiarrhythmic Drug Therapy for Atrial Fibrillation trial is an investigator-initiated, open-label, multicenter, randomized trial involving 126 centers in 10 countries. A total of 2204 symptomatic patients with AF aged 65 years and older or younger than 65 years with 1 or more risk factors for stroke were enrolled from November 2009 to April 2016, with follow-up through December 31, 2017. Interventions: The catheter ablation group (n = 1108) underwent pulmonary vein isolation, with additional ablative procedures at the discretion of site investigators. The drug therapy group (n = 1096) received standard rhythm and/or rate control drugs guided by contemporaneous guidelines. Main Outcomes and Measures: The primary end point was a composite of death, disabling stroke, serious bleeding, or cardiac arrest. Among 13 prespecified secondary end points, 3 are included in this report: all-cause mortality; total mortality or cardiovascular hospitalization; and AF recurrence. Results: Of the 2204 patients randomized (median age, 68 years; 37.2% female; 42.9% had paroxysmal AF and 57.1% had persistent AF), 89.3% completed the trial. Of the patients assigned to catheter ablation, 1006 (90.8%) underwent the procedure. Of the patients assigned to drug therapy, 301 (27.5%) ultimately received catheter ablation. In the intention-to-treat analysis, over a median follow-up of 48.5 months, the primary end point occurred in 8.0% (n = 89) of patients in the ablation group vs 9.2% (n = 101) of patients in the drug therapy group (hazard ratio [HR], 0.86 [95% CI, 0.65-1.15]; P = .30). Among the secondary end points, outcomes in the ablation group vs the drug therapy group, respectively, were 5.2% vs 6.1% for all-cause mortality (HR, 0.85 [95% CI, 0.60-1.21]; P = .38), 51.7% vs 58.1% for death or cardiovascular hospitalization (HR, 0.83 [95% CI, 0.74-0.93]; P = .001), and 49.9% vs 69.5% for AF recurrence (HR, 0.52 [95% CI, 0.45-0.60]; P < .001). Conclusions and Relevance: Among patients with AF, the strategy of catheter ablation, compared with medical therapy, did not significantly reduce the primary composite end point of death, disabling stroke, serious bleeding, or cardiac arrest. However, the estimated treatment effect of catheter ablation was affected by lower-than-expected event rates and treatment crossovers, which should be considered in interpreting the results of the trial. Trial Registration: ClinicalTrials.gov Identifier: NCT00911508.",2019,atrial fibrillation,cardiology,True,,,JAMA,jama,False,openalex,Douglas L. Packer; Daniel B. Mark; Richard A. Robb; Kristi H. Monahan; Tristram D. Bahnson; Jeanne E. Poole; Peter A. Noseworthy; Yves Rosenberg; Neal Jeffries; L. Brent Mitchell; Greg C. Flaker; Evgeny Pokushalov; Alexander Romanov; T. Jared Bunch; Georg Noelker; Ardashev Av; А. Ш. Ревишвили; David J. Wilber; Riccardo Cappato; Karl-Heinz Kuck; Gerhard Hindricks; D. Wyn Davies; Peter R. Kowey; Gerald V. Naccarelli; James A. Reiffel; Jonathan P. Piccini; A Silverstein; Hussein R. Al‐Khalidi; Kerry L. Lee; for the CABANA Investigators,https://doi.org/10.1001/jama.2019.0693,1457,,,,30874766,,,,,,,True,cited_by_count>=927 (top 10.0%); cited_by_count>=927 (top 10.0%),10.1001/jama.2019.0693,,,False,-0.029685408
https://openalex.org/W2887185538,10.1056/nejmoa1800256,"Risk Factors, Mortality, and Cardiovascular Outcomes in Patients with Type 2 Diabetes","BACKGROUND: Patients with diabetes are at higher risk for death and cardiovascular outcomes than the general population. We investigated whether the excess risk of death and cardiovascular events among patients with type 2 diabetes could be reduced or eliminated. METHODS: In a cohort study, we included 271,174 patients with type 2 diabetes who were registered in the Swedish National Diabetes Register and matched them with 1,355,870 controls on the basis of age, sex, and county. We assessed patients with diabetes according to age categories and according to the presence of five risk factors (elevated glycated hemoglobin level, elevated low-density lipoprotein cholesterol level, albuminuria, smoking, and elevated blood pressure). Cox regression was used to study the excess risk of outcomes (death, acute myocardial infarction, stroke, and hospitalization for heart failure) associated with smoking and the number of variables outside target ranges. We also examined the relationship between various risk factors and cardiovascular outcomes. RESULTS: The median follow-up among all the study participants was 5.7 years, during which 175,345 deaths occurred. Among patients with type 2 diabetes, the excess risk of outcomes decreased stepwise for each risk-factor variable within the target range. Among patients with diabetes who had all five variables within target ranges, the hazard ratio for death from any cause, as compared with controls, was 1.06 (95% confidence interval [CI], 1.00 to 1.12), the hazard ratio for acute myocardial infarction was 0.84 (95% CI, 0.75 to 0.93), and the hazard ratio for stroke was 0.95 (95% CI, 0.84 to 1.07). The risk of hospitalization for heart failure was consistently higher among patients with diabetes than among controls (hazard ratio, 1.45; 95% CI, 1.34 to 1.57). In patients with type 2 diabetes, a glycated hemoglobin level outside the target range was the strongest predictor of stroke and acute myocardial infarction; smoking was the strongest predictor of death. CONCLUSIONS: Patients with type 2 diabetes who had five risk-factor variables within the target ranges appeared to have little or no excess risk of death, myocardial infarction, or stroke, as compared with the general population. (Funded by the Swedish Association of Local Authorities and Regions and others.).",2018,cardiovascular,cardiology,True,,,New England Journal of Medicine,new england journal of medicine,False,openalex,Aidin Rawshani; Araz Rawshani; Stefan Franzén; Naveed Sattar; Björn Eliasson; Ann–Marie Svensson; Björn Zethelius; Mervete Miftaraj; Darren K. McGuire; Annika Rosengren; Soffia Guðbjörnsdóttir,https://doi.org/10.1056/nejmoa1800256,1431,,,,30110583,,,,,,,True,cited_by_count>=927 (top 10.0%); cited_by_count>=927 (top 10.0%),10.1056/nejmoa1800256,,,False,0.014122825
https://openalex.org/W1939947548,10.1161/cir.0000000000000228,Social Determinants of Risk and Outcomes for Cardiovascular Disease,,2015,cardiovascular,cardiology,True,,,Circulation,circulation,False,openalex,Edward P. Havranek; Mahasin S. Mujahid; Donald A. Barr; Irene V. Blair; Meryl S. Cohen; Salvador Cruz‐Flores; George Davey-Smith; Cheryl Dennison Himmelfarb; Michael S. Lauer; Debra W. Lockwood; Milagros C. Rosal; Clyde W. Yancy,https://doi.org/10.1161/cir.0000000000000228,1427,,,,26240271,,,,,,,True,cited_by_count>=927 (top 10.0%); cited_by_count>=927 (top 10.0%),10.1161/cir.0000000000000228,,,False,0.0035793334
https://openalex.org/W2547585100,10.1093/ejcts/ezw313,2016 ESC Guidelines for the management of atrial fibrillation developed in collaboration with EACTS,"Guidelines summarize and evaluate all available evidence on a particular issue at the time of the writing process, with the aim of assisting health professionals in selecting the best management strategies for an individual patient with a given condition, taking into account the impact on outcome, as well as the risk–benefit ratio of particular diagnostic or therapeutic means. Guidelines and recommendations should help health professionals to make decisions in their daily practice. However, the final decisions concerning an individual patient must be made by the responsible health professional(s) in consultation with the patient and caregiver as appropriate. A great number of Guidelines have been issued in recent years by the European Society of Cardiology (ESC) and by the European Association for Cardio-Thoracic Surgery (EACTS), as well as by other societies and organisations. Because of the impact on clinical practice, quality criteria for the development of guidelines have been established in order to make all decisions transparent to the user. The recommendations for formulating and issuing ESC Guidelines can be found on the ESC website (http://www.escardio.org/Guidelines-&amp;-Education/Clinical-Practice-Guidelines/Guidelines-development/Writing-ESC-Guidelines). ESC Guidelines represent the official position of the ESC on a given topic and are regularly updated. Members of this Task Force were selected by the ESC, including representation from the European Heart Rhythm Association (EHRA), and EACTS as well as by the European Stroke Organisation (ESO) to represent professionals involved with the medical care of patients with this pathology. Selected experts in the field undertook a comprehensive review of the published evidence for management (including diagnosis, treatment, prevention and rehabilitation) of a given condition according to ESC Committee for Practice Guidelines (CPG) policy and approved by the EACTS and ESO. A critical evaluation of diagnostic and therapeutic procedures was performed, including assessment of the risk–benefit ratio. Estimates of expected health outcomes for larger populations were included, where data exist. The level of evidence and the strength of the recommendation of particular management options were weighed and graded according to predefined scales, as outlined in Tables 1 and 2.",2016,atrial fibrillation,cardiology,True,,,European Journal of Cardio-Thoracic Surgery,european journal of cardio-thoracic surgery,False,openalex,Paulus Kirchhof; Stefano Benussi; Dipak Kotecha; Anders Ahlsson; Dan Atar; Barbara Casadei; Manuel Castellà; Hans‐Christoph Diener; Hein Heidbüchel; Jeroen Hendriks; Gerhard Hindricks; Antonis S. Manolis; Jonas Oldgren; Bogdan A. Popescu; Ulrich Schotten; Bart Van Putte; Panagiotis Vardas; Stefan Agewall; A. John Camm; Gonzalo Barón‐Esquivias; Werner Budts; Scipione Carerj; Filip Casselman; António Coca; Raffaele De Caterina; Spiridon Deftereos; Dobromir Dobrev; José M. Ferro; Gerasimos Filippatos; Donna Fitzsimons; Bülent Görenek; Maxine Guenoun; Stefan H. Hohnloser; Philippe Kolh; Gregory Y.H. Lip; Athanasios Manolis; John J.V. McMurray; Piotr Ponikowski; Raphaël Rosenhek; Frank Ruschitzka; Irina Savelieva; Sanjay Sharma; Piotr Suwalski; Juan Tamargo; Clare Taylor; Isabelle C. Van Gelder; Adriaan A. Voors; Stephan Windecker; José Luis Zamorano; Katja Zeppenfeld,https://doi.org/10.1093/ejcts/ezw313,1422,,,,27663299,,,,,,,True,cited_by_count>=927 (top 10.0%); cited_by_count>=927 (top 10.0%),10.1093/ejcts/ezw313,,,False,0.075792715
https://openalex.org/W2900621847,10.1038/s41569-018-0119-4,Epidemiology of cardiovascular disease in China: current features and implications,,2018,cardiovascular,cardiology,False,,,Nature Reviews Cardiology,nature reviews cardiology,False,openalex,Dong Zhao; Jing Liu; Miao Wang; Xingguang Zhang; Mengge Zhou,,1410,,,,30467329,,,,,,,True,cited_by_count>=927 (top 10.0%); cited_by_count>=927 (top 10.0%),10.1038/s41569-018-0119-4,,,False,0.07290326
https://openalex.org/W2995886183,10.1111/jcpe.13189,Periodontitis and cardiovascular diseases: Consensus report,"BACKGROUND: In Europe cardiovascular disease (CVD) is responsible for 3.9 million deaths (45% of deaths), being ischaemic heart disease, stroke, hypertension (leading to heart failure) the major cause of these CVD related deaths. Periodontitis is also a chronic non-communicable disease (NCD) with a high prevalence, being severe periodontitis, affecting 11.2% of the world's population, the sixth most common human disease. MATERIAL AND METHODS: There is now a significant body of evidence to support independent associations between severe periodontitis and several NCDs, in particular CVD. In 2012 a joint workshop was held between the European Federation of Periodontology (EFP) and the American Academy of Periodontology to review the literature relating periodontitis and systemic diseases, including CVD. In the last five years important new scientific information has emerged providing important emerging evidence to support these associations RESULTS AND CONCLUSIONS: The present review reports the proceedings of the workshop jointly organised by the EFP and the World Heart Federation (WHF), which has updated the existing epidemiological evidence for significant associations between periodontitis and CVD, the mechanistic links and the impact of periodontal therapy on cardiovascular and surrogate outcomes. This review has also focused on the potential risk and complications of periodontal therapy in patients on anti thrombotic therapy and has made recommendations for dentists, physicians and for patients visiting both the dental and medical practices.",2020,cardiovascular,cardiology,True,,,Journal Of Clinical Periodontology,journal of clinical periodontology,False,openalex,Mariano Sanz; A Marco Del Castillo; Søren Jepsen; José Ramón González‐Juanatey; Francesco D’Aiuto; Philippe Bouchard; Iain Chapple; Thomas Dietrich; Israel Gotsman; Filippo Graziani; David Herrera; Bruno G. Loos; Phoebus Madianos; Jean‐Baptiste Michel; Pablo Perel; Burkert Pieske; Lior Shapira; Michael Shechter; Maurizio S. Tonetti; Charalambos Vlachopoulos; Gernot Wimmer,https://doi.org/10.1111/jcpe.13189,1406,,,,32011025,,,,,,,True,cited_by_count>=927 (top 10.0%); cited_by_count>=927 (top 10.0%),10.1111/jcpe.13189,,,False,0.07375227
https://openalex.org/W2399261310,10.1016/j.jhep.2016.05.013,Non-alcoholic fatty liver disease and risk of incident cardiovascular disease: A meta-analysis,,2016,cardiovascular,cardiology,True,,,Journal of Hepatology,journal of hepatology,False,openalex,Giovanni Targher; Christopher D. Byrne; Amedeo Lonardo; Giacomo Zoppini; Corrado Barbui,http://doi.org/10.1016/j.jhep.2016.05.013>).,1400,,,,27212244,,,,,,,True,cited_by_count>=927 (top 10.0%); cited_by_count>=927 (top 10.0%),10.1016/j.jhep.2016.05.013,,,False,-0.0109015815
https://openalex.org/W3160515305,10.1016/s0140-6736(21)00684-x,The Lancet women and cardiovascular disease Commission: reducing the global burden by 2030,,2021,cardiovascular,cardiology,True,,,The Lancet,the lancet,False,openalex,Birgit Vogel; Mónica Acevedo; Yolande Appelman; C. Noel Bairey Merz; Alaide Chieffo; Gemma A. Figtree; Mayra Guerrero; Vijay Kunadian; Carolyn S.P. Lam; Angela H.E.M. Maas; Anastasia S. Mihailidou; Agnieszka Olszanecka; Jeanne E. Poole; Clara Saldarriaga; Jacqueline Saw; Liesl Zühlke; Roxana Mehran,https://ruj.uj.edu.pl/xmlui/handle/item/278340,1388,,,,34010613,,,,,,,True,cited_by_count>=927 (top 10.0%); cited_by_count>=927 (top 10.0%),10.1016/s0140-6736(21)00684-x,,,False,0.13767874
https://openalex.org/W2606281213,10.1056/nejmoa1608664,Mortality and Cardiovascular Disease in Type 1 and Type 2 Diabetes,"BACKGROUND: Long-term trends in excess risk of death and cardiovascular outcomes have not been extensively studied in persons with type 1 diabetes or type 2 diabetes. METHODS: We included patients registered in the Swedish National Diabetes Register from 1998 through 2012 and followed them through 2014. Trends in deaths and cardiovascular events were estimated with Cox regression and standardized incidence rates. For each patient, controls who were matched for age, sex, and county were randomly selected from the general population. RESULTS: Among patients with type 1 diabetes, absolute changes during the study period in the incidence rates of sentinel outcomes per 10,000 person-years were as follows: death from any cause, -31.4 (95% confidence interval [CI], -56.1 to -6.7); death from cardiovascular disease, -26.0 (95% CI, -42.6 to -9.4); death from coronary heart disease, -21.7 (95% CI, -37.1 to -6.4); and hospitalization for cardiovascular disease, -45.7 (95% CI, -71.4 to -20.1). Absolute changes per 10,000 person-years among patients with type 2 diabetes were as follows: death from any cause, -69.6 (95% CI, -95.9 to -43.2); death from cardiovascular disease, -110.0 (95% CI, -128.9 to -91.1); death from coronary heart disease, -91.9 (95% CI, -108.9 to -75.0); and hospitalization for cardiovascular disease, -203.6 (95% CI, -230.9 to -176.3). Patients with type 1 diabetes had roughly 40% greater reduction in cardiovascular outcomes than controls, and patients with type 2 diabetes had roughly 20% greater reduction than controls. Reductions in fatal outcomes were similar in patients with type 1 diabetes and controls, whereas patients with type 2 diabetes had smaller reductions in fatal outcomes than controls. CONCLUSIONS: In Sweden from 1998 through 2014, mortality and the incidence of cardiovascular outcomes declined substantially among persons with diabetes, although fatal outcomes declined less among those with type 2 diabetes than among controls. (Funded by the Swedish Association of Local Authorities and Regions and others.).",2017,cardiovascular,cardiology,True,,,New England Journal of Medicine,new england journal of medicine,False,openalex,Aidin Rawshani; Araz Rawshani; Stefan Franzén; Björn Eliasson; Ann–Marie Svensson; Mervete Miftaraj; Darren K. McGuire; Naveed Sattar; Annika Rosengren; Soffia Guðbjörnsdóttir,https://doi.org/10.1056/nejmoa1608664,1384,,,,28402770,,,,,,,True,cited_by_count>=927 (top 10.0%); cited_by_count>=927 (top 10.0%),10.1056/nejmoa1608664,,,False,0.030185584
https://openalex.org/W4386151915,10.1093/eurheartj/ehad192,2023 ESC Guidelines for the management of cardiovascular disease in patients with diabetes,"Guidelines evaluate and summarize available evidence, with the aim of assisting health professionals in proposing the best diagnostic or therapeutic approach for an individual patient with a given condition. Guidelines are intended for use by health professionals and the European Society of Cardiology (ESC) makes its Guidelines freely available. ESC Guidelines do not override the individual responsibility of health professionals to make appropriate and accurate decisions in consideration of each patient’s health condition and in consultation with that patient or the patient’s caregiver where appropriate and/or necessary. It is also the health professional’s responsibility to verify the rules and regulations applicable in each country to drugs and devices at the time of prescription, and, where appropriate, to respect the ethical rules of their profession. ESC Guidelines represent the official position of the ESC on a given topic and are regularly updated. ESC Policies and Procedures for formulating and issuing ESC Guidelines can be found on the ESC website (https://www.escardio.org/Guidelines). The Members of this Task Force were selected by the ESC to represent professionals involved with the medical care of patients with this pathology. The selection procedure aimed to include members from across the whole of the ESC region and from relevant ESC Subspecialty Communities. Consideration was given to diversity and inclusion, notably with respect to gender and country of origin. The Task Force performed a critical evaluation of diagnostic and therapeutic approaches, including assessment of the risk-benefit ratio. The strength of every recommendation and the level of evidence supporting them were weighed and scored according to pre-defined scales as outlined below. The Task Force followed ESC voting procedures, and all approved recommendations were subject to a vote and achieved at least 75% agreement among voting members. The experts of the writing and reviewing panels provided declaration of interest forms for all relationships that might be perceived as real or potential sources of conflicts of interest. Their declarations of interest were reviewed according to the ESC declaration of interest rules and can be found on the ESC website (http://www.escardio.org/Guidelines), and have been compiled in a report published in a supplementary document with the guidelines. The Task Force received its entire financial support from the ESC without any involvement from the healthcare industry. The ESC Clinical Practice Guidelines (CPG) Committee supervises and co-ordinates the preparation of new guidelines and is responsible for the approval process. ESC Guidelines undergo extensive review by the CPG Committee and external experts, including members from across the whole of the ESC region and from relevant ESC Subspecialty Communities and National Cardiac Societies. After appropriate revisions, the guidelines are signed off by all the experts involved in the Task Force. The finalized document is signed off by the CPG Committee for publication in the European Heart Journal. The guidelines were developed after careful consideration of the scientific and medical knowledge and the evidence available at the time of their writing. Tables of evidence summarizing the findings of studies informing development of the guidelines are included. The ESC warns readers that the technical language may be misinterpreted and declines any responsibility in this respect. Off-label use of medication may be presented in the current Guidelines if a sufficient level of evidence shows that it can be considered medically appropriate for a given condition. However, the final decisions concerning an individual patient must be made by the responsible health professional giving special consideration to: The specific situation of the patient. Unless otherwise provided for by national regulations, off-label use of medication should be limited to situations where it is in the patient’s interest with regard to the quality, safety, and efficacy of care, and only after the patient has been informed and has provided consent. Country-specific health regulations, indications by governmental drug regulatory agencies, and the ethical rules to which health professionals are subject, where applicable.",2023,cardiovascular,cardiology,True,,,European Heart Journal,european heart journal,False,openalex,Nikolaus Marx; Massimo Federici; Katharina Schütt; Dirk Müller‐Wieland; Ramzi Ajjan; Manuel J. Antunes; Ruxandra Christodorescu; Carolyn Crawford; Emanuele Di Angelantonio; Björn Eliasson; Christine Espinola–Klein; Laurent Fauchier; Martin Halle; William G. Herrington; Alexandra Kautzky‐Willer; Ekaterini Lambrinou; Maciej Lesiak; Maddalena Lettino; Darren K. McGuire; Wilfried Müllens; Bianca Rocca; Naveed Sattar; ESC Scientific Document Group; Eva Prescott; Francesco Cosentino; Magdy Abdelhamid; Victor Aboyans; Sotiris Antoniou; Riccardo Asteggiano; Iris Baumgärtner; Sergio Buccheri; Héctor Bueno; Jelena Čelutkienė; Alaide Chieffo; Christina Christersson; Andrew J.S. Coats; Bernard Cosyns; Martin Czerny; Christi Deaton; Volkmar Falk; Brian A. Ference; Gerasimos Filippatos; Miles Fisher; Heikki Huikuri; Borja Ibanez; Tiny Jaarsma; Stefan James; Kamlesh Khunti; Lars Køber; Konstantinos C. Koskinas; Basil S. Lewis; Maja‐Lisa Løchen; John W. McEvoy; Borislava Mihaylova; Richard Mindham; Lis Neubeck; Jens Cosedis Nielsen; Gianfranco Parati; Agnès Pasquet; Carlo Patrono; Steffen E. Petersen; Massimo Piepoli; Amina Rakisheva; Xavier Rosselló; Peter Rossing; Lars Rydén; Eberhard Standl; Lâle Tokgözoğlu; Rhian M. Touyz; Frank L.J. Visseren; Massimo Volpe; Christiaan Vrints; Adam Witkowski; Lusine Hazarapetyan; Andreas Zirlik; Yasmin Rustamova; Philippe van de Borne; Šekib Sokolović; Nina Gotcheva; Davor Miličić; Petros Agathangelou; Michal Vrablı́k; Morten Schou; Hosam Hasan‐Ali; Margus Viigimaa; Riikka Läutamaki; Victor Aboyans; Zurab Klimiashvili; Malte Kelm; Gerasimos Siasos; Róbert Gábor Kiss; Berglind Libungan; Maeve Durkan; Barak Zafrir; Furio Colivicchi; Meiramgul Tundybayeva; Ibadete Bytyçi; Erkin М Мirrakhimov; Kārlis Trušinskis; Georges Saadé,https://doi.org/10.1093/eurheartj/ehad192,1375,,,,37622663,,,,,,,True,cited_by_count>=927 (top 10.0%); cited_by_count>=927 (top 10.0%),10.1093/eurheartj/ehad192,,,False,0.052082952
https://openalex.org/W4389574595,10.1016/j.jacc.2023.11.007,"Global Burden of Cardiovascular Diseases and Risks, 1990-2022","TEST 02 - Elsevier's Scopus, the largest abstract and citation database of peer-reviewed literature. Search and access research from the science, technology, medicine, social sciences and arts and humanities fields.",2023,cardiovascular,cardiology,True,,,Journal of the American College of Cardiology,journal of the american college of cardiology,False,openalex,George A. Mensah; Valentı́n Fuster; Christopher J L Murray; Gregory A. Roth; George A. Mensah; Yohannes Abate; Mohammadreza Abbasian; Foad Abd-Allah; Ashkan Abdollahi; Mohammad Abdollahı; Deldar Morad Abdulah; Auwal Abdullahi; Ayele Mamo Abebe; Aidin Abedi; Armita Abedi; Olugbenga Olusola Abiodun; Hiwa Abubaker Ali; Eman Abu‐Gharbieh; Niveen M. E. Abu-Rmeileh; Salahdein Aburuz; Abdelrahman Ibrahim Abushouk; Ahmed Abu‐Zaid; Tigist Demssew Adane; Nicola J. Adderley; Oladimeji Adebayo; Bashir Aden; Temitayo Esther Adeyeoluwa; Olorunsola Adeyomoye; Qorinah Estiningtyas Sakilah Adnani; Fatemeh Afrashteh; Shadi Afyouni; Saira Afzal; Pradyumna Agasthi; Antonella Agodi; Constanza Elizabeth Aguilera Arriagada; Williams Agyemang‐Duah; Bright Opoku Ahinkorah; Aqeel Ahmad; Danish Ahmad; Firdos Ahmad; Muayyad Ahmad; Ayman Ahmed; Haroon Ahmed; Muktar Beshir Ahmed; Syed Anees Ahmed; Marjan Ajami; Karolina Akinosoglou; Moein Ala; Tareq Mohammed Ali AL-Ahdal; Samer O Alalalmeh; Ziyad Al‐Aly; Nazmul Alam; Rasmieh Al‐Amer; Alaa Alashi; Mohammed ALBashtawy; Mohammad T AlBataineh; Haileselasie Berhane Alema; Sharifullah Alemi; Megbaru Alemu; Adel Al‐Gheethi; Khalid F. AlHabib; Fadwa Alhalaiqa; Mohammed Usman Ali; Rafat Ali; Syed Shujait Ali; Gianfranco Alicandro; Reyhaneh Alikhani; Syed Mohamed Aljunid; François Alla; Wael Almahmeed; Sabah Al-Marwani; Jordi Alonso; Rajaa Al‐Raddadi; Farrukh Jawad Alvi; Nelson Alvis‐Guzmán; Nelson J Alvis-Zakzuk; Hassan Alwafi; Hany Aly; Prince M. Amegbor; Tarek Tawfik Amin; Alireza Amindarolzarbi; Mostafa Amini‐Rarani; Sohrab Amiri; Enrico Ammirati; Tanu Anand; Robert Ancuceanu; Deanna Anderlini; Abhishek Anil; Golnoosh Ansari; P.E. Anyanwu; Anayochukwu Edward Anyasodor; Geminn Louis Carace Apostol; Jalal Arabloo; Mosab Arafat; Aleksandr Y. Aravkin; Olatunde Aremu; Benedetta Armocida; Johan Ärnlöv; Oluwaseyi Olalekan Arowosegbe; Anton A Artamonov,https://research.rug.nl/en/publications/2bb91220-a1b4-4a57-a147-72c9e1794f01,1371,,,,38092509,,,,,,,True,cited_by_count>=927 (top 10.0%); cited_by_count>=927 (top 10.0%),10.1016/j.jacc.2023.11.007,,,False,0.18271631
https://openalex.org/W4386154055,10.1056/nejmoa2306963,Semaglutide in Patients with Heart Failure with Preserved Ejection Fraction and Obesity,"BACKGROUND: Heart failure with preserved ejection fraction is increasing in prevalence and is associated with a high symptom burden and functional impairment, especially in persons with obesity. No therapies have been approved to target obesity-related heart failure with preserved ejection fraction. METHODS: We randomly assigned 529 patients who had heart failure with preserved ejection fraction and a body-mass index (the weight in kilograms divided by the square of the height in meters) of 30 or higher to receive once-weekly semaglutide (2.4 mg) or placebo for 52 weeks. The dual primary end points were the change from baseline in the Kansas City Cardiomyopathy Questionnaire clinical summary score (KCCQ-CSS; scores range from 0 to 100, with higher scores indicating fewer symptoms and physical limitations) and the change in body weight. Confirmatory secondary end points included the change in the 6-minute walk distance; a hierarchical composite end point that included death, heart failure events, and differences in the change in the KCCQ-CSS and 6-minute walk distance; and the change in the C-reactive protein (CRP) level. RESULTS: The mean change in the KCCQ-CSS was 16.6 points with semaglutide and 8.7 points with placebo (estimated difference, 7.8 points; 95% confidence interval [CI], 4.8 to 10.9; P<0.001), and the mean percentage change in body weight was -13.3% with semaglutide and -2.6% with placebo (estimated difference, -10.7 percentage points; 95% CI, -11.9 to -9.4; P<0.001). The mean change in the 6-minute walk distance was 21.5 m with semaglutide and 1.2 m with placebo (estimated difference, 20.3 m; 95% CI, 8.6 to 32.1; P<0.001). In the analysis of the hierarchical composite end point, semaglutide produced more wins than placebo (win ratio, 1.72; 95% CI, 1.37 to 2.15; P<0.001). The mean percentage change in the CRP level was -43.5% with semaglutide and -7.3% with placebo (estimated treatment ratio, 0.61; 95% CI, 0.51 to 0.72; P<0.001). Serious adverse events were reported in 35 participants (13.3%) in the semaglutide group and 71 (26.7%) in the placebo group. CONCLUSIONS: In patients with heart failure with preserved ejection fraction and obesity, treatment with semaglutide (2.4 mg) led to larger reductions in symptoms and physical limitations, greater improvements in exercise function, and greater weight loss than placebo. (Funded by Novo Nordisk; STEP-HFpEF ClinicalTrials.gov number, NCT04788511.).",2023,heart failure,cardiology,True,,,New England Journal of Medicine,new england journal of medicine,False,openalex,Mikhail Kosiborod; Steen Z. Abildstrøm; Barry A. Borlaug; Javed Butler; Søren Rasmussen; Melanie J. Davies; G. Kees Hovingh; Dalane W. Kitzman; Marie L.S. Lindegaard; Daniél V. Møller; Sanjiv J. Shah; Marianne Bach Treppendahl; Subodh Verma; Walter P. Abhayaratna; Fozia Ahmed; Vijay Chopra; Justin A. Ezekowitz; Michael Fu; Hiroshi Ito; Małgorzata Lelonek; Vojtěch Melenovský; Béla Merkely; Julio Núñez; Eduardo Perna; Morten Schou; Michele Senni; Kavita Sharma; Peter van der Meer; Dirk von Lewinski; Dennis Wolf; Mark C. Petrie,https://doi.org/10.1056/nejmoa2306963,1370,,,,37622681,,,,,,,True,cited_by_count>=927 (top 10.0%); cited_by_count>=927 (top 10.0%),10.1056/nejmoa2306963,,,False,0.011746244
https://openalex.org/W3082758064,10.1016/s0140-6736(20)31824-9,SGLT2 inhibitors in patients with heart failure with reduced ejection fraction: a meta-analysis of the EMPEROR-Reduced and DAPA-HF trials,,2020,heart failure,cardiology,True,,,The Lancet,the lancet,False,openalex,Faı̈ez Zannad; João Pedro Ferreira; Stuart Pocock; Stefan D. Anker; Javed Butler; Gerasimos Filippatos; Martina Brueckmann; Anne Pernille Ofstad; Egon Pfarr; Waheed Jamal; Milton Packer,https://doi.org/10.1016/s0140-6736(20)31824-9,1363,,,,32877652,,,,,,,True,cited_by_count>=927 (top 10.0%); cited_by_count>=927 (top 10.0%),10.1016/s0140-6736(20)31824-9,,,False,0.011613695
https://openalex.org/W4244398222,10.1787/9789264233010-en,Cardiovascular Disease and Diabetes: Policies for Better Health and Quality of Care,"This report examines how countries perform in their ability to prevent, manage and treat cardiovascular disease (CVD) and diabetes. The last 50 years have witnessed remarkable improvements in CVD outcomes. Since 1960, overall CVD mortality rates have fallen by over 60%, but these improvements are not evenly spread across OECD countries, and the rising prevalence of diabetes and obesity are threatening to offset gains. This report examines how OECD countries deliver the programmes and services related to CVD and diabetes. It considers how countries have used available health care resources to reduce the overall burden of CVD and diabetes, and it focuses on the variation in OECD health systemsâ ability to convert health care inputs (such as expenditure) into health gains.",2015,cardiovascular,cardiology,False,,,OECD health policy studies,oecd health policy studies,False,openalex,OECD,,1359,,,,,,,,,,,True,cited_by_count>=927 (top 10.0%); cited_by_count>=927 (top 10.0%),10.1787/9789264233010-en,,,False,0.08705923
https://openalex.org/W2889465019,10.1161/circulationaha.117.029652,Socioeconomic Status and Cardiovascular Outcomes,"Socioeconomic status (SES) has a measurable and significant effect on cardiovascular health. Biological, behavioral, and psychosocial risk factors prevalent in disadvantaged individuals accentuate the link between SES and cardiovascular disease (CVD). Four measures have been consistently associated with CVD in high-income countries: income level, educational attainment, employment status, and neighborhood socioeconomic factors. In addition, disparities based on sex have been shown in several studies. Interventions targeting patients with low SES have predominantly focused on modification of traditional CVD risk factors. Promising approaches are emerging that can be implemented on an individual, community, or population basis to reduce disparities in outcomes. Structured physical activity has demonstrated effectiveness in low-SES populations, and geomapping may be used to identify targets for large-scale programs. Task shifting, the redistribution of healthcare management from physician to nonphysician providers in an effort to improve access to health care, may have a role in select areas. Integration of SES into the traditional CVD risk prediction models may allow improved management of individuals with high risk, but cultural and regional differences in SES make generalized implementation challenging. Future research is required to better understand the underlying mechanisms of CVD risk that affect individuals of low SES and to determine effective interventions for patients with high risk. We review the current state of knowledge on the impact of SES on the incidence, treatment, and outcomes of CVD in high-income societies and suggest future research directions aimed at the elimination of these adverse factors, and the integration of measures of SES into the customization of cardiovascular treatment.",2018,cardiovascular,cardiology,True,,,Circulation,circulation,False,openalex,William M. Schultz; Heval Mohamed Kelli; John Lisko; Tina Varghese; Jia Shen; Pratik B. Sandesara; Arshed A. Quyyumi; Herman A. Taylor; Martha Gulati; John Harold; Jennifer H. Mieres; Keith C. Ferdinand; George A. Mensah; Laurence Sperling,https://doi.org/10.1161/circulationaha.117.029652,1354,,,,29760227,,,,,,,True,cited_by_count>=927 (top 10.0%); cited_by_count>=927 (top 10.0%),10.1161/circulationaha.117.029652,,,False,0.10194126
https://openalex.org/W2278860456,10.1177/2047487316653709,2016 European Guidelines on cardiovascular disease prevention in clinical practice,,2016,cardiovascular,cardiology,True,,,European Journal of Preventive Cardiology,european journal of preventive cardiology,False,openalex,Authors/Task Force Members; Massimo Piepoli; Arno W. Hoes; Stefan Agewall; Christian Albus; Carlos Brotons; Alberico L. Catapano; Marie Therese Cooney; Ugo Corrà; Bernard Cosyns; Christi Deaton; Ian D. Graham; Michael Hall; Richard Hobbs; Maja‐Lisa Løchen; Herbert Löllgen; Pedro Marques‐Vidal; Joep Perk; Eva Prescott; Josep Redón; Dimitrios Richter; Naveed Sattar; Yvo M. Smulders; Monica Tiberi; H. Bart van der Worp; Ineke van Dis; W. M. Monique Verschuren; Additional Contributor: Simone Binno (Italy); Document Reviewers:; Guy De Backer; Marco Roffi; Victor Aboyans; Norbert Bachl; Héctor Bueno; Scipione Carerj; Leslie Cho; John M. Cox; Johan De Sutter; Günther Egidi; Miles Fisher; Donna Fitzsimons; Oscar H. Franco; Maxime Guenoun; Catriona Jennings; Borut Jug; Paulus Kirchhof; Kornelia Kotseva; Gregory Y.H. Lip; François Mach; Giuseppe Mancia; Franz Martin Bermudo; Alessandro Mezzani; Alexander Niessner; Piotr Ponikowski; Bernhard Rauch; Lars Rydén; Adrienne Stauder; Guillaume Turc; Olov Wiklund; Stephan Windecker; José Luis Zamorano,https://pure.amsterdamumc.nl/en/publications/f5d688e0-cbd6-4ace-82b7-5555d9b6d4af,1353,,,,27353126,,,,,,,True,cited_by_count>=927 (top 10.0%); cited_by_count>=927 (top 10.0%),10.1177/2047487316653709,,,False,0.11006702
https://openalex.org/W2749929702,10.1056/nejmoa1708454,Dual Antithrombotic Therapy with Dabigatran after PCI in Atrial Fibrillation,"BACKGROUND: Triple antithrombotic therapy with warfarin plus two antiplatelet agents is the standard of care after percutaneous coronary intervention (PCI) for patients with atrial fibrillation, but this therapy is associated with a high risk of bleeding. METHODS: inhibitor (clopidogrel or ticagrelor) and no aspirin (110-mg and 150-mg dual-therapy groups). Outside the United States, elderly patients (≥80 years of age; ≥70 years of age in Japan) were randomly assigned to the 110-mg dual-therapy group or the triple-therapy group. The primary end point was a major or clinically relevant nonmajor bleeding event during follow-up (mean follow-up, 14 months). The trial also tested for the noninferiority of dual therapy with dabigatran (both doses combined) to triple therapy with warfarin with respect to the incidence of a composite efficacy end point of thromboembolic events (myocardial infarction, stroke, or systemic embolism), death, or unplanned revascularization. RESULTS: The incidence of the primary end point was 15.4% in the 110-mg dual-therapy group as compared with 26.9% in the triple-therapy group (hazard ratio, 0.52; 95% confidence interval [CI], 0.42 to 0.63; P<0.001 for noninferiority; P<0.001 for superiority) and 20.2% in the 150-mg dual-therapy group as compared with 25.7% in the corresponding triple-therapy group, which did not include elderly patients outside the United States (hazard ratio, 0.72; 95% CI, 0.58 to 0.88; P<0.001 for noninferiority). The incidence of the composite efficacy end point was 13.7% in the two dual-therapy groups combined as compared with 13.4% in the triple-therapy group (hazard ratio, 1.04; 95% CI, 0.84 to 1.29; P=0.005 for noninferiority). The rate of serious adverse events did not differ significantly among the groups. CONCLUSIONS: inhibitor, and aspirin. Dual therapy was noninferior to triple therapy with respect to the risk of thromboembolic events. (Funded by Boehringer Ingelheim; RE-DUAL PCI ClinicalTrials.gov number, NCT02164864 .).",2017,atrial fibrillation,cardiology,True,,,New England Journal of Medicine,new england journal of medicine,False,openalex,Christopher P. Cannon; Deepak L. Bhatt; Jonas Oldgren; Gregory Y.H. Lip; Stephen G. Ellis; Takeshi Kimura; Michael Mæng; Béla Merkely; Uwe Zeymer; Savion Gropper; Matias Nordaby; Eva Kleine; Ruth Harper; Jenny Manassie; James L. Januzzi; Jurriën M. ten Berg; Philippe Gabríel Steg; Stefan H. Hohnloser,https://doi.org/10.1056/nejmoa1708454,1349,,,,28844193,,,,,,,True,cited_by_count>=927 (top 10.0%); cited_by_count>=927 (top 10.0%),10.1056/nejmoa1708454,,,False,0.002266245
https://openalex.org/W2162499932,10.1111/jth.13140,Definition of clinically relevant non‐major bleeding in studies of anticoagulants in atrial fibrillation and venous thromboembolic disease in non‐surgical patients: communication from the SSC of the ISTH,,2015,atrial fibrillation,cardiology,False,,,Journal of Thrombosis and Haemostasis,journal of thrombosis and haemostasis,False,openalex,Scott Kaatz; Ahmad Danesh; Alex C. Spyropoulos; Sam Schulman,,1348,,,,26764429,,,,,,,True,cited_by_count>=927 (top 10.0%); cited_by_count>=927 (top 10.0%),10.1111/jth.13140,,,False,-0.020506473
https://openalex.org/W2621371007,10.1016/j.vph.2017.05.005,Oxidative stress and reactive oxygen species in endothelial dysfunction associated with cardiovascular and metabolic diseases,,2017,cardiovascular,cardiology,False,,,Vascular Pharmacology,vascular pharmacology,False,openalex,Maria Angela Incalza; Rossella D’Oria; Annalisa Natalicchio; Sebastio Perrini; Luigi Laviola; Francesco Giorgino,,1335,,,,28579545,,,,,,,True,cited_by_count>=927 (top 10.0%); cited_by_count>=927 (top 10.0%),10.1016/j.vph.2017.05.005,,,False,0.0626593
https://openalex.org/W4384922756,10.1161/cir.0000000000001168,2023 AHA/ACC/ACCP/ASPC/NLA/PCNA Guideline for the Management of Patients With Chronic Coronary Disease: A Report of the American Heart Association/American College of Cardiology Joint Committee on Clinical Practice Guidelines,"AIM: The “2023 AHA/ACC/ACCP/ASPC/NLA/PCNA Guideline for the Management of Patients With Chronic Coronary Disease” provides an update to and consolidates new evidence since the “2012 ACCF/AHA/ACP/AATS/PCNA/SCAI/STS Guideline for the Diagnosis and Management of Patients With Stable Ischemic Heart Disease” and the corresponding “2014 ACC/AHA/AATS/PCNA/SCAI/STS Focused Update of the Guideline for the Diagnosis and Management of Patients With Stable Ischemic Heart Disease.” METHODS: A comprehensive literature search was conducted from September 2021 to May 2022. Clinical studies, systematic reviews and meta-analyses, and other evidence conducted on human participants were identified that were published in English from MEDLINE (through PubMed), EMBASE, the Cochrane Library, Agency for Healthcare Research and Quality, and other selected databases relevant to this guideline. STRUCTURE: This guideline provides an evidenced-based and patient-centered approach to management of patients with chronic coronary disease, considering social determinants of health and incorporating the principles of shared decision-making and team-based care. Relevant topics include general approaches to treatment decisions, guideline-directed management and therapy to reduce symptoms and future cardiovascular events, decision-making pertaining to revascularization in patients with chronic coronary disease, recommendations for management in special populations, patient follow-up and monitoring, evidence gaps, and areas in need of future research. Where applicable, and based on availability of cost-effectiveness data, cost–value recommendations are also provided for clinicians. Many recommendations from previously published guidelines have been updated with new evidence, and new recommendations have been created when supported by published data.",2023,cardiology,cardiology,True,,,Circulation,circulation,False,openalex,Salim S. Virani; L. Kristin Newby; Suzanne V. Arnold; Vera Bittner; LaPrincess C. Brewer; Susan Halli Demeter; Dave L. Dixon; William F. Fearon; Beverly Hess; Heather M. Johnson; Dhruv S. Kazi; Dhaval Kolte; Dharam J. Kumbhani; Jim LoFaso; Dhruv Mahtta; Daniel B. Mark; Margo Minissian; Ann Marie Návar; Amit R. Patel; Mariann R. Piano; Fátima Rodríguez; Amy W. Talbot; Viviany R. Taqueti; Randal J. Thomas; Sean van Diepen; Barbara S. Wiggins; Marlene S. Williams,https://doi.org/10.1161/cir.0000000000001168,1335,,,,,,,,,,,True,cited_by_count>=927 (top 10.0%); cited_by_count>=927 (top 10.0%),10.1161/cir.0000000000001168,,,False,0.06890172
https://openalex.org/W4301132610,10.1002/9781118910573.ch5,Cardiovascular Diseases (CVDs),"Cardiovascular disease (CVD) refers to the class of diseases that involve the heart and/or the blood vessels, especially the veins and arteries leading to and from the heart. Atherosclerosis is a common form of CVD, and it may lead to serious health problems in different organs. Coronary artery disease, also called coronary heart disease, is a condition in which plaque builds up inside the coronary arteries, which supply the heart muscle with oxygen-rich blood. Cardiac arrest is the sudden, abrupt loss of heart function. Heart failure is a common condition that usually develops slowly as the heart muscle weakens and must work harder to keep blood flowing through the body. Thrombus formation can be an eventual consequence of long-term plaque buildup in a blood vessel to which the body responds by covering the plaque with a thin layer or fibrous cap.",2022,cardiovascular,cardiology,False,,,,,,openalex,Adam de la Zerda; Shan Xiang Wang,,1335,,,,,,,,,,,True,cited_by_count>=927 (top 10.0%); cited_by_count>=927 (top 10.0%),10.1002/9781118910573.ch5,,,False,-0.009541569
https://openalex.org/W2892274298,10.1056/nejmoa1805971,Coronary CT Angiography and 5-Year Risk of Myocardial Infarction,"BACKGROUND: Although coronary computed tomographic angiography (CTA) improves diagnostic certainty in the assessment of patients with stable chest pain, its effect on 5-year clinical outcomes is unknown. METHODS: In an open-label, multicenter, parallel-group trial, we randomly assigned 4146 patients with stable chest pain who had been referred to a cardiology clinic for evaluation to standard care plus CTA (2073 patients) or to standard care alone (2073 patients). Investigations, treatments, and clinical outcomes were assessed over 3 to 7 years of follow-up. The primary end point was death from coronary heart disease or nonfatal myocardial infarction at 5 years. RESULTS: The median duration of follow-up was 4.8 years, which yielded 20,254 patient-years of follow-up. The 5-year rate of the primary end point was lower in the CTA group than in the standard-care group (2.3% [48 patients] vs. 3.9% [81 patients]; hazard ratio, 0.59; 95% confidence interval [CI], 0.41 to 0.84; P=0.004). Although the rates of invasive coronary angiography and coronary revascularization were higher in the CTA group than in the standard-care group in the first few months of follow-up, overall rates were similar at 5 years: invasive coronary angiography was performed in 491 patients in the CTA group and in 502 patients in the standard-care group (hazard ratio, 1.00; 95% CI, 0.88 to 1.13), and coronary revascularization was performed in 279 patients in the CTA group and in 267 in the standard-care group (hazard ratio, 1.07; 95% CI, 0.91 to 1.27). However, more preventive therapies were initiated in patients in the CTA group (odds ratio, 1.40; 95% CI, 1.19 to 1.65), as were more antianginal therapies (odds ratio, 1.27; 95% CI, 1.05 to 1.54). There were no significant between-group differences in the rates of cardiovascular or noncardiovascular deaths or deaths from any cause. CONCLUSIONS: In this trial, the use of CTA in addition to standard care in patients with stable chest pain resulted in a significantly lower rate of death from coronary heart disease or nonfatal myocardial infarction at 5 years than standard care alone, without resulting in a significantly higher rate of coronary angiography or coronary revascularization. (Funded by the Scottish Government Chief Scientist Office and others; SCOT-HEART ClinicalTrials.gov number, NCT01149590 .).",2018,myocardial infarction,cardiology,True,,,New England Journal of Medicine,new england journal of medicine,False,openalex,The SCOT-HEART Investigators,https://doi.org/10.1056/nejmoa1805971,1332,,,,30145934,,,,,,,True,cited_by_count>=927 (top 10.0%); cited_by_count>=927 (top 10.0%),10.1056/nejmoa1805971,,,False,-0.014741242
https://openalex.org/W2625336870,10.1161/cir.0000000000000510,Dietary Fats and Cardiovascular Disease: A Presidential Advisory From the American Heart Association,"Cardiovascular disease (CVD) is the leading global cause of death, accounting for 17.3 million deaths per year. Preventive treatment that reduces CVD by even a small percentage can substantially reduce, nationally and globally, the number of people who develop CVD and the costs of caring for them. This American Heart Association presidential advisory on dietary fats and CVD reviews and discusses the scientific evidence, including the most recent studies, on the effects of dietary saturated fat intake and its replacement by other types of fats and carbohydrates on CVD. In summary, randomized controlled trials that lowered intake of dietary saturated fat and replaced it with polyunsaturated vegetable oil reduced CVD by ≈30%, similar to the reduction achieved by statin treatment. Prospective observational studies in many populations showed that lower intake of saturated fat coupled with higher intake of polyunsaturated and monounsaturated fat is associated with lower rates of CVD and of other major causes of death and all-cause mortality. In contrast, replacement of saturated fat with mostly refined carbohydrates and sugars is not associated with lower rates of CVD and did not reduce CVD in clinical trials. Replacement of saturated with unsaturated fats lowers low-density lipoprotein cholesterol, a cause of atherosclerosis, linking biological evidence with incidence of CVD in populations and in clinical trials. Taking into consideration the totality of the scientific evidence, satisfying rigorous criteria for causality, we conclude strongly that lowering intake of saturated fat and replacing it with unsaturated fats, especially polyunsaturated fats, will lower the incidence of CVD. This recommended shift from saturated to unsaturated fats should occur simultaneously in an overall healthful dietary pattern such as DASH (Dietary Approaches to Stop Hypertension) or the Mediterranean diet as emphasized by the 2013 American Heart Association/American College of Cardiology lifestyle guidelines and the 2015 to 2020 Dietary Guidelines for Americans.",2017,cardiovascular,cardiology,True,,,Circulation,circulation,False,openalex,Frank M. Sacks; Alice H. Lichtenstein; Jason Wu; Lawrence J. Appel; Mark A. Creager; Penny M. Kris‐Etherton; Michael Miller; Eric B. Rimm; Lawrence L. Rudel; Jennifer G. Robinson; Neil J. Stone; Linda Van Horn,https://doi.org/10.1161/cir.0000000000000510,1331,,,,28620111,,,,,,,True,cited_by_count>=927 (top 10.0%); cited_by_count>=927 (top 10.0%),10.1161/cir.0000000000000510,,,False,0.04246562
https://openalex.org/W2605253636,10.1371/journal.pone.0174944,Can machine-learning improve cardiovascular risk prediction using routine clinical data?,"BACKGROUND: Current approaches to predict cardiovascular risk fail to identify many people who would benefit from preventive treatment, while others receive unnecessary intervention. Machine-learning offers opportunity to improve accuracy by exploiting complex interactions between risk factors. We assessed whether machine-learning can improve cardiovascular risk prediction. METHODS: Prospective cohort study using routine clinical data of 378,256 patients from UK family practices, free from cardiovascular disease at outset. Four machine-learning algorithms (random forest, logistic regression, gradient boosting machines, neural networks) were compared to an established algorithm (American College of Cardiology guidelines) to predict first cardiovascular event over 10-years. Predictive accuracy was assessed by area under the 'receiver operating curve' (AUC); and sensitivity, specificity, positive predictive value (PPV), negative predictive value (NPV) to predict 7.5% cardiovascular risk (threshold for initiating statins). FINDINGS: 24,970 incident cardiovascular events (6.6%) occurred. Compared to the established risk prediction algorithm (AUC 0.728, 95% CI 0.723-0.735), machine-learning algorithms improved prediction: random forest +1.7% (AUC 0.745, 95% CI 0.739-0.750), logistic regression +3.2% (AUC 0.760, 95% CI 0.755-0.766), gradient boosting +3.3% (AUC 0.761, 95% CI 0.755-0.766), neural networks +3.6% (AUC 0.764, 95% CI 0.759-0.769). The highest achieving (neural networks) algorithm predicted 4,998/7,404 cases (sensitivity 67.5%, PPV 18.4%) and 53,458/75,585 non-cases (specificity 70.7%, NPV 95.7%), correctly predicting 355 (+7.6%) more patients who developed cardiovascular disease compared to the established algorithm. CONCLUSIONS: Machine-learning significantly improves accuracy of cardiovascular risk prediction, increasing the number of patients identified who could benefit from preventive treatment, while avoiding unnecessary treatment of others.",2017,cardiovascular,cardiology,True,,,PLoS ONE,plos one,True,openalex,Stephen Weng; Jenna Reps; Joe Kai; Jonathan M. Garibaldi; Nadeem Qureshi,https://doi.org/10.1371/journal.pone.0174944,1329,,,,28376093,,,,,,,True,cited_by_count>=927 (top 10.0%); cited_by_count>=927 (top 10.0%),10.1371/journal.pone.0174944,,,False,0.086398706
https://openalex.org/W4211143229,10.1161/cir.0000000000000404,"2016 ACC/AHA Guideline Focused Update on Duration of Dual Antiplatelet Therapy in Patients With Coronary Artery Disease: A Report of the American College of Cardiology/American Heart Association Task Force on Clinical Practice Guidelines: An Update of the 2011 ACCF/AHA/SCAI Guideline for Percutaneous Coronary Intervention, 2011 ACCF/AHA Guideline for Coronary Artery Bypass Graft Surgery, 2012 ACC/AHA/ACP/AATS/PCNA/SCAI/STS Guideline for the Diagnosis and Management of Patients With Stable Ischemic Heart Disease, 2013 ACCF/AHA Guideline for the Management of ST-Elevation Myocardial Infarction, 2014 AHA/ACC Guideline for the Management of Patients With Non–ST-Elevation Acute Coronary Syndromes, and 2014 ACC/AHA Guideline on Perioperative Cardiovascular Evaluation and Management of Patients Undergoing Noncardiac Surgery",,2016,cardiology,cardiology,True,,,Circulation,circulation,False,openalex,Glenn N. Levine; Eric Bates; John A. Bittl; Ralph G. Brindis; Stephan D. Fihn; Lee A. Fleisher; Christopher B. Granger; Richard A. Lange; Michael J. Mack; Laura Mauri; Roxana Mehran; Debabrata Mukherjee; L. Kristin Newby; Patrick T. O’Gara; Marc S. Sabatine; Peter K. Smith; Sidney C. Smith,https://doi.org/10.1161/cir.0000000000000404,1329,,,,27026020,,,,,,,True,cited_by_count>=927 (top 10.0%); cited_by_count>=927 (top 10.0%),10.1161/cir.0000000000000404,,,False,0.075080276
https://openalex.org/W2605115422,10.1016/j.echo.2017.02.009,Recommendations on the Echocardiographic Assessment of Aortic Valve Stenosis: A Focused Update from the European Association of Cardiovascular Imaging and the American Society of Echocardiography,,2017,cardiovascular,cardiology,False,,,Journal of the American Society of Echocardiography,journal of the american society of echocardiography,False,openalex,Helmut Baumgartner; Judy Hung; Javier Bermejo; John B. Chambers; Thor Edvardsen; Steven A. Goldstein; Patrizio Lancellotti; Melissa LeFevre; Fletcher A. Miller; Catherine M Otto,,1326,,,,28385280,,,,,,,True,cited_by_count>=927 (top 10.0%); cited_by_count>=927 (top 10.0%),10.1016/j.echo.2017.02.009,,,False,0.060807157
https://openalex.org/W2527939994,10.1136/annrheumdis-2016-209775,EULAR recommendations for cardiovascular disease risk management in patients with rheumatoid arthritis and other forms of inflammatory joint disorders: 2015/2016 update,,2016,cardiovascular,cardiology,True,,,Annals of the Rheumatic Diseases,annals of the rheumatic diseases,False,openalex,Rabia Agca; S.C. Heslinga; Silvia Rollefstad; Maaike Heslinga; Iain B. McInnes; Mike Peters; Tore K. Kvien; Maxime Dougados; Helga Radner; Fabiola Atzeni; Jette Primdahl; Anna Södergren; Solveig Wållberg Jonsson; Jef van Rompay; C. Zabalan; Terje R. Pedersen; L. Jacobsson; Kurt de Vlam; Miguel Á. González‐Gay; Anne Grete Semb; George D. Kitas; Yvo M. Smulders; Zoltán Szekanecz; Naveed Sattar; Deborah Symmons; Michael T. Nurmohamed,https://doi.org/10.1136/annrheumdis-2016-209775,1325,,,,27697765,,,,,,,True,cited_by_count>=927 (top 10.0%); cited_by_count>=927 (top 10.0%),10.1136/annrheumdis-2016-209775,,,False,0.056910105
https://openalex.org/W2770196824,10.1016/s0140-6736(17)32520-5,Temporal trends and patterns in heart failure incidence: a population-based study of 4 million individuals,"BACKGROUND: Large-scale and contemporary population-based studies of heart failure incidence are needed to inform resource planning and research prioritisation but current evidence is scarce. We aimed to assess temporal trends in incidence and prevalence of heart failure in a large general population cohort from the UK, between 2002 and 2014. METHODS: For this population-based study, we used linked primary and secondary electronic health records of 4 million individuals from the Clinical Practice Research Datalink (CPRD), a cohort that is representative of the UK population in terms of age and sex. Eligible patients were aged 16 years and older, had contributed data between Jan 1, 2002, and Dec 31, 2014, had an acceptable record according to CPRD quality control, were approved for CPRD and Hospital Episodes Statistics linkage, and were registered with their general practice for at least 12 months. For patients with incident heart failure, we extracted the most recent measurement of baseline characteristics (within 2 years of diagnosis) from electronic health records, as well as information about comorbidities, socioeconomic status, ethnicity, and region. We calculated standardised rates by applying direct age and sex standardisation to the 2013 European Standard Population, and we inferred crude rates by applying year-specific, age-specific, and sex-specific incidence to UK census mid-year population estimates. We assumed no heart failure for patients aged 15 years or younger and report total incidence and prevalence for all ages (>0 years). FINDINGS: From 2002 to 2014, heart failure incidence (standardised by age and sex) decreased, similarly for men and women, by 7% (from 358 to 332 per 100 000 person-years; adjusted incidence ratio 0·93, 95% CI 0·91-0·94). However, the estimated absolute number of individuals with newly diagnosed heart failure in the UK increased by 12% (from 170 727 in 2002 to 190 798 in 2014), largely due to an increase in population size and age. The estimated absolute number of prevalent heart failure cases in the UK increased even more, by 23% (from 750 127 to 920 616). Over the study period, patient age and multi-morbidity at first presentation of heart failure increased (mean age 76·5 years [SD 12·0] to 77·0 years [12·9], adjusted difference 0·79 years, 95% CI 0·37-1·20; mean number of comorbidities 3·4 [SD 1·9] vs 5·4 [2·5]; adjusted difference 2·0, 95% CI 1·9-2·1). Socioeconomically deprived individuals were more likely to develop heart failure than were affluent individuals (incidence rate ratio 1·61, 95% CI 1·58-1·64), and did so earlier in life than those from the most affluent group (adjusted difference -3·51 years, 95% CI -3·77 to -3·25). From 2002 to 2014, the socioeconomic gradient in age at first presentation with heart failure widened. Socioeconomically deprived individuals also had more comorbidities, despite their younger age. INTERPRETATION: Despite a moderate decline in standardised incidence of heart failure, the burden of heart failure in the UK is increasing, and is now similar to the four most common causes of cancer combined. The observed socioeconomic disparities in disease incidence and age at onset within the same nation point to a potentially preventable nature of heart failure that still needs to be tackled. FUNDING: British Heart Foundation and National Institute for Health Research.",2017,heart failure,cardiology,True,,,The Lancet,the lancet,False,openalex,Nathalie Conrad; Andrew Judge; Jenny Tran; H. Mohseni; Deborah Hedgecott; Abel Pérez Crespillo; Moira Allison; Harry Hemingway; John G.F. Cleland; John J.V. McMurray; Kazem Rahimi,https://doi.org/10.1016/s0140-6736(17)32520-5,1320,,,,29174292,,,,,,,True,cited_by_count>=927 (top 10.0%); cited_by_count>=927 (top 10.0%),10.1016/s0140-6736(17)32520-5,,,False,0.043314967
https://openalex.org/W3013207865,10.1056/nejmoa1915928,Vericiguat in Patients with Heart Failure and Reduced Ejection Fraction,"BACKGROUND: The effect of vericiguat, a novel oral soluble guanylate cyclase stimulator, in patients with heart failure and reduced ejection fraction who had recently been hospitalized or had received intravenous diuretic therapy is unclear. METHODS: In this phase 3, randomized, double-blind, placebo-controlled trial, we assigned 5 050 patients with chronic heart failure (New York Heart Association class II, III, or IV) and an ejection fraction of less than 45% to receive vericiguat (target dose 10 mg once daily) or placebo, in addition to guideline-based medical therapy.The primary outcome was a composite of death from cardiovascular causes or first hospitalization for heart failure. RESULTS: Over a median of 10.8 months, a primary-outcome event occurred in 897 of 2 526 patients (35.5%) in the vericiguat group and in 972 of 2 524 patients (38.5%) in the placebo group (p = 0.02). A total of 691 patients (27.4%) in the vericiguat group and 747 patients (29.6%) in the placebo group were hospitalized for heart failure. Death from cardiovascular causes occurred in 414 patients (16.4%) in the vericiguat group and in 441 patients (17.5%) in the placebo group. The composite endpoint of death from any cause or hospitalization for heart failure occurred in 957 patients (37.9%) in the vericiguat group and in 1 032 patients (40.9%) in the placebo group (p = 0.02). Symptomatic hypotension occurred in 9.1% of the patients in the vericiguat group and in 7.9% of the patients in the placebo group (p = 0.12), syncope occurred in 4.0% of the patients in the vericiguat group and in 3.5% of the patients in the placebo group (p = 0.30). CONCLUSION: Among patients with high-risk heart failure, the incidence of death from cardiovascular causes or hospitalization for heart failure was lower among those who received vericiguat than those who received placebo.",2020,heart failure,cardiology,True,,,New England Journal of Medicine,new england journal of medicine,False,openalex,Paul W. Armstrong; Burkert Pieske; Kevin J. Anstrom; Justin A. Ezekowitz; Adrian F. Hernandez; Javed Butler; Carolyn S.P. Lam; Piotr Ponikowski; Adriaan A. Voors; Gang Jia; Steven E. McNulty; Mahesh J. Patel; Lothar Roessig; Joerg Koglin; Christopher M. O’Connor,https://doi.org/10.1056/nejmoa1915928,1285,,,,32222134,,,,,,,True,cited_by_count>=927 (top 10.0%); cited_by_count>=927 (top 10.0%),10.1056/nejmoa1915928,,,False,0.015276762
https://openalex.org/W2989281995,10.1016/j.jacc.2019.10.009,The Global Burden of Cardiovascular Diseases and Risk Factors,,2019,cardiovascular,cardiology,True,,,Journal of the American College of Cardiology,journal of the american college of cardiology,False,openalex,George A. Mensah; Gregory A. Roth; Valentı́n Fuster,https://ora.ox.ac.uk/objects/uuid:f58ad48d-729e-45f6-9165-f24c89cd2ad8,1284,,,,31727292,,,,,,,True,cited_by_count>=927 (top 10.0%); cited_by_count>=927 (top 10.0%),10.1016/j.jacc.2019.10.009,,,False,0.080665946
https://openalex.org/W3174072953,10.1161/cir.0000000000000988,Obstructive Sleep Apnea and Cardiovascular Disease: A Scientific Statement From the American Heart Association,"Obstructive sleep apnea (OSA) is characterized by recurrent complete and partial upper airway obstructive events, resulting in intermittent hypoxemia, autonomic fluctuation, and sleep fragmentation. Approximately 34% and 17% of middle-aged men and women, respectively, meet the diagnostic criteria for OSA. Sleep disturbances are common and underdiagnosed among middle-aged and older adults, and the prevalence varies by race/ethnicity, sex, and obesity status. OSA prevalence is as high as 40% to 80% in patients with hypertension, heart failure, coronary artery disease, pulmonary hypertension, atrial fibrillation, and stroke. Despite its high prevalence in patients with heart disease and the vulnerability of cardiac patients to OSA-related stressors and adverse cardiovascular outcomes, OSA is often underrecognized and undertreated in cardiovascular practice. We recommend screening for OSA in patients with resistant/poorly controlled hypertension, pulmonary hypertension, and recurrent atrial fibrillation after either cardioversion or ablation. In patients with New York Heart Association class II to IV heart failure and suspicion of sleep-disordered breathing or excessive daytime sleepiness, a formal sleep assessment is reasonable. In patients with tachy-brady syndrome or ventricular tachycardia or survivors of sudden cardiac death in whom sleep apnea is suspected after a comprehensive sleep assessment, evaluation for sleep apnea should be considered. After stroke, clinical equipoise exists with respect to screening and treatment. Patients with nocturnally occurring angina, myocardial infarction, arrhythmias, or appropriate shocks from implanted cardioverter-defibrillators may be especially likely to have comorbid sleep apnea. All patients with OSA should be considered for treatment, including behavioral modifications and weight loss as indicated. Continuous positive airway pressure should be offered to patients with severe OSA, whereas oral appliances can be considered for those with mild to moderate OSA or for continuous positive airway pressure-intolerant patients. Follow-up sleep testing should be performed to assess the effectiveness of treatment.",2021,cardiovascular,cardiology,True,,,Circulation,circulation,False,openalex,Yerem Yeghiazarians; Hani Jneid; Jeremy Tietjens; Susan Redline; Devin L. Brown; Nabil El‐Sherif; Reena Mehra; Biykem Bozkurt; Chiadi E. Ndumele; Virend K. Somers,https://doi.org/10.1161/cir.0000000000000988,1268,,,,34148375,,,,,,,True,cited_by_count>=927 (top 10.0%); cited_by_count>=927 (top 10.0%),10.1161/cir.0000000000000988,,,False,0.101722814
https://openalex.org/W4293462875,10.1093/eurheartj/ehac361,Lipoprotein(a) in atherosclerotic cardiovascular disease and aortic stenosis: a European Atherosclerosis Society consensus statement,"This 2022 European Atherosclerosis Society lipoprotein(a) [Lp(a)] consensus statement updates evidence for the role of Lp(a) in atherosclerotic cardiovascular disease (ASCVD) and aortic valve stenosis, provides clinical guidance for testing and treating elevated Lp(a) levels, and considers its inclusion in global risk estimation. Epidemiologic and genetic studies involving hundreds of thousands of individuals strongly support a causal and continuous association between Lp(a) concentration and cardiovascular outcomes in different ethnicities; elevated Lp(a) is a risk factor even at very low levels of low-density lipoprotein cholesterol. High Lp(a) is associated with both microcalcification and macrocalcification of the aortic valve. Current findings do not support Lp(a) as a risk factor for venous thrombotic events and impaired fibrinolysis. Very low Lp(a) levels may associate with increased risk of diabetes mellitus meriting further study. Lp(a) has pro-inflammatory and pro-atherosclerotic properties, which may partly relate to the oxidized phospholipids carried by Lp(a). This panel recommends testing Lp(a) concentration at least once in adults; cascade testing has potential value in familial hypercholesterolaemia, or with family or personal history of (very) high Lp(a) or premature ASCVD. Without specific Lp(a)-lowering therapies, early intensive risk factor management is recommended, targeted according to global cardiovascular risk and Lp(a) level. Lipoprotein apheresis is an option for very high Lp(a) with progressive cardiovascular disease despite optimal management of risk factors. In conclusion, this statement reinforces evidence for Lp(a) as a causal risk factor for cardiovascular outcomes. Trials of specific Lp(a)-lowering treatments are critical to confirm clinical benefit for cardiovascular disease and aortic valve stenosis.",2022,cardiovascular,cardiology,True,,,European Heart Journal,european heart journal,False,openalex,Florian Kronenberg; Samia Mora; Erik S.G. Stroes; Brian A. Ference; Benoît J. Arsenault; Lars Berglund; Marc R. Dweck; Marlys L. Koschinsky; Gilles Lambert; François Mach; Catherine J. McNeal; Patrick M. Moriarty; Pradeep Natarajan; Børge G. Nordestgaard; Klaus G. Parhofer; Salim S. Virani; Arnold von Eckardstein; Gerald F. Watts; Jane K. Stock; Kausik K. Ray; Lâle Tokgözoğlu; Alberico L. Catapano,https://doi.org/10.1093/eurheartj/ehac361,1261,,,,36036785,,,,,,,True,cited_by_count>=927 (top 10.0%); cited_by_count>=927 (top 10.0%),10.1093/eurheartj/ehac361,,,False,0.015307873
https://openalex.org/W2883756867,10.1016/j.jacc.2018.04.070,Medical Therapy for Heart Failure With Reduced Ejection Fraction,,2018,heart failure,cardiology,False,,,Journal of the American College of Cardiology,journal of the american college of cardiology,False,openalex,Stephen J. Greene; Javed Butler; Nancy M. Albert; Adam D. DeVore; Puza P. Sharma; Carol I. Duffy; C. Larry Hill; Kevin McCague; Xiaojuan Mi; J. Herbert Patterson; John A. Spertus; Laine Thomas; Fredonia B. Williams; Adrian F. Hernandez; Gregg C. Fonarow,,1261,,,,30025570,,,,,,,True,cited_by_count>=927 (top 10.0%); cited_by_count>=927 (top 10.0%),10.1016/j.jacc.2018.04.070,,,False,-0.056271844
https://openalex.org/W3160863677,10.1161/circresaha.121.318241,Cardiac Energy Metabolism in Heart Failure,"Alterations in cardiac energy metabolism contribute to the severity of heart failure. However, the energy metabolic changes that occur in heart failure are complex and are dependent not only on the severity and type of heart failure present but also on the co-existence of common comorbidities such as obesity and type 2 diabetes. The failing heart faces an energy deficit, primarily because of a decrease in mitochondrial oxidative capacity. This is partly compensated for by an increase in ATP production from glycolysis. The relative contribution of the different fuels for mitochondrial ATP production also changes, including a decrease in glucose and amino acid oxidation, and an increase in ketone oxidation. The oxidation of fatty acids by the heart increases or decreases, depending on the type of heart failure. For instance, in heart failure associated with diabetes and obesity, myocardial fatty acid oxidation increases, while in heart failure associated with hypertension or ischemia, myocardial fatty acid oxidation decreases. Combined, these energy metabolic changes result in the failing heart becoming less efficient (ie, a decrease in cardiac work/O 2 consumed). The alterations in both glycolysis and mitochondrial oxidative metabolism in the failing heart are due to both transcriptional changes in key enzymes involved in these metabolic pathways, as well as alterations in NAD redox state (NAD + and nicotinamide adenine dinucleotide levels) and metabolite signaling that contribute to posttranslational epigenetic changes in the control of expression of genes encoding energy metabolic enzymes. Alterations in the fate of glucose, beyond flux through glycolysis or glucose oxidation, also contribute to the pathology of heart failure. Of importance, pharmacological targeting of the energy metabolic pathways has emerged as a novel therapeutic approach to improving cardiac efficiency, decreasing the energy deficit and improving cardiac function in the failing heart.",2021,heart failure,cardiology,True,,,Circulation Research,circulation research,False,openalex,Gary D. Lopaschuk; Qutuba G. Karwi; Rong Tian; Adam R. Wende; E. Dale Abel,https://doi.org/10.1161/circresaha.121.318241,1255,,,,33983836,,,,,,,True,cited_by_count>=927 (top 10.0%); cited_by_count>=927 (top 10.0%),10.1161/circresaha.121.318241,,,False,-0.05312719
https://openalex.org/W2898149752,10.1016/j.jacc.2018.07.099,Air Pollution and Cardiovascular Disease,,2018,cardiovascular,cardiology,False,,,Journal of the American College of Cardiology,journal of the american college of cardiology,False,openalex,Sanjay Rajagopalan; Sadeer Al‐Kindi; Robert D. Brook,,1238,,,,30336830,,,,,,,True,cited_by_count>=927 (top 10.0%); cited_by_count>=927 (top 10.0%),10.1016/j.jacc.2018.07.099,,,False,0.060197
https://openalex.org/W1809230663,10.4239/wjd.v6.i13.1246,"Diabetes and cardiovascular disease: Epidemiology, biological mechanisms, treatment recommendations and future research","The incidence of diabetes mellitus (DM) continues to rise and has quickly become one of the most prevalent and costly chronic diseases worldwide. A close link exists between DM and cardiovascular disease (CVD), which is the most prevalent cause of morbidity and mortality in diabetic patients. Cardiovascular (CV) risk factors such as obesity, hypertension and dyslipidemia are common in patients with DM, placing them at increased risk for cardiac events. In addition, many studies have found biological mechanisms associated with DM that independently increase the risk of CVD in diabetic patients. Therefore, targeting CV risk factors in patients with DM is critical to minimize the long-term CV complications of the disease. This paper summarizes the relationship between diabetes and CVD, examines possible mechanisms of disease progression, discusses current treatment recommendations, and outlines future research directions.",2015,cardiovascular,cardiology,True,,,World Journal of Diabetes,world journal of diabetes,True,openalex,Benjamin M Leon,https://doi.org/10.4239/wjd.v6.i13.1246,1237,,,,26468341,,,,,,,True,cited_by_count>=927 (top 10.0%); cited_by_count>=927 (top 10.0%),10.4239/wjd.v6.i13.1246,,,False,0.0012886226
https://openalex.org/W2899841238,10.1056/nejmoa1812851,Angiotensin–Neprilysin Inhibition in Acute Decompensated Heart Failure,"BACKGROUND: Acute decompensated heart failure accounts for more than 1 million hospitalizations in the United States annually. Whether the initiation of sacubitril-valsartan therapy is safe and effective among patients who are hospitalized for acute decompensated heart failure is unknown. METHODS: We enrolled patients with heart failure with reduced ejection fraction who were hospitalized for acute decompensated heart failure at 129 sites in the United States. After hemodynamic stabilization, patients were randomly assigned to receive sacubitril-valsartan (target dose, 97 mg of sacubitril with 103 mg of valsartan twice daily) or enalapril (target dose, 10 mg twice daily). The primary efficacy outcome was the time-averaged proportional change in the N-terminal pro-B-type natriuretic peptide (NT-proBNP) concentration from baseline through weeks 4 and 8. Key safety outcomes were the rates of worsening renal function, hyperkalemia, symptomatic hypotension, and angioedema. RESULTS: Of the 881 patients who underwent randomization, 440 were assigned to receive sacubitril-valsartan and 441 to receive enalapril. The time-averaged reduction in the NT-proBNP concentration was significantly greater in the sacubitril-valsartan group than in the enalapril group; the ratio of the geometric mean of values obtained at weeks 4 and 8 to the baseline value was 0.53 in the sacubitril-valsartan group as compared with 0.75 in the enalapril group (percent change, -46.7% vs. -25.3%; ratio of change with sacubitril-valsartan vs. enalapril, 0.71; 95% confidence interval [CI], 0.63 to 0.81; P<0.001). The greater reduction in the NT-proBNP concentration with sacubitril-valsartan than with enalapril was evident as early as week 1 (ratio of change, 0.76; 95% CI, 0.69 to 0.85). The rates of worsening renal function, hyperkalemia, symptomatic hypotension, and angioedema did not differ significantly between the two groups. CONCLUSIONS: Among patients with heart failure with reduced ejection fraction who were hospitalized for acute decompensated heart failure, the initiation of sacubitril-valsartan therapy led to a greater reduction in the NT-proBNP concentration than enalapril therapy. Rates of worsening renal function, hyperkalemia, symptomatic hypotension, and angioedema did not differ significantly between the two groups. (Funded by Novartis; PIONEER-HF ClinicalTrials.gov number, NCT02554890 .).",2018,heart failure,cardiology,True,,,New England Journal of Medicine,new england journal of medicine,False,openalex,Eric J. Velazquez; David A. Morrow; Adam D. DeVore; Carol I. Duffy; Andrew P. Ambrosy; Kevin McCague; Ricardo Rocha; Eugene Braunwald,https://doi.org/10.1056/nejmoa1812851,1236,,,,30415601,,,,,,,True,cited_by_count>=927 (top 10.0%); cited_by_count>=927 (top 10.0%),10.1056/nejmoa1812851,,,False,0.024259543
https://openalex.org/W2402203869,10.1001/jama.2016.7050,Intensive vs Standard Blood Pressure Control and Cardiovascular Disease Outcomes in Adults Aged ≥75 Years,"IMPORTANCE: The appropriate treatment target for systolic blood pressure (SBP) in older patients with hypertension remains uncertain. OBJECTIVE: To evaluate the effects of intensive (<120 mm Hg) compared with standard (<140 mm Hg) SBP targets in persons aged 75 years or older with hypertension but without diabetes. DESIGN, SETTING, AND PARTICIPANTS: A multicenter, randomized clinical trial of patients aged 75 years or older who participated in the Systolic Blood Pressure Intervention Trial (SPRINT). Recruitment began on October 20, 2010, and follow-up ended on August 20, 2015. INTERVENTIONS: Participants were randomized to an SBP target of less than 120 mm Hg (intensive treatment group, n = 1317) or an SBP target of less than 140 mm Hg (standard treatment group, n = 1319). MAIN OUTCOMES AND MEASURES: The primary cardiovascular disease outcome was a composite of nonfatal myocardial infarction, acute coronary syndrome not resulting in a myocardial infarction, nonfatal stroke, nonfatal acute decompensated heart failure, and death from cardiovascular causes. All-cause mortality was a secondary outcome. RESULTS: Among 2636 participants (mean age, 79.9 years; 37.9% women), 2510 (95.2%) provided complete follow-up data. At a median follow-up of 3.14 years, there was a significantly lower rate of the primary composite outcome (102 events in the intensive treatment group vs 148 events in the standard treatment group; hazard ratio [HR], 0.66 [95% CI, 0.51-0.85]) and all-cause mortality (73 deaths vs 107 deaths, respectively; HR, 0.67 [95% CI, 0.49-0.91]). The overall rate of serious adverse events was not different between treatment groups (48.4% in the intensive treatment group vs 48.3% in the standard treatment group; HR, 0.99 [95% CI, 0.89-1.11]). Absolute rates of hypotension were 2.4% in the intensive treatment group vs 1.4% in the standard treatment group (HR, 1.71 [95% CI, 0.97-3.09]), 3.0% vs 2.4%, respectively, for syncope (HR, 1.23 [95% CI, 0.76-2.00]), 4.0% vs 2.7% for electrolyte abnormalities (HR, 1.51 [95% CI, 0.99-2.33]), 5.5% vs 4.0% for acute kidney injury (HR, 1.41 [95% CI, 0.98-2.04]), and 4.9% vs 5.5% for injurious falls (HR, 0.91 [95% CI, 0.65-1.29]). CONCLUSIONS AND RELEVANCE: Among ambulatory adults aged 75 years or older, treating to an SBP target of less than 120 mm Hg compared with an SBP target of less than 140 mm Hg resulted in significantly lower rates of fatal and nonfatal major cardiovascular events and death from any cause. TRIAL REGISTRATION: clinicaltrials.gov Identifier: NCT01206062.",2016,cardiovascular,cardiology,True,,,JAMA,jama,False,openalex,Jeff D. Williamson; Mark A. Supiano; William B. Applegate; Dan R. Berlowitz; Ruth Campbell; Glenn M. Chertow; Larry J. Fine; William E. Haley; Amret Hawfield; Joachim H. Ix; Dalane W. Kitzman; John B. Kostis; Marie Krousel‐Wood; Lenore J. Launer; Suzanne Oparil; Carlos J. Rodríguez; Christianne L. Roumie; Ronald I. Shorr; Kaycee M. Sink; Virginia G. Wadley; Paul K. Whelton; Jeff Whittle; Nancy Woolard; Jackson T. Wright; Nicholas M. Pajewski,https://doi.org/10.1001/jama.2016.7050,1235,,,,27195814,,,,,,,True,cited_by_count>=927 (top 10.0%); cited_by_count>=927 (top 10.0%),10.1001/jama.2016.7050,,,False,-0.051033307
https://openalex.org/W3094494803,10.1161/cir.0000000000000901,Part 4: Pediatric Basic and Advanced Life Support: 2020 American Heart Association Guidelines for Cardiopulmonary Resuscitation and Emergency Cardiovascular Care,,2020,cardiovascular,cardiology,True,,,Circulation,circulation,False,openalex,Alexis Topjian; Tia T. Raymond; Dianne L. Atkins; Melissa Chan; Jonathan P. Duff; Benny L. Joyner; Javier J. Lasa; Eric J. Lavonas; Arielle Lévy; Melissa Mahgoub; Garth Meckler; Kathryn E. Roberts; Robert M. Sutton; Stephen M. Schexnayder; Ronald A. Bronicki; Allan R. de Caen; Anne Marie Guerguerian; Kelly D. Kadlec; Monica E. Kleinman; Lynda Knight; Taylor McCormick; Ryan W. Morgan; Joan Roberts; Barnaby R. Scholefield; Sarah Tabbutt; Ravi R. Thiagarajan; Janice A. Tijssen; Brian K Walsh; Arno Zaritsky,https://doi.org/10.1161/cir.0000000000000901,1233,,,,33081526,,,,,,,True,cited_by_count>=927 (top 10.0%); cited_by_count>=927 (top 10.0%),10.1161/cir.0000000000000901,,,False,0.07152664
https://openalex.org/W2407467502,10.1161/circresaha.115.306883,Obesity and Cardiovascular Disease,"The prevalence of obesity has increased worldwide over the past few decades. In 2013, the prevalence of obesity exceeded the 50% of the adult population in some countries from Oceania, North Africa, and Middle East. Lower but still alarmingly high prevalence was observed in North America (≈30%) and in Western Europe (≈20%). These figures are of serious concern because of the strong link between obesity and disease. In the present review, we summarize the current evidence on the relationship of obesity with cardiovascular disease (CVD), discussing how both the degree and the duration of obesity affect CVD. Although in the general population, obesity and, especially, severe obesity are consistently and strongly related with higher risk of CVD incidence and mortality, the one-size-fits-all approach should not be used with obesity. There are relevant factors largely affecting the CVD prognosis of obese individuals. In this context, we thoroughly discuss important concepts such as the fat-but-fit paradigm, the metabolically healthy but obese (MHO) phenotype and the obesity paradox in patients with CVD. About the MHO phenotype and its CVD prognosis, available data have provided mixed findings, what could be partially because of the adjustment or not for key confounders such as cardiorespiratory fitness, and to the lack of consensus on the MHO definition. In the present review, we propose a scientifically based harmonized definition of MHO, which will hopefully contribute to more comparable data in the future and a better understanding on the MHO subgroup and its CVD prognosis.",2016,cardiovascular,cardiology,False,,,Circulation Research,circulation research,False,openalex,Francisco B. Ortega; Carl J. Lavie; Steven N. Blair,,1221,,,,27230640,,,,,,,True,cited_by_count>=927 (top 10.0%); cited_by_count>=927 (top 10.0%),10.1161/circresaha.115.306883,,,False,0.036259715
https://openalex.org/W2609696371,10.1161/circresaha.117.309732,Atrial Fibrillation,"The past 3 decades have been characterized by an exponential growth in knowledge and advances in the clinical treatment of atrial fibrillation (AF). It is now known that AF genesis requires a vulnerable atrial substrate and that the formation and composition of this substrate may vary depending on comorbid conditions, genetics, sex, and other factors. Population-based studies have identified numerous factors that modify the atrial substrate and increase AF susceptibility. To date, genetic studies have reported 17 independent signals for AF at 14 genomic regions. Studies have established that advanced age, male sex, and European ancestry are prominent AF risk factors. Other modifiable risk factors include sedentary lifestyle, smoking, obesity, diabetes mellitus, obstructive sleep apnea, and elevated blood pressure predispose to AF, and each factor has been shown to induce structural and electric remodeling of the atria. Both heart failure and myocardial infarction increase risk of AF and vice versa creating a feed-forward loop that increases mortality. Other cardiovascular outcomes attributed to AF, including stroke and thromboembolism, are well established, and epidemiology studies have championed therapeutics that mitigate these adverse outcomes. However, the role of anticoagulation for preventing dementia attributed to AF is less established. Our review is a comprehensive examination of the epidemiological data associating unmodifiable and modifiable risk factors for AF and of the pathophysiological evidence supporting the mechanistic link between each risk factor and AF genesis. Our review also critically examines the epidemiological data on clinical outcomes attributed to AF and summarizes current evidence linking each outcome with AF.",2017,atrial fibrillation,cardiology,True,,,Circulation Research,circulation research,False,openalex,Laila Stærk; Jason A. Sherer; Darae Ko; Emelia J. Benjamin; Robert Helm,https://doi.org/10.1161/circresaha.117.309732,1217,,,,28450367,,,,,,,True,cited_by_count>=927 (top 10.0%); cited_by_count>=927 (top 10.0%),10.1161/circresaha.117.309732,,,False,0.08946723
https://openalex.org/W2804511116,10.1161/circulationaha.118.034646,"A Simple, Evidence-Based Approach to Help Guide Diagnosis of Heart Failure With Preserved Ejection Fraction","Background: Diagnosis of heart failure with preserved ejection fraction (HFpEF) is challenging in euvolemic patients with dyspnea, and no evidence-based criteria are available. We sought to develop and then validate noninvasive diagnostic criteria that could be used to estimate the likelihood that HFpEF is present among patients with unexplained dyspnea to guide further testing. Methods: Consecutive patients with unexplained dyspnea referred for invasive hemodynamic exercise testing were retrospectively evaluated. Diagnosis of HFpEF (case) or noncardiac dyspnea (control) was ascertained by invasive hemodynamic exercise testing. Logistic regression was performed to evaluate the ability of clinical findings to discriminate cases from controls. A scoring system was developed and then validated in a separate test cohort. Results: The derivation cohort included 414 consecutive patients (267 cases with HFpEF and 147 controls; HFpEF prevalence, 64%). The test cohort included 100 consecutive patients (61 with HFpEF; prevalence, 61%). Obesity, atrial fibrillation, age &gt;60 years, treatment with ≥2 antihypertensives, echocardiographic E/e’ ratio &gt;9, and echocardiographic pulmonary artery systolic pressure &gt;35 mm Hg were selected as the final set of predictive variables. A weighted score based on these 6 variables was used to create a composite score (H 2 FPEF score) ranging from 0 to 9. The odds of HFpEF doubled for each 1-unit score increase (odds ratio, 1.98; 95% CI, 1.74–2.30; P &lt;0.0001), with an area under the curve of 0.841 ( P &lt;0.0001). The H 2 FPEF score was superior to a currently used algorithm based on expert consensus (increase in area under the curve of 0.169; 95% CI, 0.120–0.217; P &lt;0.0001). Performance in the independent test cohort was maintained (area under the curve, 0.886; P &lt;0.0001). Conclusions: The H 2 FPEF score, which relies on simple clinical characteristics and echocardiography, enables discrimination of HFpEF from noncardiac causes of dyspnea and can assist in determination of the need for further diagnostic testing in the evaluation of patients with unexplained exertional dyspnea.",2018,heart failure,cardiology,True,,,Circulation,circulation,False,openalex,Yogesh N.V. Reddy; Rickey E. Carter; Masaru Obokata; Margaret M. Redfield; Barry A. Borlaug,https://doi.org/10.1161/circulationaha.118.034646,1207,,,,29792299,,,,,,,True,cited_by_count>=927 (top 10.0%); cited_by_count>=927 (top 10.0%),10.1161/circulationaha.118.034646,,,False,-0.021463849
https://openalex.org/W2570787279,10.1161/circresaha.116.308537,Pleiotropic Effects of Statins on the Cardiovascular System,"The statins have been used for 30 years to prevent coronary artery disease and stroke. Their primary mechanism of action is the lowering of serum cholesterol through inhibiting hepatic cholesterol biosynthesis thereby upregulating the hepatic low-density lipoprotein (LDL) receptors and increasing the clearance of LDL-cholesterol. Statins may exert cardiovascular protective effects that are independent of LDL-cholesterol lowering called pleiotropic effects. Because statins inhibit the production of isoprenoid intermediates in the cholesterol biosynthetic pathway, the post-translational prenylation of small GTP-binding proteins such as Rho and Rac, and their downstream effectors such as Rho kinase and nicotinamide adenine dinucleotide phosphate oxidases are also inhibited. In cell culture and animal studies, these effects alter the expression of endothelial nitric oxide synthase, the stability of atherosclerotic plaques, the production of proinflammatory cytokines and reactive oxygen species, the reactivity of platelets, and the development of cardiac hypertrophy and fibrosis. The relative contributions of statin pleiotropy to clinical outcomes, however, remain a matter of debate and are hard to quantify because the degree of isoprenoid inhibition by statins correlates to some extent with the amount of LDL-cholesterol reduction. This review examines some of the currently proposed molecular mechanisms for statin pleiotropy and discusses whether they could have any clinical relevance in cardiovascular disease.",2017,cardiovascular,cardiology,False,,,Circulation Research,circulation research,False,openalex,Adam Oesterle; Ulrich Laufs; James K. Liao,,1199,,,,28057795,,,,,,,True,cited_by_count>=927 (top 10.0%); cited_by_count>=927 (top 10.0%),10.1161/circresaha.116.308537,,,False,0.056574143
https://openalex.org/W1986019364,10.1056/nejmoa1406656,Demographic and Epidemiologic Drivers of Global Cardiovascular Mortality,"BACKGROUND: Global deaths from cardiovascular disease are increasing as a result of population growth, the aging of populations, and epidemiologic changes in disease. Disentangling the effects of these three drivers on trends in mortality is important for planning the future of the health care system and benchmarking progress toward the reduction of cardiovascular disease. METHODS: We used mortality data from the Global Burden of Disease Study 2013, which includes data on 188 countries grouped into 21 world regions. We developed three counterfactual scenarios to represent the principal drivers of change in cardiovascular deaths (population growth alone, population growth and aging, and epidemiologic changes in disease) from 1990 to 2013. Secular trends and correlations with changes in national income were examined. RESULTS: Global deaths from cardiovascular disease increased by 41% between 1990 and 2013 despite a 39% decrease in age-specific death rates; this increase was driven by a 55% increase in mortality due to the aging of populations and a 25% increase due to population growth. The relative contributions of these drivers varied by region; only in Central Europe and Western Europe did the annual number of deaths from cardiovascular disease actually decline. Change in gross domestic product per capita was correlated with change in age-specific death rates only among upper-middle income countries, and this correlation was weak; there was no significant correlation elsewhere. CONCLUSIONS: The aging and growth of the population resulted in an increase in global cardiovascular deaths between 1990 and 2013, despite a decrease in age-specific death rates in most regions. Only Central and Western Europe had gains in cardiovascular health that were sufficient to offset these demographic forces. (Funded by the Bill and Melinda Gates Foundation and others.).",2015,cardiovascular,cardiology,True,,,New England Journal of Medicine,new england journal of medicine,False,openalex,Gregory A. Roth; Mohammad H. Forouzanfar; Andrew Moran; Ryan M Barber; Grant Nguyen; Valery L. Feigin; Mohsen Naghavi; George A. Mensah; Christopher J L Murray,https://doi.org/10.1056/nejmoa1406656,1197,,,,25830423,,,,,,,True,cited_by_count>=927 (top 10.0%); cited_by_count>=927 (top 10.0%),10.1056/nejmoa1406656,,,False,0.11623239
https://openalex.org/W2267003776,10.1161/cir.0000000000000351,Acute Myocardial Infarction in Women,"Cardiovascular disease is the leading cause of mortality in American women. Since 1984, the annual cardiovascular disease mortality rate has remained greater for women than men; however, over the last decade, there have been marked reductions in cardiovascular disease mortality in women. The dramatic decline in mortality rates for women is attributed partly to an increase in awareness, a greater focus on women and cardiovascular disease risk, and the increased application of evidence-based treatments for established coronary heart disease. This is the first scientific statement from the American Heart Association on acute myocardial infarction in women. Sex-specific differences exist in the presentation, pathophysiological mechanisms, and outcomes in patients with acute myocardial infarction. This statement provides a comprehensive review of the current evidence of the clinical presentation, pathophysiology, treatment, and outcomes of women with acute myocardial infarction.",2016,myocardial infarction,cardiology,True,,,Circulation,circulation,False,openalex,Laxmi S. Mehta; Theresa M. Beckie; Holli A. DeVon; Cindy L. Grines; Harlan M. Krumholz; Michelle N. Johnson; Kathryn J. Lindley; Viola Vaccarino; Tracy Y. Wang; Karol E. Watson; Nanette K. Wenger,https://doi.org/10.1161/cir.0000000000000351,1191,,,,26811316,,,,,,,True,cited_by_count>=927 (top 10.0%); cited_by_count>=927 (top 10.0%),10.1161/cir.0000000000000351,,,False,0.00091366656
https://openalex.org/W2901191795,10.1016/s1470-2045(18)30608-9,"Cardiovascular toxicities associated with immune checkpoint inhibitors: an observational, retrospective, pharmacovigilance study",,2018,cardiovascular,cardiology,False,,,The Lancet Oncology,the lancet oncology,False,openalex,Joe‐Elie Salem; Ali Manouchehri; Melissa Moey; Bénédicte Lebrun‐Vignes; Lisa Bastarache; Alexandre Pariente; Aurélien Gobert; Jean‐Philippe Spano; Justin M. Balko; Marc P. Bonaca; Dan M. Roden; Douglas B. Johnson; Javid J. Moslehi,,1190,,,,30442497,,,,,,,True,cited_by_count>=927 (top 10.0%); cited_by_count>=927 (top 10.0%),10.1016/s1470-2045(18)30608-9,,,False,-0.059976634
https://openalex.org/W4241261201,10.1093/europace/eux274,2017 HRS/EHRA/ECAS/APHRS/SOLAECE expert consensus statement on catheter and surgical ablation of atrial fibrillation,"Catheter ablation of AF is a very commonly performed procedure in hospitals throughout the world. Surgical ablation of AF, although less widely available than catheter-based AF ablation, is also an important therapeutic option for patients with AF at many major medical centers. This document provides an up-to-date review of the indications, techniques, and outcomes of catheter and surgical ablation of AF. Areas for which a consensus can be reached concerning AF ablation are identified, and a series of consensus definitions have been developed for use in future clinical trials of AF ablation. Also included within this document are recommendations concerning indications for AF ablation, technical performance of this procedure, and training. It is our hope to improve patient care by providing a foundation for those involved with care of patients with AF as well as those who perform AF ablation. It is recognized that this field continues to evolve rapidly and that this document will need to be updated. Successful AF ablation programs optimally should consist of a cooperative team of cardiologists, electrophysiologists, and surgeons to ensure appropriate indications, procedure selection, and follow-up.",2017,atrial fibrillation,cardiology,True,,,EP Europace,ep europace,False,openalex,Hugh Calkins; Gerhard Hindricks; Riccardo Cappato; Young‐Hoon Kim; Eduardo Saad; Luis Aguinaga; Joseph G. Akar; Vinay Badhwar; Josép Brugada; A. John Camm; Peng‐Sheng Chen; Shih‐Ann Chen; Mina K. Chung; Jens Cosedis Nielsen; Anne B. Curtis; D. Wyn Davies; John Day; André d’Ávila; Natasja M.S. de Groot; Luigi Di Biase; Mattias Duytschaever; James R. Edgerton; Kenneth A. Ellenbogen; Patrick T. Ellinor; Sabine Ernst; Guilherme Fenelon; Edward P. Gerstenfeld; David E. Haines; Michel Haïssaguerre; Robert Helm; Elaine M. Hylek; Warren M. Jackman; José Jalife; Jonathan M. Kalman; Josef Kautzner; Hans Kottkamp; Karl Heinz Kuck; Koichiro Kumagai; Richard Lee; Thorsten Lewalter; Bruce D. Lindsay; Laurent Macle; Moussa Mansour; Francis E. Marchlinski; Gregory F. Michaud; Hiroshi Nakagawa; Andrea Natale; Stanley Nattel; Ken Okumura; Douglas L. Packer; Evgeny Pokushalov; Matthew R. Reynolds; Prashanthan Sanders; Maurício Scanavacca; Richard J. Schilling; Claudio Tondo; Hsuan-Ming Tsao; Atul Verma; David J. Wilber; Teiichi Yamane; Document Reviewers:; Carina Blomström‐Lundqvist; Ângelo Amato Vincenzo de Paola; Peter M. Kistler; Gregory Y.H. Lip; Nicholas S. Peters; Cristiano Pisani; Antonio Raviele; Eduardo Saad; Kazuhiro Satomi; Martin K. Stiles; Stephan Willems,https://doi.org/10.1093/europace/eux274,1190,,,,,,,,,,,True,cited_by_count>=927 (top 10.0%); cited_by_count>=927 (top 10.0%),10.1093/europace/eux274,,,False,0.0055027106
https://openalex.org/W3092379111,10.1001/jamacardio.2020.4511,Association of SGLT2 Inhibitors With Cardiovascular and Kidney Outcomes in Patients With Type 2 Diabetes,"Importance: Sodium-glucose cotransporter 2 (SGLT2) inhibitors favorably affect cardiovascular (CV) and kidney outcomes; however, the consistency of outcomes across the class remains uncertain. Objective: To perform meta-analyses that assess the CV and kidney outcomes of all 4 available SGLT2 inhibitors in patients with type 2 diabetes. Data Sources: A systematic literature search was conducted in PubMed from January 1, 2015, to January 31, 2020. Study Selection: One hundred forty-five records were initially identified; 137 were excluded because of study design or topic of interest. As a result, a total of 6 randomized, placebo-controlled CV and kidney outcomes trials of SGLT2 inhibitors in patients with type 2 diabetes were identified, with contributory data from 9 publications. All analyses were conducted on the total patient population of these trials. Data Extraction and Synthesis: Standardized data search and abstraction were performed following the Preferred Reporting Items for Systematic Reviews and Meta-Analysis (PRISMA) Statement. Data were analyzed using a fixed-effect model. Main Outcomes and Measures: Outcomes included time to the first event of (1) the composite of major adverse CV events of myocardial infarction, stroke, or CV death, and each component, (2) the composite of hospitalization for heart failure (HHF) or CV death (HHF/CV death) and each component, and (3) kidney composite outcomes. For outcomes in the overall trial populations and in selected subgroups, hazard ratios (HRs) and 95% CIs were pooled and meta-analyzed across trials. Results: Data from 6 trials comprised 46 969 unique patients with type 2 diabetes, including 31 116 (66.2%) with atherosclerotic CV disease. The mean (SD) age of all trial participants was 63.7 (7.9) years; 30 939 (65.9%) were men, and 36 849 (78.5%) were White. The median number of participants per trial was 8246 (range, 4401-17 160). Overall, SGLT2 inhibitors were associated with a reduced risk of major adverse CV events (HR, 0.90; 95% CI, 0.85-0.95; Q statistic, P = .27), HHF/CV death (HR, 0.78; 95% CI, 0.73-0.84; Q statistic, P = .09), and kidney outcomes (HR, 0.62; 95% CI, 0.56-0.70; Q statistic, P = .09), with no significant heterogeneity of associations with outcome. Associated risk reduction for HHF was consistent across the trials (HR, 0.68; 95% CI, 0.61-0.76; I2 = 0.0%), whereas significant heterogeneity of associations with outcome was observed for CV death (HR, 0.85; 95% CI, 0.78-0.93; Q statistic, P = .02; I2 = 64.3%). The presence or absence of atherosclerotic CV disease did not modify the association with outcomes for major adverse CV events (HR, 0.89; 95% CI, 0.84-0.95 and HR, 0.94; 95% CI, 0.83-1.07, respectively; P = .63 for interaction), with similar absence of associations with outcome modification by prevalent atherosclerotic CV disease for HHF/CV death (P = .62 for interaction), HHF (P = .26 for interaction), or kidney outcomes (P = .73 for interaction). Conclusions and Relevance: In this meta-analysis, SGLT2 inhibitors were associated with a reduced risk of major adverse CV events; in addition, results suggest significant heterogeneity in associations with CV death. The largest benefit across the class was for an associated reduction in risk for HHF and kidney outcomes, with benefits for HHF risk being the most consistent observation across the trials.",2020,cardiovascular,cardiology,True,,,JAMA Cardiology,jama cardiology,False,openalex,Darren K. McGuire; Weichung Shih; Francesco Cosentino; B Charbonnel; David Z.I. Cherney; Samuel Dagogo‐Jack; Richard E. Pratley; Michelle Greenberg; Shuai Wang; Susan Huyck; Ira Gantz; Steven G. Terra; Urszula Masiukiewicz; Christopher P. Cannon,https://doi.org/10.1001/jamacardio.2020.4511,1188,,,,33031522,,,,,,,True,cited_by_count>=927 (top 10.0%); cited_by_count>=927 (top 10.0%),10.1001/jamacardio.2020.4511,,,False,0.061777197
https://openalex.org/W2595016203,10.1136/gutjnl-2017-313884,Non-alcoholic fatty liver disease and its relationship with cardiovascular disease and other extrahepatic diseases,"' initiated in part by liver-secreted cytokines and molecules. Consequently, the pathophysiological effects of NAFLD extend beyond the liver with a large body of clinical evidence demonstrating NAFLD to be independently associated with both prevalent and incident cardiovascular disease (CVD), chronic kidney disease (CKD) and type 2 diabetes mellitus (T2DM). The magnitude of risk of developing these extrahepatic diseases parallels the underlying severity of NAFLD, such that patients with non-alcoholic steatohepatitis (NASH) appear to be at greater risk of incident CVD, CKD and T2DM than those with simple steatosis. Other modifiers of risk may include genetic variants (eg, patatin-like phospholipase domain-containing 3 and trans-membrane 6 superfamily member 2 polymorphisms), visceral adipose tissue accumulation, dietary intake and the gut microbiome. Emerging data also suggest that NAFLD may be a risk factor for colonic neoplasia and reduced bone mineral density, especially among men. Importantly, improvement/resolution of NAFLD is associated with a reduced incidence of T2DM and improved kidney function, adding weight to causality and suggesting liver focused treatments may reduce risk of extrahepatic complications. Awareness of these associations is important for the clinicians such that CVD risk factor management, screening for T2DM and CKD are part of the routine management of patients with NAFLD.",2017,cardiovascular,cardiology,True,,,Gut,gut,False,openalex,Leon A. Adams; Quentin M. Anstee; Herbert Tilg; Giovanni Targher,https://doi.org/10.1136/gutjnl-2017-313884,1187,,,,28314735,,,,,,,True,cited_by_count>=927 (top 10.0%); cited_by_count>=927 (top 10.0%),10.1136/gutjnl-2017-313884,,,False,0.06374648
https://openalex.org/W2126116248,10.1002/ejhf.424,Current State of knowledge on Takotsubo Syndrome: A Position Statement from the Taskforce on Takotsubo Syndrome of the Heart Failure Association of the European Society of Cardiology,"Takotsubo syndrome is an acute reversible heart failure syndrome that is increasingly recognized in modern cardiology practice. This Position Statement from the European Society of Cardiology Heart Failure Association provides a comprehensive review of the various clinical and pathophysiological facets of Takotsubo syndrome, including nomenclature, definition, and diagnosis, primary and secondary clinical subtypes, anatomical variants, triggers, epidemiology, pathophysiology, clinical presentation, complications, prognosis, clinical investigations, and treatment approaches. Novel structured approaches to diagnosis, risk stratification, and management are presented, with new algorithms to aid decision-making by practising clinicians. These also cover more complex areas (e.g. uncertain diagnosis and delayed presentation) and the management of complex cases with ongoing symptoms after recovery, recurrent episodes, or spontaneous presentation. The unmet needs and future directions for research in this syndrome are also discussed.",2015,cardiology,cardiology,True,,,European Journal of Heart Failure,european journal of heart failure,False,openalex,Alexander R. Lyon; Eduardo Bossone; Birke Schneider; Udo Sechtem; Rodolfo Citro; S. Richard Underwood; Mary N. Sheppard; Gemma A. Figtree; Guido Parodi; Yoshihiro J. Akashi; Frank Ruschitzka; Gerasimos Filippatos; Alexandre Mebazaa; Elmir Ömerovic,https://doi.org/10.1002/ejhf.424,1181,,,,26548803,,,,,,,True,cited_by_count>=927 (top 10.0%); cited_by_count>=927 (top 10.0%),10.1002/ejhf.424,,,False,0.06923856
https://openalex.org/W2785715721,10.1056/nejmoa1702090,Acute Myocardial Infarction after Laboratory-Confirmed Influenza Infection,"BACKGROUND: Acute myocardial infarction can be triggered by acute respiratory infections. Previous studies have suggested an association between influenza and acute myocardial infarction, but those studies used nonspecific measures of influenza infection or study designs that were susceptible to bias. We evaluated the association between laboratory-confirmed influenza infection and acute myocardial infarction. METHODS: We used the self-controlled case-series design to evaluate the association between laboratory-confirmed influenza infection and hospitalization for acute myocardial infarction. We used various high-specificity laboratory methods to confirm influenza infection in respiratory specimens, and we ascertained hospitalization for acute myocardial infarction from administrative data. We defined the ""risk interval"" as the first 7 days after respiratory specimen collection and the ""control interval"" as 1 year before and 1 year after the risk interval. RESULTS: We identified 364 hospitalizations for acute myocardial infarction that occurred within 1 year before and 1 year after a positive test result for influenza. Of these, 20 (20.0 admissions per week) occurred during the risk interval and 344 (3.3 admissions per week) occurred during the control interval. The incidence ratio of an admission for acute myocardial infarction during the risk interval as compared with the control interval was 6.05 (95% confidence interval [CI], 3.86 to 9.50). No increased incidence was observed after day 7. Incidence ratios for acute myocardial infarction within 7 days after detection of influenza B, influenza A, respiratory syncytial virus, and other viruses were 10.11 (95% CI, 4.37 to 23.38), 5.17 (95% CI, 3.02 to 8.84), 3.51 (95% CI, 1.11 to 11.12), and 2.77 (95% CI, 1.23 to 6.24), respectively. CONCLUSIONS: We found a significant association between respiratory infections, especially influenza, and acute myocardial infarction. (Funded by the Canadian Institutes of Health Research and others.).",2018,myocardial infarction,cardiology,False,,,New England Journal of Medicine,new england journal of medicine,False,openalex,Jeffrey C. Kwong; Kevin L. Schwartz; Michael A. Campitelli; Hannah Chung; Natasha S. Crowcroft; Timothy Karnauchow; Kevin Katz; Dennis T. Ko; Allison McGeer; Dayre McNally; David Richardson; Laura C. Rosella; Andrew E. Simor; Marek Smieja; George Zahariadis; Jonathan B. Gubbay,,1177,,,,29365305,,,,,,,True,cited_by_count>=927 (top 10.0%); cited_by_count>=927 (top 10.0%),10.1056/nejmoa1702090,,,False,0.07504935
https://openalex.org/W2485118186,10.1016/j.cjca.2016.07.510,2016 Canadian Cardiovascular Society Guidelines for the Management of Dyslipidemia for the Prevention of Cardiovascular Disease in the Adult,,2016,cardiovascular,cardiology,False,,,Canadian Journal of Cardiology,canadian journal of cardiology,False,openalex,Todd J. Anderson; Jean Grégoire; Glen J. Pearson; Arden R. Barry; Patrick Couture; Martin Dawes; Gordon A. Francis; Jacques Genest; Steven A. Grover; Milan Gupta; Robert A. Hegele; David C.W. Lau; Lawrence A. Leiter; Eva Lonn; G.B. John Mancini; Ruth McPherson; Daniel Ngui; Paul Poirier; John L. Sievenpiper; James A. Stone; George Thanassoulis; Richard Ward,,1177,,,,27712954,,,,,,,True,cited_by_count>=927 (top 10.0%); cited_by_count>=927 (top 10.0%),10.1016/j.cjca.2016.07.510,,,False,0.05561619
https://openalex.org/W3012802901,10.1186/s12968-020-00607-1,Standardized cardiovascular magnetic resonance imaging (CMR) protocols: 2020 update,"This document is an update to the 2013 publication of the Society for Cardiovascular Magnetic Resonance (SCMR) Board of Trustees Task Force on Standardized Protocols. Concurrent with this publication, 3 additional task forces will publish documents that should be referred to in conjunction with the present document. The first is a document on the Clinical Indications for CMR, an update of the 2004 document. The second task force will be updating the document on Reporting published by that SCMR Task Force in 2010. The 3rd task force will be updating the 2013 document on Post-Processing. All protocols relative to congenital heart disease are covered in a separate document.The section on general principles and techniques has been expanded as more of the techniques common to CMR have been standardized. A section on imaging in patients with devices has been added as this is increasingly seen in day-to-day clinical practice. The authors hope that this document continues to standardize and simplify the patient-based approach to clinical CMR. It will be updated at regular intervals as the field of CMR advances.",2020,cardiovascular,cardiology,True,,,Journal of Cardiovascular Magnetic Resonance,journal of cardiovascular magnetic resonance,True,openalex,Christopher M. Kramer; Jörg Barkhausen; Chiara Bucciarelli‐Ducci; Scott D. Flamm; Raymond J. Kim; Eike Nagel,https://doi.org/10.1186/s12968-020-00607-1,1175,,,,32089132,,,,,,,True,cited_by_count>=927 (top 10.0%); cited_by_count>=927 (top 10.0%),10.1186/s12968-020-00607-1,,,False,0.11535901
https://openalex.org/W2984766121,10.1016/j.jacc.2019.03.009,2019 ACC/AHA Guideline on the Primary Prevention of Cardiovascular Disease: Executive Summary,,2019,cardiovascular,cardiology,False,,,Journal of the American College of Cardiology,journal of the american college of cardiology,False,openalex,Donna K. Arnett; Roger S. Blumenthal; Michelle A. Albert; Andrew B. Buroker; Zachary D. Goldberger; Ellen J. Hahn; Cheryl Dennison Himmelfarb; Amit Khera; Donald M. Lloyd‐Jones; John W. McEvoy; Erin D. Michos; Michael D. Miedema; Daniel Muñoz; Sidney C. Smith; Salim S. Virani; Kim A. Williams; Joseph Yeboah; Boback Ziaeian,,1171,,,,,,,,,,,True,cited_by_count>=927 (top 10.0%); cited_by_count>=927 (top 10.0%),10.1016/j.jacc.2019.03.009,,,False,0.1123497
https://openalex.org/W2921724943,10.1056/nejmoa1817083,Antithrombotic Therapy after Acute Coronary Syndrome or PCI in Atrial Fibrillation,"BACKGROUND: Appropriate antithrombotic regimens for patients with atrial fibrillation who have an acute coronary syndrome or have undergone percutaneous coronary intervention (PCI) are unclear. METHODS: inhibitor to receive apixaban or a vitamin K antagonist and to receive aspirin or matching placebo for 6 months. The primary outcome was major or clinically relevant nonmajor bleeding. Secondary outcomes included death or hospitalization and a composite of ischemic events. RESULTS: Enrollment included 4614 patients from 33 countries. There were no significant interactions between the two randomization factors on the primary or secondary outcomes. Major or clinically relevant nonmajor bleeding was noted in 10.5% of the patients receiving apixaban, as compared with 14.7% of those receiving a vitamin K antagonist (hazard ratio, 0.69; 95% confidence interval [CI], 0.58 to 0.81; P<0.001 for both noninferiority and superiority), and in 16.1% of the patients receiving aspirin, as compared with 9.0% of those receiving placebo (hazard ratio, 1.89; 95% CI, 1.59 to 2.24; P<0.001). Patients in the apixaban group had a lower incidence of death or hospitalization than those in the vitamin K antagonist group (23.5% vs. 27.4%; hazard ratio, 0.83; 95% CI, 0.74 to 0.93; P = 0.002) and a similar incidence of ischemic events. Patients in the aspirin group had an incidence of death or hospitalization and of ischemic events that was similar to that in the placebo group. CONCLUSIONS: inhibitor, an antithrombotic regimen that included apixaban, without aspirin, resulted in less bleeding and fewer hospitalizations without significant differences in the incidence of ischemic events than regimens that included a vitamin K antagonist, aspirin, or both. (Funded by Bristol-Myers Squibb and Pfizer; AUGUSTUS ClinicalTrials.gov number, NCT02415400.).",2019,atrial fibrillation,cardiology,True,,,New England Journal of Medicine,new england journal of medicine,False,openalex,Renato D. Lópes; Gretchen Heizer; Ronald Aronson; Amit N. Vora; Tyler Massaro; Roxana Mehran; Shaun G. Goodman; Stephan Windecker; Harald Darius; Jia Li; О. В. Аверков; M. Cecilia Bahit; Otávio Berwanger; Andrzej Budaj; Ziad Hijazi; Alexander Parkhomenko; Peter Sinnaeve; Robert F. Storey; Hölger Thiele; Dragoş Vinereanu; Christopher B. Granger; John H. Alexander,https://doi.org/10.1056/nejmoa1817083,1169,,,,30883055,,,,,,,True,cited_by_count>=927 (top 10.0%); cited_by_count>=927 (top 10.0%),10.1056/nejmoa1817083,,,False,0.009107441
https://openalex.org/W2766152280,10.1056/nejmoa1710261,PCI Strategies in Patients with Acute Myocardial Infarction and Cardiogenic Shock,"BACKGROUND: In patients who have acute myocardial infarction with cardiogenic shock, early revascularization of the culprit artery by means of percutaneous coronary intervention (PCI) improves outcomes. However, the majority of patients with cardiogenic shock have multivessel disease, and whether PCI should be performed immediately for stenoses in nonculprit arteries is controversial. METHODS: In this multicenter trial, we randomly assigned 706 patients who had multivessel disease, acute myocardial infarction, and cardiogenic shock to one of two initial revascularization strategies: either PCI of the culprit lesion only, with the option of staged revascularization of nonculprit lesions, or immediate multivessel PCI. The primary end point was a composite of death or severe renal failure leading to renal-replacement therapy within 30 days after randomization. Safety end points included bleeding and stroke. RESULTS: At 30 days, the composite primary end point of death or renal-replacement therapy had occurred in 158 of the 344 patients (45.9%) in the culprit-lesion-only PCI group and in 189 of the 341 patients (55.4%) in the multivessel PCI group (relative risk, 0.83; 95% confidence interval [CI], 0.71 to 0.96; P=0.01). The relative risk of death in the culprit-lesion-only PCI group as compared with the multivessel PCI group was 0.84 (95% CI, 0.72 to 0.98; P=0.03), and the relative risk of renal-replacement therapy was 0.71 (95% CI, 0.49 to 1.03; P=0.07). The time to hemodynamic stabilization, the risk of catecholamine therapy and the duration of such therapy, the levels of troponin T and creatine kinase, and the rates of bleeding and stroke did not differ significantly between the two groups. CONCLUSIONS: Among patients who had multivessel coronary artery disease and acute myocardial infarction with cardiogenic shock, the 30-day risk of a composite of death or severe renal failure leading to renal-replacement therapy was lower among those who initially underwent PCI of the culprit lesion only than among those who underwent immediate multivessel PCI. (Funded by the European Union 7th Framework Program and others; CULPRIT-SHOCK ClinicalTrials.gov number, NCT01927549 .).",2017,myocardial infarction,cardiology,True,,,New England Journal of Medicine,new england journal of medicine,False,openalex,Holger Thiele; İbrahim Akın; Marcus Sandri; Georg Fuernau; Suzanne de Waha; Roza Meyer‐Saraei; Peter Nordbeck; Tobias Geisler; Ulf Landmesser; Carsten Skurk; Andreas Fach; Harald Lapp; Jan J. Piek; Marko Noč; Tomaž Goslar; Stephan B. Felix; Lars S. Maier; Janina Stępińska; Keith G. Oldroyd; Pranas Šerpytis; Gilles Montalescot; Olivier Barthélémy; Kurt Huber; Stephan Windecker; Stefano Savonitto; Patrizia Torremante; Christiaan Vrints; Steffen Schneider; Steffen Desch; Uwe Zeymer,https://doi.org/10.1056/nejmoa1710261,1167,,,,29083953,,,,,,,True,cited_by_count>=927 (top 10.0%); cited_by_count>=927 (top 10.0%),10.1056/nejmoa1710261,,,False,-0.036128413
https://openalex.org/W2773478070,10.1038/nrcardio.2017.189,Effects of stress on the development and progression of cardiovascular disease,,2017,cardiovascular,cardiology,False,,,Nature Reviews Cardiology,nature reviews cardiology,False,openalex,Mika Kivimäki; Andrew Steptoe,,1166,,,,29213140,,,,,,,True,cited_by_count>=927 (top 10.0%); cited_by_count>=927 (top 10.0%),10.1038/nrcardio.2017.189,,,False,0.01906157
https://openalex.org/W3003658181,10.1093/eurheartj/ehz467,2019 ESC Guidelines for the management of patients with supraventricular tachycardiaThe Task Force for the management of patients with supraventricular tachycardia of the European Society of Cardiology (ESC),"E' una ""linea-guida"" non esiste abstract.",2019,cardiology,cardiology,True,,,European Heart Journal,european heart journal,False,openalex,Josép Brugada; Demosthenes G. Katritsis; Elena Arbelo; Fernando Arribas; Jeroen J. Bax; Carina Blomström‐Lundqvist; Hugh Calkins; Domenico Corrado; Spyridon Deftereos; Gerhard‐Paul Diller; Juan José Gómez‐Doblas; Bülent Görenek; Andrew A. Grace; Siew Yen Ho; Juan‐Carlos Kaski; Karl‐Heinz Kück; Pier D. Lambiase; Frédéric Sacher; Georgia Sarquella‐Brugada; Piotr Suwalski; Antonio Zaza; ESC Scientific Document Group; Tom De Potter; Christian Sticherling; Victor Aboyans; Cristina Basso; Mario Bocchiardo; Werner Budts; Victoria Delgado; Dobromir Dobrev; Donna Fitzsimons; Sofie Gevaert; Hein Heidbüchel; Gerhard Hindricks; Peter Hlivak; Prapa Kanagaratnam; Hugo A. Katus; Josef Kautzner; Thomas Kriebel; Patrizio Lancellotti; Ulf Landmesser; Christophe Leclercq; Basil S. Lewis; Yury Lopatin; Béla Merkely; Thomas Paul; Nikola Pavlović; Steffen E. Petersen; Anna Sonia Petronio; Tatjana Potpara; Marco Roffi; Daniel Scherr; Evgeny Shlyakhto; Iain A. Simpson; Katja Zeppenfeld; Elena Arbelo; Fernando Arribas; Jeroen J. Bax; Carina Blomström‐Lundqvist; Hugh Calkins; Spyridon Deftereos; Gerhard-Paul Diller; Juan José Gómez‐Doblas; Bulent Gorenek; Andrew A. Grace; Siew Yen Ho; Juan‐Carlos Kaski; Karl‐Heinz Kück; Pier D. Lambiase; Frédéric Sacher; Georgia Sarquella‐Brugada; Piotr Suwalski; Antonio Zaza; Stephan Windecker; Victor Aboyans; Colin Baigent; Jean‐Philippe Collet; Verónica Dean; Victoria Delgado; Donna Fitzsimons; Chris P Gale; Diederick E. Grobbee; Sigrun Halvorsen; Gerhard Hindricks; Bernard Iung; Peter Jüni; Hugo A. Katus; Ulf Landmesser; Christophe Leclercq; Maddalena Lettino; Basil S. Lewis; Béla Merkely; Christian Mueller; Steffen E. Petersen; Anna Sonia Petronio; Dimitrios Richter; Marco Roffi; Evgeny Shlyakhto; Iain A. Simpson; Miguel Sousa‐Uva,https://orbi.uliege.be/handle/2268/255317,1165,,,,,,,,,,,True,cited_by_count>=927 (top 10.0%); cited_by_count>=927 (top 10.0%),10.1093/eurheartj/ehz467,,,False,0.09751779
https://openalex.org/W2756014510,10.1016/j.hrthm.2017.09.001,2017 HRS expert consensus statement on cardiovascular implantable electronic device lead management and extraction,,2017,cardiovascular,cardiology,False,,,Heart Rhythm,heart rhythm,False,openalex,Fred Kusumoto; Mark H. Schoenfeld; Bruce L. Wilkoff; Charles I. Berul; Ulrika Birgersdotter‐Green; Roger G. Carrillo; Yong‐Mei Cha; Jude Clancy; Jean‐Claude Deharo; Kenneth A. Ellenbogen; Derek V. Exner; Ayman A. Hussein; Charles Kennergren; Andrew D. Krahn; Richard Lee; Charles J. Love; Ruth A. Madden; Héctor Mazzetti; JoEllyn Carol Moore; Jeffrey Parsonnet; Kristen K. Patton; Marc A. Rozner; Kimberly A. Selzman; Morio Shoda; Komandoor Srivathsan; Neil Strathmore; Charles D. Swerdlow; Christine Tompkins; Oussama M. Wazni,,1161,,,,28919379,,,,,,,True,cited_by_count>=927 (top 10.0%); cited_by_count>=927 (top 10.0%),10.1016/j.hrthm.2017.09.001,,,False,0.023952741
https://openalex.org/W2971515944,10.1016/s2214-109x(19)30318-3,World Health Organization cardiovascular disease risk charts: revised models to estimate risk in 21 global regions,"BACKGROUND: To help adapt cardiovascular disease risk prediction approaches to low-income and middle-income countries, WHO has convened an effort to develop, evaluate, and illustrate revised risk models. Here, we report the derivation, validation, and illustration of the revised WHO cardiovascular disease risk prediction charts that have been adapted to the circumstances of 21 global regions. METHODS: In this model revision initiative, we derived 10-year risk prediction models for fatal and non-fatal cardiovascular disease (ie, myocardial infarction and stroke) using individual participant data from the Emerging Risk Factors Collaboration. Models included information on age, smoking status, systolic blood pressure, history of diabetes, and total cholesterol. For derivation, we included participants aged 40-80 years without a known baseline history of cardiovascular disease, who were followed up until the first myocardial infarction, fatal coronary heart disease, or stroke event. We recalibrated models using age-specific and sex-specific incidences and risk factor values available from 21 global regions. For external validation, we analysed individual participant data from studies distinct from those used in model derivation. We illustrated models by analysing data on a further 123 743 individuals from surveys in 79 countries collected with the WHO STEPwise Approach to Surveillance. FINDINGS: Our risk model derivation involved 376 177 individuals from 85 cohorts, and 19 333 incident cardiovascular events recorded during 10 years of follow-up. The derived risk prediction models discriminated well in external validation cohorts (19 cohorts, 1 096 061 individuals, 25 950 cardiovascular disease events), with Harrell's C indices ranging from 0·685 (95% CI 0·629-0·741) to 0·833 (0·783-0·882). For a given risk factor profile, we found substantial variation across global regions in the estimated 10-year predicted risk. For example, estimated cardiovascular disease risk for a 60-year-old male smoker without diabetes and with systolic blood pressure of 140 mm Hg and total cholesterol of 5 mmol/L ranged from 11% in Andean Latin America to 30% in central Asia. When applied to data from 79 countries (mostly low-income and middle-income countries), the proportion of individuals aged 40-64 years estimated to be at greater than 20% risk ranged from less than 1% in Uganda to more than 16% in Egypt. INTERPRETATION: We have derived, calibrated, and validated new WHO risk prediction models to estimate cardiovascular disease risk in 21 Global Burden of Disease regions. The widespread use of these models could enhance the accuracy, practicability, and sustainability of efforts to reduce the burden of cardiovascular disease worldwide. FUNDING: World Health Organization, British Heart Foundation (BHF), BHF Cambridge Centre for Research Excellence, UK Medical Research Council, and National Institute for Health Research.",2019,cardiovascular,cardiology,True,,,The Lancet Global Health,the lancet global health,True,openalex,Stephen Kaptoge; Lisa Pennells; Dirk De Bacquer; Marie Therese Cooney; Maryam Kavousi; Gretchen A Stevens; Leanne M Riley; Stefan Savin; Taskeen Khan; Servet Altay; Philippe Amouyel; Gerd Assmann; Steven Bell; Yoav Ben‐Shlomo; Lisa Berkman; Joline W. J. Beulens; Cecilia Björkelund; Michael J. Blaha; Dan G. Blazer; Thomas Bolton; R. Beaglehole; Hermann Brenner; Eric J. Brunner; Edoardo Casiglia; Parinya Chamnan; Yeun-Hyang Choi; Rajiv Chowdry; Sean Coady; Carlos J. Crespo; Mary Cushman; Gilles R. Dagenais; Ralph B. D’Agostino; Makoto Daimon; Karina W. Davidson; Gunnar Engström; Ian Ford; John Gallacher; Ron T. Gansevoort; Thomas A. Gaziano; Simona Giampaoli; Greg Grandits; Sameline Grimsgaard; Diederick E. Grobbee; Vilmundur Guðnason; Qi Guo; Hanna Tolonen; Steve E. Humphries; Hiroyasu Iso; J. Wouter Jukema; Jussi Kauhanen; André Pascal Kengne; Davood Khalili; Wolfgang Köenig; Daan Kromhout; Harlan M. Krumholz; TH Lam; Gail A. Laughlin; Alejandro Marín Ibañez; Tom Meade; Karel G.M. Moons; Paul J. Nietert; Toshiharu Ninomiya; Børge G. Nordestgaard; Christopher J. O’Donnell; Luigi Palmieri; Anushka Patel; Pablo Perel; Jackie F. Price; Rui Providência; Paul M. Ridker; Beatriz L. Rodríguez; Annika Rosengren; Ronan Roussel; Masaru Sakurai; Veikko Salomaa; Shinichi Sato; Ben Schöttker; Nawar Shara; Jonathan E Shaw; Hee-Choon Shin; Leon A. Simons; Eleni Sofianopoulou; Johan Sundström; Henry Völzke; Robert B. Wallace; Nicholas J. Wareham; Peter Willeit; David Wood; Angela Wood; Dong Zhao; Mark Woodward; Goodarz Danaei; Gregory A. Roth; Shanthi Mendis; Oyere Onuma; Cherian Varghese; Majid Ezzati; Ian Graham; Rod Jackson; John Danesh,https://doi.org/10.1016/s2214-109x(19)30318-3,1159,,,,31488387,,,,,,,True,cited_by_count>=927 (top 10.0%); cited_by_count>=927 (top 10.0%),10.1016/s2214-109x(19)30318-3,,,False,0.12134455
https://openalex.org/W1837600385,10.1056/nejmoa1501035,Perioperative Bridging Anticoagulation in Patients with Atrial Fibrillation,"BACKGROUND: It is uncertain whether bridging anticoagulation is necessary for patients with atrial fibrillation who need an interruption in warfarin treatment for an elective operation or other elective invasive procedure. We hypothesized that forgoing bridging anticoagulation would be noninferior to bridging with low-molecular-weight heparin for the prevention of perioperative arterial thromboembolism and would be superior to bridging with respect to major bleeding. METHODS: We performed a randomized, double-blind, placebo-controlled trial in which, after perioperative interruption of warfarin therapy, patients were randomly assigned to receive bridging anticoagulation therapy with low-molecular-weight heparin (100 IU of dalteparin per kilogram of body weight) or matching placebo administered subcutaneously twice daily, from 3 days before the procedure until 24 hours before the procedure and then for 5 to 10 days after the procedure. Warfarin treatment was stopped 5 days before the procedure and was resumed within 24 hours after the procedure. Follow-up of patients continued for 30 days after the procedure. The primary outcomes were arterial thromboembolism (stroke, systemic embolism, or transient ischemic attack) and major bleeding. RESULTS: In total, 1884 patients were enrolled, with 950 assigned to receive no bridging therapy and 934 assigned to receive bridging therapy. The incidence of arterial thromboembolism was 0.4% in the no-bridging group and 0.3% in the bridging group (risk difference, 0.1 percentage points; 95% confidence interval [CI], -0.6 to 0.8; P=0.01 for noninferiority). The incidence of major bleeding was 1.3% in the no-bridging group and 3.2% in the bridging group (relative risk, 0.41; 95% CI, 0.20 to 0.78; P=0.005 for superiority). CONCLUSIONS: In patients with atrial fibrillation who had warfarin treatment interrupted for an elective operation or other elective invasive procedure, forgoing bridging anticoagulation was noninferior to perioperative bridging with low-molecular-weight heparin for the prevention of arterial thromboembolism and decreased the risk of major bleeding. (Funded by the National Heart, Lung, and Blood Institute of the National Institutes of Health; BRIDGE ClinicalTrials.gov number, NCT00786474.).",2015,atrial fibrillation,cardiology,True,,,New England Journal of Medicine,new england journal of medicine,False,openalex,James D. Douketis; Alex C. Spyropoulos; Scott Kaatz; Richard C. Becker; Joseph A. Caprini; Andrew Dunn; David García; Alan K. Jacobson; Amir K. Jaffer; David F. Kong; Sam Schulman; Alexander G.G. Turpie; Vic Hasselblad; Thomas L. Ortel,https://doi.org/10.1056/nejmoa1501035,1158,,,,26095867,,,,,,,True,cited_by_count>=927 (top 10.0%); cited_by_count>=927 (top 10.0%),10.1056/nejmoa1501035,,,False,0.00399121
https://openalex.org/W2185762742,10.1161/cir.0000000000000261,Part 7: Adult Advanced Cardiovascular Life Support,,2015,cardiovascular,cardiology,True,,,Circulation,circulation,False,openalex,Mark S. Link; Lauren Berkow; Peter J. Kudenchuk; Henry R. Halperin; Erik P. Hess; Vivek K. Moitra; Robert W. Neumar; Brian J. O’Neil; James H. Paxton; Scott M. Silvers; Roger D. White; Demetris Yannopoulos; Michael W. Donnino,https://doi.org/10.1161/cir.0000000000000261,1149,,,,26472995,,,,,,,True,cited_by_count>=927 (top 10.0%); cited_by_count>=927 (top 10.0%),10.1161/cir.0000000000000261,,,False,0.08301203
https://openalex.org/W3024822200,10.1161/circulationaha.120.048360,Acute Heart Failure in Multisystem Inflammatory Syndrome in Children in the Context of Global SARS-CoV-2 Pandemic,"BACKGROUND: Cardiac injury and myocarditis have been described in adults with coronavirus disease 2019 (COVID-19). Severe acute respiratory syndrome coronavirus 2 (SARS-CoV-2) infection in children is typically minimally symptomatic. We report a series of febrile pediatric patients with acute heart failure potentially associated with SARS-CoV-2 infection and the multisystem inflammatory syndrome in children as defined by the US Centers for Disease Control and Prevention. METHODS: Over a 2-month period, contemporary with the SARS-CoV-2 pandemic in France and Switzerland, we retrospectively collected clinical, biological, therapeutic, and early outcomes data in children who were admitted to pediatric intensive care units in 14 centers for cardiogenic shock, left ventricular dysfunction, and severe inflammatory state. RESULTS: Thirty-five children were identified and included in the study. Median age at admission was 10 years (range, 2-16 years). Comorbidities were present in 28%, including asthma and overweight. Gastrointestinal symptoms were prominent. Left ventricular ejection fraction was <30% in one-third; 80% required inotropic support with 28% treated with extracorporeal membrane oxygenation. Inflammation markers were suggestive of cytokine storm (interleukin-6 median, 135 pg/mL) and macrophage activation (D-dimer median, 5284 ng/mL). Mean BNP (B-type natriuretic peptide) was elevated (5743 pg/mL). Thirty-one of 35 patients (88%) tested positive for SARS-CoV-2 infection by polymerase chain reaction of nasopharyngeal swab or serology. All patients received intravenous immunoglobulin, with adjunctive steroid therapy used in one-third. Left ventricular function was restored in the 25 of 35 of those discharged from the intensive care unit. No patient died, and all patients treated with extracorporeal membrane oxygenation were successfully weaned. CONCLUSIONS: Children may experience an acute cardiac decompensation caused by severe inflammatory state after SARS-CoV-2 infection (multisystem inflammatory syndrome in children). Treatment with immunoglobulin appears to be associated with recovery of left ventricular systolic function.",2020,heart failure,cardiology,False,,,Circulation,circulation,False,openalex,Zahra Belhadjer; Mathilde Méot; Fanny Bajolle; Diala Khraiche; Antoine Legendre; Samya Abakka; Johanne Auriau; Marion Grimaud; Mehdi Oualha; Maurice Beghetti; Julie Wacker; Caroline Ovaert; Sébastien Hascoët; Maëlle Sélégny; Sophie Malekzadeh‐Milani; Alice Maltret; Gilles Bosser; Nathan Giroux; Laurent Bonnemains; Jeanne Bordet; Sylvie Di Filippo; Pierre Mauran; Sylvie Falcon‐Eicher; J.-B. Thambo; Bruno Lefort; Pamela Moceri; Lucile Houyel; Sylvain Renolleau; Damien Bonnet,,1147,,,,32418446,,,,,,,True,cited_by_count>=927 (top 10.0%); cited_by_count>=927 (top 10.0%),10.1161/circulationaha.120.048360,,,False,-0.0018970957
https://openalex.org/W2163584170,10.1093/eurheartj/ehv338,Wild-type transthyretin amyloidosis as a cause of heart failure with preserved ejection fraction,"AIMS: Heart failure with preserved ejection fraction (HFpEF) is a heterogeneous clinical syndrome with multiple underlying causes. Wild-type transthyretin (TTR) amyloidosis (ATTRwt) is an underdiagnosed cause of HFpEF that might benefit from new specific treatments. ATTRwt can be diagnosed non-invasively by (99m)Tc-3,3-diphosphono-1,2-propanodicarboxylic acid ((99m)Tc-DPD) scintigraphy. We sought to determine the prevalence of ATTRwt among elderly patients admitted due to HFpEF. METHODS AND RESULTS: We prospectively screened all consecutive patients ≥60 years old admitted due to HFpEF [left ventricular (LV) ejection fraction ≥50%] with LV hypertrophy (≥12 mm). All eligible patients were offered a (99m)Tc-DPD scintigraphy. The study included 120 HFpEF patients (59% women, 82 ± 8 years). A total of 16 patients (13.3%; 95% confidence interval: 7.2-19.5) showed a moderate-to-severe uptake on the (99m)Tc-DPD scintigraphy. All patients with a positive scan underwent genetic testing of the TTR gene, and no mutations were found. An endomyocardial biopsy was performed in four patients, confirming ATTRwt in all cases. There were no differences in age, gender, hypertension, diabetes, coronary artery disease, or atrial fibrillation between ATTRwt patients and patients with other HFpEF forms. Although patients with ATTRwt exhibited higher median N-terminal pro-brain natriuretic peptide (6467 vs. 3173 pg/L; P = 0.019), median troponin I (0.135 vs. 0.025 µg/L; P < 0.001), mean LV maximal wall thickness (17 ± 3.4 vs. 14 ± 2.5 mm; P = 0.001), rate of pericardial effusion (44 vs. 19%; P = 0.047), and rate of pacemakers (44 vs. 12%; P = 0.004), clinical overlap between ATTRwt and other HFpEF forms was high. CONCLUSION: ATTRwt is an underdiagnosed disease that accounts for a significant number (13%) of HFpEF cases. The effect of emerging TTR-modifying drugs should be evaluated in these patients.",2015,heart failure,cardiology,True,,,European Heart Journal,european heart journal,False,openalex,Esther González-López; María Gallego‐Delgado; Gonzalo Guzzo-Merello; F. Javier de Haro-del Moral; Marta Cobo Marcos; Carolina Casado Robles; Belén Bornstein; Clara Salas; Enrique Lara‐Pezzi; Luis Alonso‐Pulpón; Pablo García‐Pavía,https://doi.org/10.1093/eurheartj/ehv338,1144,,,,26224076,,,,,,,True,cited_by_count>=927 (top 10.0%); cited_by_count>=927 (top 10.0%),10.1093/eurheartj/ehv338,,,False,0.100786015
https://openalex.org/W4206077470,10.1093/eurheartj/ehab777,Cardiovascular and kidney outcomes with finerenone in patients with type 2 diabetes and chronic kidney disease: the FIDELITY pooled analysis,"AIMS: The complementary studies FIDELIO-DKD and FIGARO-DKD in patients with type 2 diabetes and chronic kidney disease (CKD) examined cardiovascular and kidney outcomes in different, overlapping stages of CKD. The purpose of the FIDELITY analysis was to perform an individual patient-level prespecified pooled efficacy and safety analysis across a broad spectrum of CKD to provide more robust estimates of safety and efficacy of finerenone compared with placebo. METHODS AND RESULTS: For this prespecified analysis, two phase III, multicentre, double-blind trials involving patients with CKD and type 2 diabetes, randomized 1:1 to finerenone or placebo, were combined. Main time-to-event efficacy outcomes were a composite of cardiovascular death, non-fatal myocardial infarction, non-fatal stroke, or hospitalization for heart failure, and a composite of kidney failure, a sustained ≥57% decrease in estimated glomerular filtration rate from baseline over ≥4 weeks, or renal death. Among 13 026 patients with a median follow-up of 3.0 years (interquartile range 2.3-3.8 years), the composite cardiovascular outcome occurred in 825 (12.7%) patients receiving finerenone and 939 (14.4%) receiving placebo [hazard ratio (HR), 0.86; 95% confidence interval (CI), 0.78-0.95; P = 0.0018]. The composite kidney outcome occurred in 360 (5.5%) patients receiving finerenone and 465 (7.1%) receiving placebo (HR, 0.77; 95% CI, 0.67-0.88; P = 0.0002). Overall safety outcomes were generally similar between treatment arms. Hyperkalaemia leading to permanent treatment discontinuation occurred more frequently in patients receiving finerenone (1.7%) than placebo (0.6%). CONCLUSION: Finerenone reduced the risk of clinically important cardiovascular and kidney outcomes vs. placebo across the spectrum of CKD in patients with type 2 diabetes. KEY QUESTION: Does finerenone, a novel selective, nonsteroidal mineralocorticoid receptor antagonist, added to maximum tolerated renin-angiotensin system inhibition reduce cardiovascular disease and kidney disease progression over a broad range of chronic kidney disease in patients with type 2 diabetes? KEY FINDING: In a prespecified, pooled individual-level analysis from two randomized trials, we found reductions both in cardiovascular events and kidney failure outcomes with finerenone. Because 40% of the patients had an estimated glomerular filtration rate of >60 mL/min/1.73m2 they were identified solely on the basis of albuminuria. TAKE HOME MESSAGE: Finerenone reduces the risk of clinical cardiovascular outcomes and kidney disease progression in a broad range of patients with chronic kidney disease and type 2 diabetes. Screening for albuminuria to identify at-risk patients among patients with type 2 diabetes facilitates reduction of both cardiovascular and kidney disease burden.",2021,cardiovascular,cardiology,True,,,European Heart Journal,european heart journal,False,openalex,Rajiv Agarwal; Gerasimos Filippatos; Bertram Pitt; Stefan D. Anker; Peter Rossing; Amer Joseph; Peter Kolkhof; Christina Nowack; Martin Gebel; Luís M. Ruilope; George L. Bakris; FIDELIO-DKD and FIGARO-DKD investigators,https://doi.org/10.1093/eurheartj/ehab777,1142,,,,35023547,,,,,,,True,cited_by_count>=927 (top 10.0%); cited_by_count>=927 (top 10.0%),10.1093/eurheartj/ehab777,,,False,0.016523687
https://openalex.org/W2807593075,10.1016/j.jacc.2018.03.521,Artificial Intelligence in Cardiology,"Artificial intelligence and machine learning are poised to influence nearly every aspect of the human condition, and cardiology is not an exception to this trend. This paper provides a guide for clinicians on relevant aspects of artificial intelligence and machine learning, reviews selected applications of these methods in cardiology to date, and identifies how cardiovascular medicine could incorporate artificial intelligence in the future. In particular, the paper first reviews predictive modeling concepts relevant to cardiology such as feature selection and frequent pitfalls such as improper dichotomization. Second, it discusses common algorithms used in supervised learning and reviews selected applications in cardiology and related disciplines. Third, it describes the advent of deep learning and related methods collectively called unsupervised learning, provides contextual examples both in general medicine and in cardiovascular medicine, and then explains how these methods could be applied to enable precision cardiology and improve patient outcomes.",2018,cardiology,cardiology,True,,,Journal of the American College of Cardiology,journal of the american college of cardiology,False,openalex,Kipp W. Johnson; Jessica Torres Soto; Benjamin S. Glicksberg; Khader Shameer; Riccardo Miotto; Mohsin Ali; Euan A. Ashley; Joel T. Dudley,https://doi.org/10.1016/j.jacc.2018.03.521,1140,,,,29880128,,,,,,,True,cited_by_count>=927 (top 10.0%); cited_by_count>=927 (top 10.0%),10.1016/j.jacc.2018.03.521,,,False,0.07069753
https://openalex.org/W2444268874,10.1161/circulationaha.116.022194,Clinical Update: Cardiovascular Disease in Diabetes Mellitus,"Cardiovascular disease remains the principal cause of death and disability among patients with diabetes mellitus. Diabetes mellitus exacerbates mechanisms underlying atherosclerosis and heart failure. Unfortunately, these mechanisms are not adequately modulated by therapeutic strategies focusing solely on optimal glycemic control with currently available drugs or approaches. In the setting of multifactorial risk reduction with statins and other lipid-lowering agents, antihypertensive therapies, and antihyperglycemic treatment strategies, cardiovascular complication rates are falling, yet remain higher for patients with diabetes mellitus than for those without. This review considers the mechanisms, history, controversies, new pharmacological agents, and recent evidence for current guidelines for cardiovascular management in the patient with diabetes mellitus to support evidence-based care in the patient with diabetes mellitus and heart disease outside of the acute care setting.",2016,cardiovascular,cardiology,True,,,Circulation,circulation,False,openalex,Cecilia C. Low Wang; Connie N. Hess; William R. Hiatt; Allison B. Goldfine,https://doi.org/10.1161/circulationaha.116.022194,1123,,,,27297342,,,,,,,True,cited_by_count>=927 (top 10.0%); cited_by_count>=927 (top 10.0%),10.1161/circulationaha.116.022194,,,False,-0.009349117
https://openalex.org/W4252019796,10.1056/nejmra1606915,Acute Myocardial Infarction,"This review focuses on the initial presentation and in-hospital management of acute myocardial infarction, including selection of a management strategy and options for antithrombotic therapy.",2017,myocardial infarction,cardiology,False,,,New England Journal of Medicine,new england journal of medicine,False,openalex,Jeffrey L. Anderson; David A. Morrow,,1118,,,,28538121,,,,,,,True,cited_by_count>=927 (top 10.0%); cited_by_count>=927 (top 10.0%),10.1056/nejmra1606915,,,False,-0.06713764
https://openalex.org/W2892288854,10.1056/nejmoa1805819,Effect of Aspirin on Cardiovascular Events and Bleeding in the Healthy Elderly,"BACKGROUND: Aspirin is a well-established therapy for the secondary prevention of cardiovascular events. However, its role in the primary prevention of cardiovascular disease is unclear, especially in older persons, who have an increased risk. METHODS: From 2010 through 2014, we enrolled community-dwelling men and women in Australia and the United States who were 70 years of age or older (or ≥65 years of age among blacks and Hispanics in the United States) and did not have cardiovascular disease, dementia, or disability. Participants were randomly assigned to receive 100 mg of enteric-coated aspirin or placebo. The primary end point was a composite of death, dementia, or persistent physical disability; results for this end point are reported in another article in the Journal. Secondary end points included major hemorrhage and cardiovascular disease (defined as fatal coronary heart disease, nonfatal myocardial infarction, fatal or nonfatal stroke, or hospitalization for heart failure). RESULTS: Of the 19,114 persons who were enrolled in the trial, 9525 were assigned to receive aspirin and 9589 to receive placebo. After a median of 4.7 years of follow-up, the rate of cardiovascular disease was 10.7 events per 1000 person-years in the aspirin group and 11.3 events per 1000 person-years in the placebo group (hazard ratio, 0.95; 95% confidence interval [CI], 0.83 to 1.08). The rate of major hemorrhage was 8.6 events per 1000 person-years and 6.2 events per 1000 person-years, respectively (hazard ratio, 1.38; 95% CI, 1.18 to 1.62; P<0.001). CONCLUSIONS: The use of low-dose aspirin as a primary prevention strategy in older adults resulted in a significantly higher risk of major hemorrhage and did not result in a significantly lower risk of cardiovascular disease than placebo. (Funded by the National Institute on Aging and others; ASPREE ClinicalTrials.gov number, NCT01038583 .).",2018,cardiovascular,cardiology,True,,,New England Journal of Medicine,new england journal of medicine,False,openalex,John J. McNeil; Rory Wolfe; Robyn L. Woods; Andrew Tonkin; Geoffrey A. Donnan; Mark Nelson; Christopher M. Reid; Jessica E. Lockery; Brenda Kirpach; Elsdon Storey; Raj C. Shah; Jeff D. Williamson; Karen L. Margolis; Michael E. Ernst; Walter P. Abhayaratna; Nigel Stocks; Sharyn M. Fitzgerald; Suzanne G. Orchard; Ruth E. Trevaks; Lawrence J. Beilin; Colin I. Johnston; Joanne Ryan; Barbara Radziszewska; Michael Jelinek; Mobin Malik; Charles B. Eaton; Donna J. Brauer; Geoffrey Cloud; Erica M. Wood; Suzanne E. Mahady; Suzanne Satterfield; Richard H. Grimm; Anne M. Murray,https://doi.org/10.1056/nejmoa1805819,1116,,,,30221597,,,,,,,True,cited_by_count>=927 (top 10.0%); cited_by_count>=927 (top 10.0%),10.1056/nejmoa1805819,,,False,0.06480253
https://openalex.org/W2766278264,10.1161/cir.0000000000000534,Cardiovascular Health in African Americans: A Scientific Statement From the American Heart Association,"BACKGROUND AND PURPOSE: Population-wide reductions in cardiovascular disease incidence and mortality have not been shared equally by African Americans. The burden of cardiovascular disease in the African American community remains high and is a primary cause of disparities in life expectancy between African Americans and whites. The objectives of the present scientific statement are to describe cardiovascular health in African Americans and to highlight unique considerations for disease prevention and management. METHOD: The primary sources of information were identified with PubMed/Medline and online sources from the Centers for Disease Control and Prevention. RESULTS: The higher prevalence of traditional cardiovascular risk factors (eg, hypertension, diabetes mellitus, obesity, and atherosclerotic cardiovascular risk) underlies the relatively earlier age of onset of cardiovascular diseases among African Americans. Hypertension in particular is highly prevalent among African Americans and contributes directly to the notable disparities in stroke, heart failure, and peripheral artery disease among African Americans. Despite the availability of effective pharmacotherapies and indications for some tailored pharmacotherapies for African Americans (eg, heart failure medications), disease management is less effective among African Americans, yielding higher mortality. Explanations for these persistent disparities in cardiovascular disease are multifactorial and span from the individual level to the social environment. CONCLUSIONS: The strategies needed to promote equity in the cardiovascular health of African Americans require input from a broad set of stakeholders, including clinicians and researchers from across multiple disciplines.",2017,cardiovascular,cardiology,True,,,Circulation,circulation,False,openalex,Mercedes R. Carnethon; Jia Pu; George Howard; Michelle A. Albert; Cheryl A.M. Anderson; Alain G. Bertoni; Mahasin S. Mujahid; Latha Palaniappan; Herman A. Taylor; Monte S. Willis; Clyde W. Yancy,https://doi.org/10.1161/cir.0000000000000534,1115,,,,29061565,,,,,,,True,cited_by_count>=927 (top 10.0%); cited_by_count>=927 (top 10.0%),10.1161/cir.0000000000000534,,,False,0.033822037
https://openalex.org/W4238968220,10.1161/cir.0000000000000596,"2017 ACC/AHA/AAPA/ABC/ACPM/AGS/APhA/ASH/ASPC/NMA/PCNA Guideline for the Prevention, Detection, Evaluation, and Management of High Blood Pressure in Adults: A Report of the American College of Cardiology/American Heart Association Task Force on Clinical Practice Guidelines",,2018,cardiology,cardiology,False,,,Circulation,circulation,False,openalex,Paul K. Whelton; Robert M. Carey; Wilbert S. Aronow; Donald E. Casey; Karen J. Collins; Cheryl Dennison Himmelfarb; Sondra M. DePalma; Samuel S. Gidding; Kenneth Jamerson; Daniel W. Jones; Eric J. MacLaughlin; Paul Muntner; Bruce Ovbiagele; Sidney C. Smith; Crystal C. Spencer; Randall S. Stafford; Sandra J. Taler; Randal J. Thomas; Kim A. Williams; Jeff D. Williamson; Jackson T. Wright,,1115,,,,30354654,,,,,,,True,cited_by_count>=927 (top 10.0%); cited_by_count>=927 (top 10.0%),10.1161/cir.0000000000000596,,,False,0.09045844
https://openalex.org/W4206703572,10.1093/eurheartj/ehab892,European Society of Cardiology: cardiovascular disease statistics 2021,"AIMS: This report from the European Society of Cardiology (ESC) Atlas Project updates and expands upon the widely cited 2019 report in presenting cardiovascular disease (CVD) statistics for the 57 ESC member countries. METHODS AND RESULTS: Statistics pertaining to 2019, or the latest available year, are presented. Data sources include the World Health Organization, the Institute for Health Metrics and Evaluation, the World Bank, and novel ESC sponsored data on human and capital infrastructure and cardiovascular healthcare delivery. New material in this report includes sociodemographic and environmental determinants of CVD, rheumatic heart disease, out-of-hospital cardiac arrest, left-sided valvular heart disease, the advocacy potential of these CVD statistics, and progress towards World Health Organization (WHO) 2025 targets for non-communicable diseases. Salient observations in this report: (i) Females born in ESC member countries in 2018 are expected to live 80.8 years and males 74.8 years. Life expectancy is longer in high income (81.6 years) compared with middle-income (74.2 years) countries. (ii) In 2018, high-income countries spent, on average, four times more on healthcare than middle-income countries. (iii) The median PM2.5 concentrations in 2019 were over twice as high in middle-income ESC member countries compared with high-income countries and exceeded the EU air quality standard in 14 countries, all middle-income. (iv) In 2016, more than one in five adults across the ESC member countries were obese with similar prevalence in high and low-income countries. The prevalence of obesity has more than doubled over the past 35 years. (v) The burden of CVD falls hardest on middle-income ESC member countries where estimated incidence rates are ∼30% higher compared with high-income countries. This is reflected in disability-adjusted life years due to CVD which are nearly four times as high in middle-income compared with high-income countries. (vi) The incidence of calcific aortic valve disease has increased seven-fold during the last 30 years, with age-standardized rates four times as high in high-income compared with middle-income countries. (vii) Although the total number of CVD deaths across all countries far exceeds the number of cancer deaths for both sexes, there are 15 ESC member countries in which cancer accounts for more deaths than CVD in males and five-member countries in which cancer accounts for more deaths than CVD in females. (viii) The under-resourced status of middle-income countries is associated with a severe procedural deficit compared with high-income countries in terms of coronary intervention, ablation procedures, device implantation, and cardiac surgical procedures. CONCLUSION: Risk factors and unhealthy behaviours are potentially reversible, and this provides a huge opportunity to address the health inequalities across ESC member countries that are highlighted in this report. It seems clear, however, that efforts to seize this opportunity are falling short and present evidence suggests that most of the WHO NCD targets for 2025 are unlikely to be met across ESC member countries.",2021,cardiology,cardiology,True,,,European Heart Journal,european heart journal,False,openalex,Adam Timmis; Panos Vardas; Nick Townsend; Aleksandra Torbica; Hugo A. Katus; Delphine De Smedt; Chris P Gale; Aldo P. Maggioni; Steffen E. Petersen; Radu Huculeci; Dzianis Kazakiewicz; Víctor de Benito Rubio; Barbara Ignatiuk; Zahra Raisi‐Estabragh; Agnieszka Pawlak; Efstratios Karagiannidis; Roderick W Treskes; Dan Gaiță; John F. Beltrame; Alex McConnachie; Isabel Bardinet; Ian Graham; Marcus Flather; Perry Elliott; Elías Mossialos; Franz Weidinger; Stephan Achenbach; European Society of Cardiology; Lezha Mimoza; Goda Artan; Aurel Demiraj; Mohammed Chettibi; Naima Hammoudi; K Vardanyan; Sergey Pepoyan; Hamayak Sisakian; Daniel Scherr; Peter Siostrzonek; Bernhard Metzer; İsah Mustafayev; Tofig Jahangirov; Yasmin Rustamova; Natalya Mitkovskaya; Natalya Shibeka; Valeriy I Stelmashok; Michel De Pauw; Patrizio Lancellotti; Marc J. Claeys; Zumreta Kušljugić; Alen Džubur; Elnur Smajić; Mariya Tokmakova; Vassil Traykov; Davor Miličić; Marijan Pašalić; Saša Pavasović; Theodoros Christodoulides; Ilias Papasavvas; Christos Eftychiou; Aleš Linhart; Miloš Táborský; Martin Hutyra; Jacob Thorsted Sørensen; Mads Jønsson Andersen; Steen Dalby Kristensen; Magdy Abdelhamid; Khaled Shokry; Priit Kampus; Mika Laine; Matti Niemelä; Bernard Iung; Ariel Cohen; Christophe Leclercq; Dali Trapaidze; Kakhaber Etsadashvili; Alexander Aladashvili; Kurt Bestehorn; Stephan Baldus; Andreas M. Zeiher; John Kanakakis; Alexandria Patrianakos; Christina Chrysohoou; Zoltán Csanádi; Dávid Becker; Zoltán Járai; Þórdís Jóna Hrafnkelsdóttir; Vincent Maher; Jim Crowley; Barbra Dalton; Arik Wolak; Eyal Ben–Assa; Barak Zafrir; Adriano Murrone; Carmen Spaccarotella; Stefano Urbinati; Berkinbayev Salim; Sakhov Orazbek; Abdrakhmanov Ayan; Gani Bajraktari; Docor Afrim Poniku,https://doi.org/10.1093/eurheartj/ehab892,1103,,,,35016208,,,,,,,True,cited_by_count>=927 (top 10.0%); cited_by_count>=927 (top 10.0%),10.1093/eurheartj/ehab892,,,False,0.12751558
https://openalex.org/W1834574045,10.1093/europace/euv309,Updated European Heart Rhythm Association Practical Guide on the use of non-vitamin K antagonist anticoagulants in patients with non-valvular atrial fibrillation,"The current manuscript is an update of the original Practical Guide, published in June 2013[Heidbuchel H, Verhamme P, Alings M, Antz M, Hacke W, Oldgren J, et al. European Heart Rhythm Association Practical Guide on the use of new oral anticoagulants in patients with non-valvular atrial fibrillation. Europace 2013;15:625-51; Heidbuchel H, Verhamme P, Alings M, Antz M, Hacke W, Oldgren J, et al. EHRA practical guide on the use of new oral anticoagulants in patients with non-valvular atrial fibrillation: executive summary. Eur Heart J 2013;34:2094-106]. Non-vitamin K antagonist oral anticoagulants (NOACs) are an alternative for vitamin K antagonists (VKAs) to prevent stroke in patients with non-valvular atrial fibrillation (AF). Both physicians and patients have to learn how to use these drugs effectively and safely in clinical practice. Many unresolved questions on how to optimally use these drugs in specific clinical situations remain. The European Heart Rhythm Association set out to coordinate a unified way of informing physicians on the use of the different NOACs. A writing group defined what needs to be considered as 'non-valvular AF' and listed 15 topics of concrete clinical scenarios for which practical answers were formulated, based on available evidence. The 15 topics are (i) practical start-up and follow-up scheme for patients on NOACs; (ii) how to measure the anticoagulant effect of NOACs; (iii) drug-drug interactions and pharmacokinetics of NOACs; (iv) switching between anticoagulant regimens; (v) ensuring adherence of NOAC intake; (vi) how to deal with dosing errors; (vii) patients with chronic kidney disease; (viii) what to do if there is a (suspected) overdose without bleeding, or a clotting test is indicating a risk of bleeding?; (xi) management of bleeding complications; (x) patients undergoing a planned surgical intervention or ablation; (xi) patients undergoing an urgent surgical intervention; (xii) patients with AF and coronary artery disease; (xiii) cardioversion in a NOAC-treated patient; (xiv) patients presenting with acute stroke while on NOACs; and (xv) NOACs vs. VKAs in AF patients with a malignancy. Additional information and downloads of the text and anticoagulation cards in >16 languages can be found on an European Heart Rhythm Association web site (www.NOACforAF.eu).",2015,atrial fibrillation,cardiology,False,,,EP Europace,ep europace,False,openalex,Hein Heidbüchel; Peter Verhamme; Marco Alings; Matthias Antz; Hans‐Christoph Diener; Werner Hacke; Jonas Oldgren; Peter Sinnaeve; A. John Camm; Paulus Kirchhof,,1099,,,,26324838,,,,,,,True,cited_by_count>=927 (top 10.0%); cited_by_count>=927 (top 10.0%),10.1093/europace/euv309,,,False,0.05835904
https://openalex.org/W2604584410,10.1161/circulationaha.116.026807,Evidence Supporting the Existence of a Distinct Obese Phenotype of Heart Failure With Preserved Ejection Fraction,"Background: Heart failure (HF) with preserved ejection fraction (HFpEF) is a heterogeneous syndrome. Phenotyping patients into pathophysiologically homogeneous groups may enable better targeting of treatment. Obesity is common in HFpEF and has many cardiovascular effects, suggesting that it may be a viable candidate for phenotyping. We compared cardiovascular structure, function, and reserve capacity in subjects with obese HFpEF, those with nonobese HFpEF, and control subjects. Methods: Subjects with obese HFpEF (body mass index ≥35 kg/m 2 ; n=99), nonobese HFpEF (body mass index &lt;30 kg/m 2 ; n=96), and nonobese control subjects free of HF (n=71) underwent detailed clinical assessment, echocardiography, and invasive hemodynamic exercise testing. Results: Compared with both subjects with nonobese HFpEF and control subjects, subjects with obese HFpEF displayed increased plasma volume (3907 mL [3563–4333 mL] versus 2772 mL [2555–3133 mL], and 2680 mL [2380–3006 mL]; P &lt;0.0001), more concentric left ventricular remodeling, greater right ventricular dilatation (base, 34±7 versus 31±6 and 30±6 mm, P =0.0005; length, 66±7 versus 61±7 and 61±7 mm, P &lt;0.0001), more right ventricular dysfunction, increased epicardial fat thickness (10±2 versus 7±2 and 6±2 mm; P &lt;0.0001), and greater total epicardial heart volume (945 mL [831–1105 mL] versus 797 mL [643–979 mL] and 632 mL [517–768 mL]; P &lt;0.0001), despite lower N-terminal pro-B-type natriuretic peptide levels. Pulmonary capillary wedge pressure was correlated with body mass and plasma volume in obese HFpEF ( r =0.22 and 0.27, both P &lt;0.05) but not in nonobese HFpEF ( P ≥0.3). The increase in heart volumes in obese HFpEF was associated with greater pericardial restraint and heightened ventricular interdependence, reflected by increased ratio of right- to left-sided heart filling pressures (0.64±0.17 versus 0.56±0.19 and 0.53±0.20; P =0.0004), higher pulmonary venous pressure relative to left ventricular transmural pressure, and greater left ventricular eccentricity index (1.10±0.19 versus 0.99±0.06 and 0.97±0.12; P &lt;0.0001). Interdependence was enhanced as pulmonary artery pressure load increased ( P for interaction &lt;0.05). Compared with those with nonobese HFpEF and control subjects, obese patients with HFpEF displayed worse exercise capacity (peak oxygen consumption, 7.7±2.3 versus 10.0±3.4 and12.9±4.0 mL/min·kg; P &lt;0.0001), higher biventricular filling pressures with exercise, and depressed pulmonary artery vasodilator reserve. Conclusions: Obesity-related HFpEF is a genuine form of cardiac failure and a clinically relevant phenotype that may require specific treatments.",2017,heart failure,cardiology,True,,,Circulation,circulation,False,openalex,Masaru Obokata; Yogesh N.V. Reddy; Sorin V. Pislaru; Vojtěch Melenovský; Barry A. Borlaug,https://doi.org/10.1161/circulationaha.116.026807,1098,,,,28381470,,,,,,,True,cited_by_count>=927 (top 10.0%); cited_by_count>=927 (top 10.0%),10.1161/circulationaha.116.026807,,,False,0.07456516
https://openalex.org/W2583862987,10.4158/ep171764.appgl,American Association of Clinical Endocrinologists and American College of Endocrinology Guidelines for Management of Dyslipidemia and Prevention of Cardiovascular Disease,,2017,cardiovascular,cardiology,False,,,Endocrine Practice,endocrine practice,False,openalex,Paul S. Jellinger; Yehuda Handelsman; Paul D. Rosenblit; Zachary T. Bloomgarden; Vivian Fonseca; Alan J. Garber; George Grunberger; Chris Guerin; David S.H. Bell; Jeffrey I. Mechanick; Rachel Pessah‐Pollack; Kathleen Wyne; Donald A. Smith; Eliot A. Brinton; Sergio Fazio; Michael H. Davidson; Paul S. Jellinger; Yehuda Handelsman; David S.H. Bell; Zachary T. Bloomgarden; Eliot A. Brinton; Michael H. Davidson; Sergio Fazio; Vivian Fonseca; Alan J. Garber; George Grunberger; Chris Guerin; Jeffrey I. Mechanick; Rachel Pessah‐Pollack; Paul D. Rosenblit; Donald A. Smith; Kathleen Wyne; Michael A. Bush; Farhad Zangeneh; Yehuda Handelsman; David S.H. Bell; Zachary T. Bloomgarden; Eliot A. Brinton; Sergio Fazio; Vivian Fonseca; Alan J. Garber; George Grunberger; Chris Guerin; Paul S. Jellinger; Paul D. Rosenblit; Donald A. Smith; Kathleen Wyne; Michael H. Davidson,,1097,,,,28437620,,,,,,,True,cited_by_count>=927 (top 10.0%); cited_by_count>=927 (top 10.0%),10.4158/ep171764.appgl,,,False,0.10309726
https://openalex.org/W2286999219,10.1161/circresaha.115.306249,Triglyceride-Rich Lipoproteins and Atherosclerotic Cardiovascular Disease,"Scientific interest in triglyceride-rich lipoproteins has fluctuated over the past many years, ranging from beliefs that these lipoproteins cause atherosclerotic cardiovascular disease (ASCVD) to being innocent bystanders. Correspondingly, clinical recommendations have fluctuated from a need to reduce levels to no advice on treatment. New insight in epidemiology now suggests that these lipoproteins, marked by high triglycerides, are strong and independent predictors of ASCVD and all-cause mortality, and that their cholesterol content or remnant cholesterol likewise are strong predictors of ASCVD. Of all adults, 27% have triglycerides >2 mmol/L (176 mg/dL), and 21% have remnant cholesterol >1 mmol/L (39 mg/dL). For individuals in the general population with nonfasting triglycerides of 6.6 mmol/L (580 mg/dL) compared with individuals with levels of 0.8 mmol/L (70 mg/dL), the risks were 5.1-fold for myocardial infarction, 3.2-fold for ischemic heart disease, 3.2-fold for ischemic stroke, and 2.2-fold for all-cause mortality. Also, genetic studies using the Mendelian randomization design, an approach that minimizes problems with confounding and reverse causation, now demonstrate that triglyceride-rich lipoproteins are causally associated with ASCVD and all-cause mortality. Finally, genetic evidence also demonstrates that high concentrations of triglyceride-rich lipoproteins are causally associated with low-grade inflammation. This suggests that an important part of inflammation in atherosclerosis and ASCVD is because of triglyceride-rich lipoprotein degradation and uptake into macrophage foam cells in the arterial intima. Taken together, new insights now strongly suggest that elevated triglyceride-rich lipoproteins represent causal risk factors for low-grade inflammation, ASCVD, and all-cause mortality.",2016,cardiovascular,cardiology,True,,,Circulation Research,circulation research,False,openalex,Børge G. Nordestgaard,https://doi.org/10.1161/circresaha.115.306249,1093,,,,26892957,,,,,,,True,cited_by_count>=927 (top 10.0%); cited_by_count>=927 (top 10.0%),10.1161/circresaha.115.306249,,,False,-0.03722897
https://openalex.org/W3093949537,10.1161/cir.0000000000000918,Part 1: Executive Summary: 2020 American Heart Association Guidelines for Cardiopulmonary Resuscitation and Emergency Cardiovascular Care,"resuscitation ◼ defibrillators ◼ delivery of health care ◼ echocardiography ◼ electric countershock ◼ epinephrine ◼ extracorporeal membrane oxygenation ◼ heart arrest ◼ infusions, intraosseous ◼ intubation, intratracheal",2020,cardiovascular,cardiology,False,,,Circulation,circulation,False,openalex,"Raina M. Merchant; Alexis Topjian; Ashish R. Panchal; Adam Cheng; Khalid Aziz; Katherine M. Berg; Eric J. Lavonas; David J. Magid; On behalf of the Adult Basic and Advanced Life Support, Pediatric Basic and Advanced Life Support, Neonatal Life Support, Resuscitation Education Science, and Systems of Care Writing Groups",,1091,,,,33081530,,,,,,,True,cited_by_count>=927 (top 10.0%); cited_by_count>=927 (top 10.0%),10.1161/cir.0000000000000918,,,False,0.09449673
https://openalex.org/W2198264409,10.1056/nejmoa1506459,Adaptive Servo-Ventilation for Central Sleep Apnea in Systolic Heart Failure,"BACKGROUND: Central sleep apnea is associated with poor prognosis and death in patients with heart failure. Adaptive servo-ventilation is a therapy that uses a noninvasive ventilator to treat central sleep apnea by delivering servo-controlled inspiratory pressure support on top of expiratory positive airway pressure. We investigated the effects of adaptive servo-ventilation in patients who had heart failure with reduced ejection fraction and predominantly central sleep apnea. METHODS: We randomly assigned 1325 patients with a left ventricular ejection fraction of 45% or less, an apnea-hypopnea index (AHI) of 15 or more events (occurrences of apnea or hypopnea) per hour, and a predominance of central events to receive guideline-based medical treatment with adaptive servo-ventilation or guideline-based medical treatment alone (control). The primary end point in the time-to-event analysis was the first event of death from any cause, lifesaving cardiovascular intervention (cardiac transplantation, implantation of a ventricular assist device, resuscitation after sudden cardiac arrest, or appropriate lifesaving shock), or unplanned hospitalization for worsening heart failure. RESULTS: In the adaptive servo-ventilation group, the mean AHI at 12 months was 6.6 events per hour. The incidence of the primary end point did not differ significantly between the adaptive servo-ventilation group and the control group (54.1% and 50.8%, respectively; hazard ratio, 1.13; 95% confidence interval [CI], 0.97 to 1.31; P=0.10). All-cause mortality and cardiovascular mortality were significantly higher in the adaptive servo-ventilation group than in the control group (hazard ratio for death from any cause, 1.28; 95% CI, 1.06 to 1.55; P=0.01; and hazard ratio for cardiovascular death, 1.34; 95% CI, 1.09 to 1.65; P=0.006). CONCLUSIONS: Adaptive servo-ventilation had no significant effect on the primary end point in patients who had heart failure with reduced ejection fraction and predominantly central sleep apnea, but all-cause and cardiovascular mortality were both increased with this therapy. (Funded by ResMed and others; SERVE-HF ClinicalTrials.gov number, NCT00733343.).",2015,heart failure,cardiology,True,,,New England Journal of Medicine,new england journal of medicine,False,openalex,Martín Cowie; Holger Woehrle; Karl Wegscheider; Christiane Angermann; Marie‐Pia d’Ortho; Erland Erdmann; Patrick Lévy; Anita K. Simonds; Virend K. Somers; Faı̈ez Zannad; Helmut Teschler,https://doi.org/10.1056/nejmoa1506459,1081,,,,26323938,,,,,,,True,cited_by_count>=927 (top 10.0%); cited_by_count>=927 (top 10.0%),10.1056/nejmoa1506459,,,False,-0.050610106
https://openalex.org/W2769309750,10.1016/j.jacc.2017.08.074,"Heart Failure With Preserved, Borderline, and Reduced Ejection Fraction",,2017,heart failure,cardiology,False,,,Journal of the American College of Cardiology,journal of the american college of cardiology,False,openalex,Kevin Shah; Haolin Xu; Roland Matsouaka; Deepak L. Bhatt; Paul A. Heidenreich; Adrian F. Hernandez; Adam D. DeVore; Clyde W. Yancy; Gregg C. Fonarow,,1079,,,,29141781,,,,,,,True,cited_by_count>=927 (top 10.0%); cited_by_count>=927 (top 10.0%),10.1016/j.jacc.2017.08.074,,,False,-0.07996022
https://openalex.org/W2900149048,10.1001/jama.2018.18269,Effect of Linagliptin vs Placebo on Major Cardiovascular Events in Adults With Type 2 Diabetes and High Cardiovascular and Renal Risk,"Importance: Type 2 diabetes is associated with increased cardiovascular (CV) risk. Prior trials have demonstrated CV safety of 3 dipeptidyl peptidase 4 (DPP-4) inhibitors but have included limited numbers of patients with high CV risk and chronic kidney disease. Objective: To evaluate the effect of linagliptin, a selective DPP-4 inhibitor, on CV outcomes and kidney outcomes in patients with type 2 diabetes at high risk of CV and kidney events. Design, Setting, and Participants: Randomized, placebo-controlled, multicenter noninferiority trial conducted from August 2013 to August 2016 at 605 clinic sites in 27 countries among adults with type 2 diabetes, hemoglobin A1c of 6.5% to 10.0%, high CV risk (history of vascular disease and urine-albumin creatinine ratio [UACR] >200 mg/g), and high renal risk (reduced eGFR and micro- or macroalbuminuria). Participants with end-stage renal disease (ESRD) were excluded. Final follow-up occurred on January 18, 2018. Interventions: Patients were randomized to receive linagliptin, 5 mg once daily (n = 3494), or placebo once daily (n = 3485) added to usual care. Other glucose-lowering medications or insulin could be added based on clinical need and local clinical guidelines. Main Outcomes and Measures: Primary outcome was time to first occurrence of the composite of CV death, nonfatal myocardial infarction, or nonfatal stroke. Criteria for noninferiority of linagliptin vs placebo was defined by the upper limit of the 2-sided 95% CI for the hazard ratio (HR) of linagliptin relative to placebo being less than 1.3. Secondary outcome was time to first occurrence of adjudicated death due to renal failure, ESRD, or sustained 40% or higher decrease in eGFR from baseline. Results: Of 6991 enrollees, 6979 (mean age, 65.9 years; eGFR, 54.6 mL/min/1.73 m2; 80.1% with UACR >30 mg/g) received at least 1 dose of study medication and 98.7% completed the study. During a median follow-up of 2.2 years, the primary outcome occurred in 434 of 3494 (12.4%) and 420 of 3485 (12.1%) in the linagliptin and placebo groups, respectively, (absolute incidence rate difference, 0.13 [95% CI, -0.63 to 0.90] per 100 person-years) (HR, 1.02; 95% CI, 0.89-1.17; P < .001 for noninferiority). The kidney outcome occurred in 327 of 3494 (9.4%) and 306 of 3485 (8.8%), respectively (absolute incidence rate difference, 0.22 [95% CI, -0.52 to 0.97] per 100 person-years) (HR, 1.04; 95% CI, 0.89-1.22; P = .62). Adverse events occurred in 2697 (77.2%) and 2723 (78.1%) patients in the linagliptin and placebo groups; 1036 (29.7%) and 1024 (29.4%) had 1 or more episodes of hypoglycemia; and there were 9 (0.3%) vs 5 (0.1%) events of adjudication-confirmed acute pancreatitis. Conclusions and Relevance: Among adults with type 2 diabetes and high CV and renal risk, linagliptin added to usual care compared with placebo added to usual care resulted in a noninferior risk of a composite CV outcome over a median 2.2 years. Trial Registration: ClinicalTrials.gov Identifier: NCT01897532.",2018,cardiovascular,cardiology,True,,,JAMA,jama,False,openalex,Julio Rosenstock; Vlado Perkovic; Odd Erik Johansen; Mark E. Cooper; Steven E. Kahn; Nikolaus Marx; John H. Alexander; Michael Pencina; Robert D. Toto; Christoph Wanner; Bernard Zinman; Hans J. Woerle; David Baanstra; Egon Pfarr; Sven Schnaidt; Thomas Meinicke; Jyothis T. George; Maximilian von Eynatten; Darren K. McGuire; for the CARMELINA Investigators,https://doi.org/10.1001/jama.2018.18269,1077,,,,30418475,,,,,,,True,cited_by_count>=927 (top 10.0%); cited_by_count>=927 (top 10.0%),10.1001/jama.2018.18269,,,False,0.032407403
https://openalex.org/W2617110182,10.1016/j.jacc.2017.03.571,Artificial Intelligence in Precision Cardiovascular Medicine,,2017,cardiovascular,cardiology,False,,,Journal of the American College of Cardiology,journal of the american college of cardiology,False,openalex,Chayakrit Krittanawong; HongJu Zhang; Zhen Wang; Mehmet Aydar; Takeshi Kitai,,1071,,,,28545640,,,,,,,True,cited_by_count>=927 (top 10.0%); cited_by_count>=927 (top 10.0%),10.1016/j.jacc.2017.03.571,,,False,0.055516355
https://openalex.org/W3159673032,10.1093/europace/euab065,2021 European Heart Rhythm Association Practical Guide on the Use of Non-Vitamin K Antagonist Oral Anticoagulants in Patients with Atrial Fibrillation,"CV Cardiovascular CYP Cytochrome P (CYP) Unfractionated heparin ULN Upper limit of normal VENTURE-AF Active-controlled multi-center study with blind-adjudication designed to evaluate the safety of uninterrupted Rivaroxaban and uninterrupted vitamin K antagonists in subjects undergoing catheter ablation for non-valvular Atrial Fibrillation VHD Valvular heart disease VKA Vitamin K antagonist VTE Venous thromboembolic event WOEST What is the Optimal antiplatelet and anticoagulant therapy in patients with oral anticoagulation and coronary stenting X-VeRT Explore the efficacy and safety of once daily oral rivaroxaban for the prevention of cardiovascular events in patients with non-valvular atrial fibrillation scheduled for cardioversion a SmPC: 110 mg BID if age > _80 years, concomitant verapamil (both based on pharmacokinetics/pharmacodynamics analyses; not studied in this setting). b Not specifically studied, follow-up data available up to 12 months in phase III trial. c SmPc: 20 mg QD in patients at high risk of recurrence. 2021 EHRA Practical Guide on the use of NOACs AF, atrial fibrillation; CrCl, creatinine clearance; INR, international normalized ratio; NOAC, non-vitamin K antagonist oral anticoagulant; NSAID, non-steroidal anti-inflammatory drug; TIA, transient ischaemic attack; VKA, vitamin K antagonist. For frequency of visits: see Figure 3.",2021,atrial fibrillation,cardiology,True,,,EP Europace,ep europace,False,openalex,Jan Steffel; Rónán Collins; Matthias Antz; Pieter Cornu; Lien Desteghe; Karl Georg Hæusler; Jonas Oldgren; Holger Reinecke; Vanessa Roldan-Schilling; Nigel Rowell; Peter Sinnaeve; Thomas Vanassche; Tatjana Potpara; A. John Camm; Hein Heidbüchel; External reviewers; Gregory Y.H. Lip; Thomas Deneke; Nikolaos Dagres; Giuseppe Boriani; Tze-Fan Chao; Eue‐Keun Choi; Mellanie True Hills; Itamar S Santos; Deirdre A. Lane; Dan Atar; Boyoung Joung; Oana Maria Cole; Mark Field,https://doi.org/10.1093/europace/euab065,1067,,,,33895845,,,,,,,True,cited_by_count>=927 (top 10.0%); cited_by_count>=927 (top 10.0%),10.1093/europace/euab065,,,False,0.059222527
https://openalex.org/W3165793489,10.1124/pharmrev.120.000096,Endothelial Dysfunction in Atherosclerotic Cardiovascular Diseases and Beyond: From Mechanism to Pharmacotherapies,,2021,cardiovascular,cardiology,True,,,Pharmacological Reviews,pharmacological reviews,False,openalex,Suowen Xu; Iqra Ilyas; Peter J. Little; Hong Li; Danielle Kamato; Xueying Zheng; Sihui Luo; Zhuoming Li; Peiqing Liu; Jihong Han; Ian C. Harding; Eno E. Ebong; Scott J. Cameron; Alastair G. Stewart; Jianping Weng,https://doi.org/10.1124/pharmrev.120.000096,1067,,,,34088867,,,,,,,True,cited_by_count>=927 (top 10.0%); cited_by_count>=927 (top 10.0%),10.1124/pharmrev.120.000096,,,False,0.01700486
https://openalex.org/W2589164015,10.1161/circoutcomes.116.003497,Preeclampsia and Future Cardiovascular Health,"BACKGROUND: Preeclampsia is a pregnancy-specific disorder resulting in hypertension and multiorgan dysfunction. There is growing evidence that these effects persist after pregnancy. We aimed to systematically evaluate and quantify the evidence on the relationship between preeclampsia and the future risk of cardiovascular diseases. METHODS AND RESULTS: We studied the future risk of heart failure, coronary heart disease, composite cardiovascular disease, death because of coronary heart or cardiovascular disease, stroke, and stroke death after preeclampsia. A systematic search of MEDLINE and EMBASE was performed to identify relevant studies. We used random-effects meta-analysis to determine the risk. Twenty-two studies were identified with >6.4 million women including >258 000 women with preeclampsia. Meta-analysis of studies that adjusted for potential confounders demonstrated that preeclampsia was independently associated with an increased risk of future heart failure (risk ratio [RR], 4.19; 95% confidence interval [CI], 2.09-8.38), coronary heart disease (RR, 2.50; 95% CI, 1.43-4.37), cardiovascular disease death (RR, 2.21; 95% CI, 1.83-2.66), and stroke (RR, 1.81; 95% CI, 1.29-2.55). Sensitivity analyses showed that preeclampsia continued to be associated with an increased risk of future coronary heart disease, heart failure, and stroke after adjusting for age (RR, 3.89; 95% CI, 1.83-8.26), body mass index (RR, 3.16; 95% CI, 1.41-7.07), and diabetes mellitus (RR, 4.19; 95% CI, 2.09-8.38). CONCLUSIONS: Preeclampsia is associated with a 4-fold increase in future incident heart failure and a 2-fold increased risk in coronary heart disease, stroke, and death because of coronary heart or cardiovascular disease. Our study highlights the importance of lifelong monitoring of cardiovascular risk factors in women with a history of preeclampsia.",2017,cardiovascular,cardiology,True,,,Circulation Cardiovascular Quality and Outcomes,circulation cardiovascular quality and outcomes,False,openalex,Pensée Wu; Randula Haththotuwa; Chun Shing Kwok; Aswin Babu; Rafail A. Kotronias; Claire Rushton; Azfar Zaman; Anthony A. Fryer; Umesh Kadam; Carolyn Chew‐Graham; Mamas A. Mamas,https://doi.org/10.1161/circoutcomes.116.003497,1066,,,,28228456,,,,,,,True,cited_by_count>=927 (top 10.0%); cited_by_count>=927 (top 10.0%),10.1161/circoutcomes.116.003497,,,False,0.15814805
https://openalex.org/W2753813400,10.1161/circresaha.117.308903,"Reducing the Global Burden of Cardiovascular Disease, Part 1","Current global health policy goals include a 25% reduction in premature mortality from noncommunicable diseases by 2025. In this 2-part review, we provide an overview of the current epidemiological data on cardiovascular diseases (CVD), its risk factors, and describe strategies aimed at reducing its burden. In part 1, we examine the global epidemiology of cardiac conditions that have the greatest impact on CVD mortality; the predominant risk factors; and the impact of upstream, societal health determinants (eg, environmental factors, health policy, and health systems) on CVD. Although age-standardized mortality from CVD has decreased in many regions of the world, the absolute number of deaths continues to increase, with the majority now occurring in middle- and low-income countries. It is evident that multiple factors are causally related to CVD, including traditional individual level risk factors (mainly tobacco use, lipids, and elevated blood pressure) and societal level health determinants (eg, health systems, health policies, and barriers to CVD prevention and care). Both individual and societal risk factors vary considerably between different regions of the world and economic settings. However, reliable data to estimate CVD burden are lacking in many regions of the world, which hampers the establishment of nationwide prevention and management strategies. A 25% reduction in premature CVD mortality globally is feasible but will require better implementation of evidence-based policies (particularly tobacco control) and integrated health systems strategies that improve CVD prevention and management. In addition, there is a need for better health information to monitor progress and guide health policy decisions.",2017,cardiovascular,cardiology,False,,,Circulation Research,circulation research,False,openalex,Philip Joseph; Darryl P. Leong; Martin McKee; Sonia S. Anand; Jon-David Schwalm; Koon Teo; Andrew Mente; Salim Yusuf,,1063,,,,28860318,,,,,,,True,cited_by_count>=927 (top 10.0%); cited_by_count>=927 (top 10.0%),10.1161/circresaha.117.308903,,,False,0.12842932
https://openalex.org/W2793368865,10.1001/jamacardio.2018.0022,Association of Body Mass Index With Lifetime Risk of Cardiovascular Disease and Compression of Morbidity,"Importance: Prior studies have demonstrated lower all-cause mortality in individuals who are overweight compared with those with normal body mass index (BMI), but whether this may come at the cost of greater burden of cardiovascular disease (CVD) is unknown. Objective: To calculate lifetime risk estimates of incident CVD and subtypes of CVD and to estimate years lived with and without CVD by weight status. Design, Setting, and Participants: In this population-based study, we used pooled individual-level data from adults (baseline age, 20-39, 40-59, and 60-79 years) across 10 large US prospective cohorts, with 3.2 million person-years of follow-up from 1964 to 2015. All participants were free of clinical CVD at baseline with available BMI index and CVD outcomes data. Data were analyzed from October 2016 to July 2017. Exposures: World Health Organization-standardized BMI categories. Main Outcomes and Measures: Total CVD and CVD subtype, including fatal and nonfatal coronary heart disease, stroke, congestive heart failure, and other CVD deaths. Heights and weights were measured directly by investigators in each study, and BMI was calculated as weight in kilograms divided by height in meters squared. We performed (1) modified Kaplan-Meier analysis to estimate lifetime risks, (2) adjusted competing Cox models to estimate joint cumulative risks for CVD or noncardiovascular death, and (3) the Irwin restricted mean to estimate years lived free of and with CVD. Results: Of the 190 672 in-person examinations included in this study, the mean (SD) age was 46.0 (15.0) years for men and 58.7 (12.9) years for women, and 140 835 patients (73.9%) were female. Compared with individuals with a normal BMI (defined as a BMI of 18.5 to 24.9), lifetime risks for incident CVD were higher in middle-aged adults in the overweight and obese groups. Compared with normal weight, among middle-aged men and women, competing hazard ratios for incident CVD were 1.21 (95% CI, 1.14-1.28) and 1.32 (95% CI, 1.24-1.40), respectively, for overweight (BMI, 25.0-29.9), 1.67 (95% CI, 1.55-1.79) and 1.85 (95% CI, 1.72-1.99) for obesity (BMI, 30.0-39.9), and 3.14 (95% CI, 2.48-3.97) and 2.53 (95% CI, 2.20-2.91) for morbid obesity (BMI, ≥40.0). Higher BMI had the strongest association with incident heart failure among CVD subtypes. Average years lived with CVD were longer for middle-aged adults in the overweight and obese groups compared with adults in the normal BMI group. Similar patterns were observed in younger and older adults. Conclusions and Relevance: In this study, obesity was associated with shorter longevity and significantly increased risk of cardiovascular morbidity and mortality compared with normal BMI. Despite similar longevity compared with normal BMI, overweight was associated with significantly increased risk of developing CVD at an earlier age, resulting in a greater proportion of life lived with CVD morbidity.",2018,cardiovascular,cardiology,True,,,JAMA Cardiology,jama cardiology,False,openalex,Sadiya S. Khan; Hongyan Ning; John T. Wilkins; Norrina B. Allen; Mercedes R. Carnethon; Jarett D. Berry; Ranya Sweis; Donald M. Lloyd‐Jones,https://doi.org/10.1001/jamacardio.2018.0022,1060,,,,29490333,,,,,,,True,cited_by_count>=927 (top 10.0%); cited_by_count>=927 (top 10.0%),10.1001/jamacardio.2018.0022,,,False,0.0998112
https://openalex.org/W2338109770,10.1161/circresaha.116.307547,Cardiovascular Disease in Women,"Cardiovascular disease continues to be the leading cause of death among women in the United States, accounting for ≈1 of every 3 female deaths. Sex-specific data focused on cardiovascular disease have been increasing steadily, yet is not routinely collected nor translated into practice. This comprehensive review focuses on novel and unique aspects of cardiovascular health in women and sex differences as they relate to clinical practice in the prevention, diagnosis, and treatment of cardiovascular disease. This review also provides current approaches to the evaluation and treatment of acute coronary syndromes that are more prevalent in women, including myocardial infarction associated with nonobstructive coronary arteries, spontaneous coronary artery dissection, and stress-induced cardiomyopathy (Takotsubo Syndrome). Other cardiovascular disease entities with higher prevalence or unique considerations in women, such as heart failure with preserved ejection fraction, peripheral arterial disease, and abdominal aortic aneurysms, are also briefly reviewed. Finally, recommendations for cardiac rehabilitation are addressed.",2016,cardiovascular,cardiology,True,,,Circulation Research,circulation research,False,openalex,Mariana García; Sharon L. Mulvagh; C. Noel Bairey Merz; Julie E. Buring; JoAnn E. Manson,https://www.ncbi.nlm.nih.gov/pmc/articles/4834856,1060,,,,27081110,,,,,,,True,cited_by_count>=927 (top 10.0%); cited_by_count>=927 (top 10.0%),10.1161/circresaha.116.307547,,,False,0.015690845
https://openalex.org/W2753407454,10.1161/cir.0000000000000470,2016 AHA/ACC Guideline on the Management of Patients With Lower Extremity Peripheral Artery Disease: Executive Summary: A Report of the American College of Cardiology/American Heart Association Task Force on Clinical Practice Guidelines,"acute limb ischemia antiplatelet agents supervised exercise endovascular procedures bypass surgery limb salvage smoking cessation AHA/ACC GUIDELINE ACC/AHA Task Force Members, see page e707*Writing committee members are required to recuse themselves from voting on sections to which their specific relationships with industry and other entities may apply; see Appendix 1 for recusal information.Functioning as the lay volunteer/patient representative.ACC/AHA Representative.",2016,cardiology,cardiology,True,,,Circulation,circulation,False,openalex,Marie Gerhard‐Herman; Heather L. Gornik; Coletta Barrett; Neal R. Barshes; Matthew A. Corriere; Douglas E. Drachman; Lee A. Fleisher; F.G.R. Fowkes; Naomi M. Hamburg; Scott Kinlay; R. Lookstein; Sanjay Misra; Leila Mureebe; Jeffrey W. Olin; Rajan A.G. Patel; Judith G. Regensteiner; Andres Schanzer; Mehdi H. Shishehbor; Kerry J. Stewart; Diane Treat‐Jacobson; M. Eileen Walsh,https://doi.org/10.1161/cir.0000000000000470,1059,,,,27840332,,,,,,,True,cited_by_count>=927 (top 10.0%); cited_by_count>=927 (top 10.0%),10.1161/cir.0000000000000470,,,False,0.052904174
https://openalex.org/W2071675848,10.1038/nrcardio.2015.2,Inflammation and the pathogenesis of atrial fibrillation,,2015,atrial fibrillation,cardiology,False,,,Nature Reviews Cardiology,nature reviews cardiology,False,openalex,Yu‐Feng Hu; Yi‐Jen Chen; Yenn‐Jiang Lin; Shih‐Ann Chen,,1059,,,,25622848,,,,,,,True,cited_by_count>=927 (top 10.0%); cited_by_count>=927 (top 10.0%),10.1038/nrcardio.2015.2,,,False,-0.0015049204
https://openalex.org/W4228997710,10.1186/s12933-022-01511-x,Triglyceride-glucose index as a marker in cardiovascular diseases: landscape and limitations,"The triglyceride-glucose (TyG) index has been identified as a reliable alternative biomarker of insulin resistance (IR). Recently, a considerable number of studies have provided robust statistical evidence suggesting that the TyG index is associated with the development and prognosis of cardiovascular disease (CVD). Nevertheless, the application of the TyG index as a marker of CVD has not systemically been evaluated, and even less information exists regarding the underlying mechanisms associated with CVD. To this end, in this review, we summarize the history of the use of the TyG index as a surrogate marker for IR. We aimed to highlight the application value of the TyG index for a variety of CVD types and to explore the potential limitations of using this index as a predictor for cardiovascular events to improve its application value for CVD and provide more extensive and precise supporting evidence.",2022,cardiovascular,cardiology,True,,,Cardiovascular Diabetology,cardiovascular diabetology,True,openalex,Lichan Tao; Jiani Xu; Tingting Wang; Fei Hua; Jian‐Jun Li,https://doi.org/10.1186/s12933-022-01511-x,1057,,,,35524263,,,,,,,True,cited_by_count>=927 (top 10.0%); cited_by_count>=927 (top 10.0%),10.1186/s12933-022-01511-x,,,False,0.030268315
https://openalex.org/W2907983377,10.1002/ejhf.1369,The Use of Diuretics in Heart Failure with Congestion — A Position Statement from the Heart Failure Association of the European Society of Cardiology,"The vast majority of acute heart failure episodes are characterized by increasing symptoms and signs of congestion with volume overload. The goal of therapy in those patients is the relief of congestion through achieving a state of euvolaemia, mainly through the use of diuretic therapy. The appropriate use of diuretics however remains challenging, especially when worsening renal function, diuretic resistance and electrolyte disturbances occur. This position paper focuses on the use of diuretics in heart failure with congestion. The manuscript addresses frequently encountered challenges, such as (i) evaluation of congestion and clinical euvolaemia, (ii) assessment of diuretic response/resistance in the treatment of acute heart failure, (iii) an approach towards stepped pharmacologic diuretic strategies, based upon diuretic response, and (iv) management of common electrolyte disturbances. Recommendations are made in line with available guidelines, evidence and expert opinion.",2019,cardiology,cardiology,True,,,European Journal of Heart Failure,european journal of heart failure,False,openalex,Wilfried Müllens; Kevin Damman; Veli‐Pekka Harjola; Alexandre Mebazaa; Hans‐Peter Brunner‐La Rocca; Pieter Martens; Jeffrey M. Testani; W.H. Wilson Tang; Francesco Orso; Patrick Rossignol; Marco Metra; Gerasimos Filippatos; Petar Seferović; Frank Ruschitzka; Andrew J.S. Coats,https://doi.org/10.1002/ejhf.1369,1055,,,,30600580,,,,,,,True,cited_by_count>=927 (top 10.0%); cited_by_count>=927 (top 10.0%),10.1002/ejhf.1369,,,False,-0.027235735
https://openalex.org/W2560340862,10.1161/circulationaha.116.024545,High-Fiber Diet and Acetate Supplementation Change the Gut Microbiota and Prevent the Development of Hypertension and Heart Failure in Hypertensive Mice,"Background: Dietary intake of fruit and vegetables is associated with lower incidence of hypertension, but the mechanisms involved have not been elucidated. Here, we evaluated the effect of a high-fiber diet and supplementation with the short-chain fatty acid acetate on the gut microbiota and the prevention of cardiovascular disease. Methods: Gut microbiome, cardiorenal structure/function, and blood pressure were examined in sham and mineralocorticoid excess–treated mice with a control diet, high-fiber diet, or acetate supplementation. We also determined the renal and cardiac transcriptome of mice treated with the different diets. Results: We found that high consumption of fiber modified the gut microbiota populations and increased the abundance of acetate-producing bacteria independently of mineralocorticoid excess. Both fiber and acetate decreased gut dysbiosis, measured by the ratio of Firmicutes to Bacteroidetes, and increased the prevalence of Bacteroides acidifaciens . Compared with mineralocorticoid-excess mice fed a control diet, both high-fiber diet and acetate supplementation significantly reduced systolic and diastolic blood pressures, cardiac fibrosis, and left ventricular hypertrophy. Acetate had similar effects and markedly reduced renal fibrosis. Transcriptome analyses showed that the protective effects of high fiber and acetate were accompanied by the downregulation of cardiac and renal Egr1 , a master cardiovascular regulator involved in cardiac hypertrophy, cardiorenal fibrosis, and inflammation. We also observed the upregulation of a network of genes involved in circadian rhythm in both tissues and downregulation of the renin-angiotensin system in the kidney and mitogen-activated protein kinase signaling in the heart. Conclusions: A diet high in fiber led to changes in the gut microbiota that played a protective role in the development of cardiovascular disease. The favorable effects of fiber may be explained by the generation and distribution of one of the main metabolites of the gut microbiota, the short-chain fatty acid acetate. Acetate effected several molecular changes associated with improved cardiovascular health and function.",2016,heart failure,cardiology,True,,,Circulation,circulation,False,openalex,Francine Z. Marques; Erin Nelson; Po‐Yin Chu; Duncan Horlock; April Fiedler; Mark Ziemann; Jian Tan; Sanjaya Kuruppu; Niwanthi W. Rajapakse; Assam El‐Osta; Charles R. Mackay; David M. Kaye,https://doi.org/10.1161/circulationaha.116.024545,1046,,,,27927713,,,,,,,True,cited_by_count>=927 (top 10.0%); cited_by_count>=927 (top 10.0%),10.1161/circulationaha.116.024545,,,False,0.071344346
https://openalex.org/W4293217216,10.1093/eurheartj/ehac270,2022 ESC Guidelines on cardiovascular assessment and management of patients undergoing non-cardiac surgery,All experts involved in,2022,cardiovascular,cardiology,True,,,European Heart Journal,european heart journal,False,openalex,Sigrun Halvorsen; Julinda Mehilli; Salvatore Cassese; Trygve S. Hall; Magdy Abdelhamid; Emanuele Barbato; Stefan De Hert; Ingrid de Laval; Tobias Geisler; Lynne Hinterbuchner; Borja Ibáñez; Radosław Lenarczyk; Ulrich Mansmann; Paul McGreavy; Christian Mueller; Claudio Muneretto; Alexander Niessner; Tatjana Potpara; Arsen Ristić; Leyla Elif Sade; Henrik Schirmer; Stefanie Schüpke; Henrik Sillesen; Helge Skulstad; Lucia Torracca; Oktay Tutarel; Peter van der Meer; Wojtek Wojakowski; Kai Zacharowski; ESC Scientific Document Group; Juhani Knuuti; Steen Dalby Kristensen; Victor Aboyans; Ingo Ahrens; Sotiris Antoniou; Riccardo Asteggiano; Dan Atar; Andreas Baumbach; Helmut Baumgartner; Michael Böhm; Michael A Borger; Héctor Bueno; Jelena Čelutkienė; Alaide Chieffo; Maya Cikes; Harald Darius; Victoria Delgado; P.J. Devereaux; David Duncker; Volkmar Falk; Laurent Fauchier; Gilbert Habib; David Hasdai; Kurt Huber; Bernard Iung; Tiny Jaarsma; Aleksandra Konradi; Konstantinos C. Koskinas; Dipak Kotecha; Ulf Landmesser; Basil S. Lewis; Aleš Linhart; Maja Lisa Løchen; Michael Mæng; Stéphane Manzo‐Silberman; Richard Mindham; Lis Neubeck; Jens Cosedis Nielsen; Steffen E. Petersen; Eva Prescott; Amina Rakisheva; Antti Saraste; Dirk Sibbing; Jolanta M. Siller‐Matula; Marta Sitges; Ivan Stanković; Robert F. Storey; Jurriën M. ten Berg; Matthias Thielmann; Rhian M. Touyz; Mohammed Amine Bouzid; Hamayak Sisakian; Bernhard Metzler; Vadim Shumavets; Agnès Pasquet; Elnur Smajić; Maria Milanova; Boško Škorić; Maria Karakyriou; Hana Skalická; Michael Mæng; Bassem Abd Elhamid; Arno Ruusalepp; Kati Valtola; Ariel Cohen; Archil Chukhrukidze; Ilka Ott; Nikos Kafkas; Zoltán Járai; Þórdís Jóna Hrafnkelsdóttir,https://doi.org/10.1093/eurheartj/ehac270,1042,,,,36017553,,,,,,,True,cited_by_count>=927 (top 10.0%); cited_by_count>=927 (top 10.0%),10.1093/eurheartj/ehac270,,,False,0.085428074
https://openalex.org/W2156878339,10.1186/1475-2891-14-6,Role of homocysteine in the development of cardiovascular disease,"It is well known that neuronal damage following a stroke has been attributed to the over stimulation of excitatory amino acids such as glutamate and aspartate through activation of NMDA receptors. The brain is exposed to most of the constituents of plasma including homocysteine as a result of the disruption of the blood-brain barrier after stroke, head trauma and stress. The question, therefore, arises as to whether or not homocysteine is able to selectively stimulate the release of excitatory amino acids in stroke. This review article will address the importance of homocysteine in nervous system specifically how these amino acids may trigger the release of catecholamines. Our data will thus strengthen the view that a mechanism for the association of hyperhomocysteinemia with increased brain lesion in stroke. As hypothalamus also controls the cardiac function via sympathetic system, the contractility of heart will be compromised. Homocysteine is also known to mediate cardiovascular problems by its adverse effects on cardiovascular endothelium and smooth muscle cells with resultant alterations in subclinical arterial structure and function. The present review will thus summarize both central and peripheral effects of homocysteine and will highlight some of the controversies associated with hyperhomocysteinemia-induced cardiovascular problems.",2015,cardiovascular,cardiology,True,,,Nutrition Journal,nutrition journal,True,openalex,Paul Ganguly; Sreyoshi Fatima Alam,https://doi.org/10.1186/1475-2891-14-6,1040,,,,25577237,,,,,,,True,cited_by_count>=927 (top 10.0%); cited_by_count>=927 (top 10.0%),10.1186/1475-2891-14-6,,,False,0.027346823
https://openalex.org/W3012738153,10.1016/j.dsx.2020.03.013,Cardiovascular disease and COVID-19,,2020,cardiovascular,cardiology,True,,,Diabetes & Metabolic Syndrome Clinical Research & Reviews,diabetes & metabolic syndrome clinical research & reviews,False,openalex,Manish Bansal,https://www.ncbi.nlm.nih.gov/pmc/articles/7102662,1035,,,,32247212,,,,,,,True,cited_by_count>=927 (top 10.0%); cited_by_count>=927 (top 10.0%),10.1016/j.dsx.2020.03.013,,,False,-0.018113397
https://openalex.org/W2555762683,10.1136/bmj.i5953,Association between prediabetes and risk of cardiovascular disease and all cause mortality: systematic review and meta-analysis,"OBJECTIVES: To evaluate associations between different definitions of prediabetes and the risk of cardiovascular disease and all cause mortality. DESIGN: Meta-analysis of prospective cohort studies. DATA SOURCES: Electronic databases (PubMed, Embase, and Google Scholar). SELECTION CRITERIA: Prospective cohort studies from general populations were included for meta-analysis if they reported adjusted relative risks with 95% confidence intervals for associations between the risk of composite cardiovascular disease, coronary heart disease, stroke, all cause mortality, and prediabetes. REVIEW METHODS: ) of 39-47 mmol/mol : (5.7-6.4%) according to ADA criteria or 42-47 mmol/mol (6.0-6.4%) according to the National Institute for Health and Care Excellence (NICE) guideline. The relative risks of all cause mortality and cardiovascular events were calculated and reported with 95% confidence intervals. RESULTS: to 39-47 mmol/mol or 42-47 mmol/mol were both associated with an increased risk of composite cardiovascular disease (1.21 and 1.25, respectively) and coronary heart disease (1.15 and 1.28, respectively), but not with an increased risk of stroke and all cause mortality. CONCLUSIONS: of 39 mmol/mol.",2016,cardiovascular,cardiology,True,,,BMJ,bmj,False,openalex,Yuli Huang; Xiaoyan Cai; Weiyi Mai; Meijun Li; Yunzhao Hu,https://doi.org/10.1136/bmj.i5953,1033,,,,27881363,,,,,,,True,cited_by_count>=927 (top 10.0%); cited_by_count>=927 (top 10.0%),10.1136/bmj.i5953,,,False,0.112843566
https://openalex.org/W4283795391,10.1038/s41569-022-00735-4,The molecular and metabolic landscape of iron and ferroptosis in cardiovascular disease,,2022,cardiovascular,cardiology,True,,,Nature Reviews Cardiology,nature reviews cardiology,False,openalex,Xuexian Fang; Hossein Ardehali; Junxia Min; Fudi Wang,https://doi.org/10.1038/s41569-022-00735-4,1022,,,,35788564,,,,,,,True,cited_by_count>=927 (top 10.0%); cited_by_count>=927 (top 10.0%),10.1038/s41569-022-00735-4,,,False,0.10001886
https://openalex.org/W4239715795,10.1161/cir.0000000000000471,2016 AHA/ACC Guideline on the Management of Patients With Lower Extremity Peripheral Artery Disease: A Report of the American College of Cardiology/American Heart Association Task Force on Clinical Practice Guidelines,,2016,cardiology,cardiology,True,,,Circulation,circulation,False,openalex,Marie Gerhard‐Herman; Heather L. Gornik; Coletta Barrett; Neal R. Barshes; Matthew A. Corriere; Douglas E. Drachman; Lee A. Fleisher; F.G.R. Fowkes; Naomi M. Hamburg; Scott Kinlay; R. Lookstein; Sanjay Misra; Leila Mureebe; Jeffrey W. Olin; Rajan A.G. Patel; Judith G. Regensteiner; Andres Schanzer; Mehdi H. Shishehbor; Kerry J. Stewart; Diane Treat‐Jacobson; M. Eileen Walsh,https://doi.org/10.1161/cir.0000000000000471,1021,,,,27840333,,,,,,,True,cited_by_count>=927 (top 10.0%); cited_by_count>=927 (top 10.0%),10.1161/cir.0000000000000471,,,False,0.0475958
https://openalex.org/W4387435427,10.1161/cir.0000000000001186,A Synopsis of the Evidence for the Science and Clinical Management of Cardiovascular-Kidney-Metabolic (CKM) Syndrome: A Scientific Statement From the American Heart Association,"A growing appreciation of the pathophysiological interrelatedness of metabolic risk factors such as obesity and diabetes, chronic kidney disease, and cardiovascular disease has led to the conceptualization of cardiovascular-kidney-metabolic syndrome. The confluence of metabolic risk factors and chronic kidney disease within cardiovascular-kidney-metabolic syndrome is strongly linked to risk for adverse cardiovascular and kidney outcomes. In addition, there are unique management considerations for individuals with established cardiovascular disease and coexisting metabolic risk factors, chronic kidney disease, or both. An extensive body of literature supports our scientific understanding of, and approach to, prevention and management for individuals with cardiovascular-kidney-metabolic syndrome. However, there are critical gaps in knowledge related to cardiovascular-kidney-metabolic syndrome in terms of mechanisms of disease development, heterogeneity within clinical phenotypes, interplay between social determinants of health and biological risk factors, and accurate assessments of disease incidence in the context of competing risks. There are also key limitations in the data supporting the clinical care for cardiovascular-kidney-metabolic syndrome, particularly in terms of early-life prevention, screening for risk factors, interdisciplinary care models, optimal strategies for supporting lifestyle modification and weight loss, targeting of emerging cardioprotective and kidney-protective therapies, management of patients with both cardiovascular disease and chronic kidney disease, and the impact of systematically assessing and addressing social determinants of health. This scientific statement uses a crosswalk of major guidelines, in addition to a review of the scientific literature, to summarize the evidence and fundamental gaps related to the science, screening, prevention, and management of cardiovascular-kidney-metabolic syndrome.",2023,cardiovascular,cardiology,True,,,Circulation,circulation,False,openalex,Chiadi E. Ndumele; Ian J. Neeland; Katherine R. Tuttle; Sheryl L. Chow; Roy O. Mathew; Sadiya S. Khan; Josef Coresh; Carissa M. Baker‐Smith; Mercedes R. Carnethon; Jean‐Pierre Després; Jennifer E. Ho; Joshua J. Joseph; Walter N. Kernan; Amit Khera; Mikhail Kosiborod; Carolyn L. Lekavich; Eldrin F. Lewis; Kevin Bryan Lo; Bige Ozkan; Latha Palaniappan; Sonali S. Patel; Michael Pencina; Tiffany M. Powell‐Wiley; Laurence Sperling; Salim S. Virani; Jackson T. Wright; Radhika Rajgopal Singh; Mitchell S.V. Elkind; Janani Rangaswami,https://doi.org/10.1161/cir.0000000000001186,1019,,,,37807920,,,,,,,True,cited_by_count>=927 (top 10.0%); cited_by_count>=927 (top 10.0%),10.1161/cir.0000000000001186,,,False,0.064611495
https://openalex.org/W3139094122,10.1016/j.metabol.2021.154766,"Insulin resistance, cardiovascular stiffening and cardiovascular disease",,2021,cardiovascular,cardiology,False,,,Metabolism,metabolism,False,openalex,Michael A. Hill; Yang Yan; Liping Zhang; Zhe Sun; Guanghong Jia; Alan Parrish; James R. Sowers,,1013,,,,33766485,,,,,,,True,cited_by_count>=927 (top 10.0%); cited_by_count>=927 (top 10.0%),10.1016/j.metabol.2021.154766,,,False,-0.01828326
https://openalex.org/W2995889897,10.1093/eurheartj/ehz859,European Society of Cardiology: Cardiovascular Disease Statistics 2019,"AIMS: The 2019 report from the European Society of Cardiology (ESC) Atlas provides a contemporary analysis of cardiovascular disease (CVD) statistics across 56 member countries, with particular emphasis on international inequalities in disease burden and healthcare delivery together with estimates of progress towards meeting 2025 World Health Organization (WHO) non-communicable disease targets. METHODS AND RESULTS: In this report, contemporary CVD statistics are presented for member countries of the ESC. The statistics are drawn from the ESC Atlas which is a repository of CVD data from a variety of sources including the WHO, the Institute for Health Metrics and Evaluation, and the World Bank. The Atlas also includes novel ESC sponsored data on human and capital infrastructure and cardiovascular healthcare delivery obtained by annual survey of the national societies of ESC member countries. Across ESC member countries, the prevalence of obesity (body mass index ≥30 kg/m2) and diabetes has increased two- to three-fold during the last 30 years making the WHO 2025 target to halt rises in these risk factors unlikely to be achieved. More encouraging have been variable declines in hypertension, smoking, and alcohol consumption but on current trends only the reduction in smoking from 28% to 21% during the last 20 years appears sufficient for the WHO target to be achieved. The median age-standardized prevalence of major risk factors was higher in middle-income compared with high-income ESC member countries for hypertension {23.8% [interquartile range (IQR) 22.5-23.1%] vs. 15.7% (IQR 14.5-21.1%)}, diabetes [7.7% (IQR 7.1-10.1%) vs. 5.6% (IQR 4.8-7.0%)], and among males smoking [43.8% (IQR 37.4-48.0%) vs. 26.0% (IQR 20.9-31.7%)] although among females smoking was less common in middle-income countries [8.7% (IQR 3.0-10.8) vs. 16.7% (IQR 13.9-19.7%)]. There were associated inequalities in disease burden with disability-adjusted life years per 100 000 people due to CVD over three times as high in middle-income [7160 (IQR 5655-8115)] compared with high-income [2235 (IQR 1896-3602)] countries. Cardiovascular disease mortality was also higher in middle-income countries where it accounted for a greater proportion of potential years of life lost compared with high-income countries in both females (43% vs. 28%) and males (39% vs. 28%). Despite the inequalities in disease burden across ESC member countries, survey data from the National Cardiac Societies of the ESC showed that middle-income member countries remain severely under-resourced compared with high-income countries in terms of cardiological person-power and technological infrastructure. Under-resourcing in middle-income countries is associated with a severe procedural deficit compared with high-income countries in terms of coronary intervention, device implantation and cardiac surgical procedures. CONCLUSION: A seemingly inexorable rise in the prevalence of obesity and diabetes currently provides the greatest challenge to achieving further reductions in CVD burden across ESC member countries. Additional challenges are provided by inequalities in disease burden that now require intensification of policy initiatives in order to reduce population risk and prioritize cardiovascular healthcare delivery, particularly in the middle-income countries of the ESC where need is greatest.",2019,cardiology,cardiology,True,,,European Heart Journal,european heart journal,False,openalex,Adam Timmis; Nick Townsend; Chris P Gale; Aleksandra Torbica; Maddalena Lettino; Steffen E. Petersen; Elías Mossialos; Aldo P. Maggioni; Dzianis Kazakiewicz; Heidi T. May; Delphine De Smedt; Marcus Flather; Liesl Zühlke; John F. Beltrame; Radu Huculeci; Luigi Tavazzi; Gerhard Hindricks; Jeroen J. Bax; Barbara Casadei; Stephan Achenbach; Lucy Wright; Panos Vardas; European Society of Cardiology; Lezha Mimoza; Goda Artan; Aurel Demiraj; Mohammed Chettibi; Naima Hammoudi; Hamayak Sisakian; Sergey Pepoyan; Bernhard Metzler; Peter Siostrzonek; Franz Weidinger; Tofig Jahangirov; Farid Aliyev; Yasmin Rustamova; Н. А. Манак; Aliaksandr Mrochak; Patrizio Lancellotti; Agnès Pasquet; Marc J. Claeys; Zumreta Kušljugić; Larisa Dizdarević Hudić; Elnur Smajić; Mariya Tokmakova; Plamen Gatzov; Davor Miličić; Mijo Bergovec; Christos Christou; Hera Heracleous Moustra; Theodoros Christodoulides; Aleš Linhart; Miloš Táborský; Henrik Hansen; Lene Holmvang; Steen Dalby Kristensen; Magdy Abdelhamid; Khaled Shokry; Priit Kampus; Margus Viigimaa; Essi Ryödi; Matti Niemelä; Tuomas T. Rissanen; Jean‐Yves Le Heuzey; Martine Gilard; Alexander Aladashvili; Amiran Gamkrelidze; Maia Kereselidze; Andreas M. Zeiher; Hugo A. Katus; Kurt Bestehorn; Costas Tsioufis; John Goudevenos; Zoltán Csanádi; David M. Becker; Kálmán Tóth; Þórdís Jóna Hrafnkelsdóttir; James P. Crowley; Peter Kearney; Barbra Dalton; Doron Zahger; Arik Wolak; Domenico Gabrielli; Ciro Indolfi; Stefano Urbinati; Gulnara Imantayeva; Salim Berkinbayev; Gani Bajraktari; Artan Ahmeti; Gëzim Berisha; Erkin М Мirrakhimov; Abilova Saamay; Andrejs Ērglis; Iveta Bajāre; Sanda Jēgere; Malek Mohammed; Antoine Sarkis; Georges Saadeh; Rūta Žvirblytė; Gintarė Šakalytė,https://doi.org/10.1093/eurheartj/ehz859,1010,,,,31820000,,,,,,,True,cited_by_count>=927 (top 10.0%); cited_by_count>=927 (top 10.0%),10.1093/eurheartj/ehz859,,,False,0.117651395
https://openalex.org/W3016808868,10.1016/j.ajem.2020.04.048,Cardiovascular complications in COVID-19,,2020,cardiovascular,cardiology,True,,,The American Journal of Emergency Medicine,the american journal of emergency medicine,False,openalex,Brit Long; William J. Brady; Alex Koyfman; Michael Gottlieb,https://doi.org/10.1016/j.ajem.2020.04.048,1010,,,,32317203,,,,,,,True,cited_by_count>=927 (top 10.0%); cited_by_count>=927 (top 10.0%),10.1016/j.ajem.2020.04.048,,,False,-0.0557303
https://openalex.org/W2338349399,10.1056/nejmoa1503840,Body-Mass Index in 2.3 Million Adolescents and Cardiovascular Death in Adulthood,"BACKGROUND: In light of the worldwide increase in childhood obesity, we examined the association between body-mass index (BMI) in late adolescence and death from cardiovascular causes in adulthood. METHODS: We grouped data on BMI, as measured from 1967 through 2010 in 2.3 million Israeli adolescents (mean age, 17.3±0.4 years), according to age- and sex-specific percentiles from the U.S. Centers for Disease Control and Prevention. Primary outcomes were the number of deaths attributed to coronary heart disease, stroke, sudden death from an unknown cause, or a combination of all three categories (total cardiovascular causes) by mid-2011. Cox proportional-hazards models were used. RESULTS: During 42,297,007 person-years of follow-up, 2918 of 32,127 deaths (9.1%) were from cardiovascular causes, including 1497 from coronary heart disease, 528 from stroke, and 893 from sudden death. On multivariable analysis, there was a graded increase in the risk of death from cardiovascular causes and all causes that started among participants in the group that was in the 50th to 74th percentiles of BMI (i.e., within the accepted normal range). Hazard ratios in the obese group (≥95th percentile for BMI), as compared with the reference group in the 5th to 24th percentiles, were 4.9 (95% confidence interval [CI], 3.9 to 6.1) for death from coronary heart disease, 2.6 (95% CI, 1.7 to 4.1) for death from stroke, 2.1 (95% CI, 1.5 to 2.9) for sudden death, and 3.5 (95% CI, 2.9 to 4.1) for death from total cardiovascular causes, after adjustment for sex, age, birth year, sociodemographic characteristics, and height. Hazard ratios for death from cardiovascular causes in the same percentile groups increased from 2.0 (95% CI, 1.1 to 3.9) during follow-up for 0 to 10 years to 4.1 (95% CI, 3.1 to 5.4) during follow-up for 30 to 40 years; during both periods, hazard ratios were consistently high for death from coronary heart disease. Findings persisted in extensive sensitivity analyses. CONCLUSIONS: A BMI in the 50th to 74th percentiles, within the accepted normal range, during adolescence was associated with increased cardiovascular and all-cause mortality during 40 years of follow-up. Overweight and obesity were strongly associated with increased cardiovascular mortality in adulthood. (Funded by the Environment and Health Fund.).",2016,cardiovascular,cardiology,False,,,New England Journal of Medicine,new england journal of medicine,False,openalex,Gilad Twig; Gal Yaniv; Hagai Levine; Adi Leiba; Nehama Goldberger; Estela Derazne; Dana Ben‐Ami Shor; Dorit Tzur; Arnon Afek; Ari Shamiss; Ziona Haklai; Jeremy D. Kark,,1008,,,,27074389,,,,,,,True,cited_by_count>=927 (top 10.0%); cited_by_count>=927 (top 10.0%),10.1056/nejmoa1503840,,,False,0.03864152
https://openalex.org/W3045783780,10.1161/circresaha.120.316242,Gut Microbiota and Cardiovascular Disease,"Fecal microbial community changes are associated with numerous disease states, including cardiovascular disease (CVD). However, such data are merely associative. A causal contribution for gut microbiota in CVD has been further supported by a multitude of more direct experimental evidence. Indeed, gut microbiota transplantation studies, specific gut microbiota-dependent pathways, and downstream metabolites have all been shown to influence host metabolism and CVD, sometimes through specific identified host receptors. Multiple metaorganismal pathways (involving both microbe and host) both impact CVD in animal models and show striking clinical associations in human studies. For example, trimethylamine N-oxide and, more recently, phenylacetylglutamine are gut microbiota-dependent metabolites whose blood levels are associated with incident CVD risks in large-scale clinical studies. Importantly, a causal link to CVD for these and other specific gut microbial metabolites/pathways has been shown through numerous mechanistic animal model studies. Phenylacetylglutamine, for example, was recently shown to promote adverse cardiovascular phenotypes in the host via interaction with multiple ARs (adrenergic receptors)-a class of key receptors that regulate cardiovascular homeostasis. In this review, we summarize recent advances of microbiome research in CVD and related cardiometabolic phenotypes that have helped to move the field forward from associative to causative results. We focus on microbiota and metaorganismal compounds/pathways, with specific attention paid to short-chain fatty acids, secondary bile acids, trimethylamine N-oxide, and phenylacetylglutamine. We also discuss novel therapeutic strategies for directly targeting the gut microbiome to improve cardiovascular outcomes.",2020,cardiovascular,cardiology,True,,,Circulation Research,circulation research,False,openalex,Marco Witkowski; Taylor L. Weeks; Stanley L. Hazen,https://doi.org/10.1161/circresaha.120.316242,1003,,,,32762536,,,,,,,True,cited_by_count>=927 (top 10.0%); cited_by_count>=927 (top 10.0%),10.1161/circresaha.120.316242,,,False,0.037816163
https://openalex.org/W2068509302,10.1161/circgenetics.114.000216,Quantitative Serum Nuclear Magnetic Resonance Metabolomics in Cardiovascular Epidemiology and Genetics,"Metabolomics is becoming common in epidemiology due to recent developments in quantitative profiling technologies and appealing results from their applications for understanding health and disease. Our team has developed an automated high-throughput serum NMR metabolomics platform that provides quantitative molecular data on 14 lipoprotein subclasses, their lipid concentrations and composition, apolipoprotein A-I and B, multiple cholesterol and triglyceride measures, albumin, various fatty acids as well as on numerous low-molecular-weight metabolites, including amino acids, glycolysis related measures and ketone bodies. The molar concentrations of these measures are obtained from a single serum sample with costs comparable to standard lipid measurements. We have analyzed almost 250 000 samples from around 100 epidemiological cohorts and biobanks and the new international set-up of multiple platforms will allow an annual throughput of more than 250 000 samples. The molecular data have been used to study type 1 and type 2 diabetes etiology as well as to characterize the molecular reflections of the metabolic syndrome, long-term physical activity, diet and lipoprotein metabolism. The results have revealed new biomarkers for early atherosclerosis, type 2 diabetes, diabetic nephropathy, cardiovascular disease and all-cause mortality. We have also combined genomics and metabolomics in diverse studies. We envision that quantitative high-throughput NMR metabolomics will be incorporated as a routine in large biobanks; this would make perfect sense both from the biological research and cost point of view - the standard output of over 200 molecular measures would vastly extend the relevance of the sample collections and make many separate clinical chemistry assays redundant.",2015,cardiovascular,cardiology,False,,,Circulation Cardiovascular Genetics,circulation cardiovascular genetics,False,openalex,Pasi Soininen; Antti J. Kangas; Peter Würtz; Teemu Suna; Mika Ala‐Korpela,,1001,,,,25691689,,,,,,,True,cited_by_count>=927 (top 10.0%); cited_by_count>=927 (top 10.0%),10.1161/circgenetics.114.000216,,,False,0.13770387
https://openalex.org/W2134453898,10.1177/2047487315569401,"EUROASPIRE IV: A European Society of Cardiology survey on the lifestyle, risk factor and therapeutic management of coronary patients from 24 European countries","AIMS: To determine whether the Joint European Societies guidelines on cardiovascular prevention are being followed in everyday clinical practice of secondary prevention and to describe the lifestyle, risk factor and therapeutic management of coronary patients across Europe. METHODS AND RESULTS: EUROASPIRE IV was a cross-sectional study undertaken at 78 centres from 24 European countries. Patients <80 years with coronary disease who had coronary artery bypass graft, percutaneous coronary intervention or an acute coronary syndrome were identified from hospital records and interviewed and examined ≥ 6 months later. A total of 16,426 medical records were reviewed and 7998 patients (24.4% females) interviewed. At interview, 16.0% of patients smoked cigarettes, and 48.6% of those smoking at the time of the event were persistent smokers. Little or no physical activity was reported by 59.9%; 37.6% were obese (BMI ≥ 30 kg/m(2)) and 58.2% centrally obese (waist circumference ≥ 102 cm in men or ≥88 cm in women); 42.7% had blood pressure ≥ 140/90 mmHg (≥140/80 in people with diabetes); 80.5% had low-density lipoprotein cholesterol ≥ 1.8 mmol/l and 26.8% reported having diabetes. Cardioprotective medication was: anti-platelets 93.8%; beta-blockers 82.6%; angiotensin-converting enzyme inhibitors/angiotensin receptor blockers 75.1%; and statins 85.7%. Of the patients 50.7% were advised to participate in a cardiac rehabilitation programme and 81.3% of those advised attended at least one-half of the sessions. CONCLUSION: A large majority of coronary patients do not achieve the guideline standards for secondary prevention with high prevalences of persistent smoking, unhealthy diets, physical inactivity and consequently most patients are overweight or obese with a high prevalence of diabetes. Risk factor control is inadequate despite high reported use of medications and there are large variations in secondary prevention practice between centres. Less than one-half of the coronary patients access cardiac prevention and rehabilitation programmes. All coronary and vascular patients require a modern preventive cardiology programme, appropriately adapted to medical and cultural settings in each country, to achieve healthier lifestyles, better risk factor control and adherence with cardioprotective medications.",2015,cardiology,cardiology,True,,,European Journal of Preventive Cardiology,european journal of preventive cardiology,False,openalex,Kornelia Kotseva; David Wood; Dirk De Bacquer; Guy De Backer; Lars Rydén; Catriona Jennings; Viveca Gyberg; Philippe Amouyel; Jan Bruthans; Almudena Castro Conde; Renata Cífková; Jaap W. Deckers; Johan De Sutter; Mirza Dilić; Maryna Dolzhenko; Andrejs Ērglis; Zlatko Fras; Dan Gaiță; Nina Gotcheva; John Goudevenos; Peter U. Heuschmann; Aleksandras Laucevičius; Seppo Lehto; Dragan Lović; Davor Miličić; David Moore; Evagoras Nicolaides; Р. Г. Оганов; Andrzej Pająk; Nana Pogosova; Željko Reiner; Martin Stagmo; Stefan Störk; Lâle Tokgözoğlu; Duško Vulić; on behalf of the EUROASPIRE Investigators,https://doi.org/10.1177/2047487315569401,1000,,,,25687109,,,,,,,True,cited_by_count>=927 (top 10.0%); cited_by_count>=927 (top 10.0%),10.1177/2047487315569401,,,False,0.025246672
https://openalex.org/W2102904190,10.1016/j.jacc.2015.03.002,Long-Term Effect of Goal-Directed Weight Management in an Atrial Fibrillation Cohort,,2015,atrial fibrillation,cardiology,False,,,Journal of the American College of Cardiology,journal of the american college of cardiology,False,openalex,Rajeev K. Pathak; Melissa E. Middeldorp; Megan Meredith; Abhinav Mehta; Rajiv Mahajan; Christopher X. Wong; D. Twomey; Adrian D. Elliott; Jonathan M. Kalman; Walter P. Abhayaratna; Dennis H. Lau; Prashanthan Sanders,,1000,,,,25792361,,,,,,,True,cited_by_count>=927 (top 10.0%); cited_by_count>=927 (top 10.0%),10.1016/j.jacc.2015.03.002,,,False,0.01491059
https://openalex.org/W2941884731,10.3390/jcdd6020019,Cardiovascular Risks Associated with Gender and Aging,"The aging and elderly population are particularly susceptible to cardiovascular disease. Age is an independent risk factor for cardiovascular disease (CVD) in adults, but these risks are compounded by additional factors, including frailty, obesity, and diabetes. These factors are known to complicate and enhance cardiac risk factors that are associated with the onset of advanced age. Sex is another potential risk factor in aging adults, given that older females are reported to be at a greater risk for CVD than age-matched men. However, in both men and women, the risks associated with CVD increase with age, and these correspond to an overall decline in sex hormones, primarily of estrogen and testosterone. Despite this, hormone replacement therapies are largely shown to not improve outcomes in older patients and may also increase the risks of cardiac events in older adults. This review discusses current findings regarding the impacts of age and gender on heart disease.",2019,cardiovascular,cardiology,True,,,Journal of Cardiovascular Development and Disease,journal of cardiovascular development and disease,True,openalex,Jennifer L. Rodgers; Jarrod Jones; Samuel Ignatious Bolleddu; Sahit Vanthenapalli; Lydia E. Rodgers; Kinjal Shah; Krishna Karia; Siva K. Panguluri,https://doi.org/10.3390/jcdd6020019,998,,,,31035613,,,,,,,True,cited_by_count>=927 (top 10.0%); cited_by_count>=927 (top 10.0%),10.3390/jcdd6020019,,,False,0.015645377
https://openalex.org/W4308471536,10.1016/s0140-6736(22)02076-1,"Safety, tolerability and efficacy of up-titration of guideline-directed medical therapies for acute heart failure (STRONG-HF): a multinational, open-label, randomised, trial",,2022,heart failure,cardiology,True,,,The Lancet,the lancet,False,openalex,Alexandre Mebazaa; Beth A. Davison; Ovidiu Chioncel; Alain Cohen‐Solal; Rafael Díaz; Gerasimos Filippatos; Marco Metra; Piotr Ponikowski; Karen Sliwa; Adriaan A. Voors; Christopher Edwards; Maria Novosadova; Koji Takagi; Albertino Damasceno; Hadiza Saidu; Étienne Gayat; Peter S. Pang; Jelena Čelutkienė; Gad Cotter,https://doi.org/10.1016/s0140-6736(22)02076-1,988,,,,36356631,,,,,,,True,cited_by_count>=927 (top 10.0%); cited_by_count>=927 (top 10.0%),10.1016/s0140-6736(22)02076-1,,,False,0.07931832
https://openalex.org/W3157857666,10.1016/s0140-6736(21)00590-0,Pharmacological blood pressure lowering for primary and secondary prevention of cardiovascular disease across different levels of blood pressure: an individual participant-level data meta-analysis,"BACKGROUND: The effects of pharmacological blood pressure lowering at normal or high-normal blood pressure ranges in people with or without pre-existing cardiovascular disease remains uncertain. We analysed individual participant data from randomised trials to investigate the effects of blood pressure lowering treatment on the risk of major cardiovascular events by baseline levels of systolic blood pressure. METHODS: We did a meta-analysis of individual participant-level data from 48 randomised trials of pharmacological blood pressure lowering medications versus placebo or other classes of blood pressure-lowering medications, or between more versus less intensive treatment regimens, which had at least 1000 persons-years of follow-up in each group. Trials exclusively done with participants with heart failure or short-term interventions in participants with acute myocardial infarction or other acute settings were excluded. Data from 51 studies published between 1972 and 2013 were obtained by the Blood Pressure Lowering Treatment Trialists' Collaboration (Oxford University, Oxford, UK). We pooled the data to investigate the stratified effects of blood pressure-lowering treatment in participants with and without prevalent cardiovascular disease (ie, any reports of stroke, myocardial infarction, or ischaemic heart disease before randomisation), overall and across seven systolic blood pressure categories (ranging from <120 to ≥170 mm Hg). The primary outcome was a major cardiovascular event (defined as a composite of fatal and non-fatal stroke, fatal or non-fatal myocardial infarction or ischaemic heart disease, or heart failure causing death or requiring admission to hospital), analysed as per intention to treat. FINDINGS: Data for 344 716 participants from 48 randomised clinical trials were available for this analysis. Pre-randomisation mean systolic/diastolic blood pressures were 146/84 mm Hg in participants with previous cardiovascular disease (n=157 728) and 157/89 mm Hg in participants without previous cardiovascular disease (n=186 988). There was substantial spread in participants' blood pressure at baseline, with 31 239 (19·8%) of participants with previous cardiovascular disease and 14 928 (8·0%) of individuals without previous cardiovascular disease having a systolic blood pressure of less than 130 mm Hg. The relative effects of blood pressure-lowering treatment were proportional to the intensity of systolic blood pressure reduction. After a median 4·15 years' follow-up (Q1-Q3 2·97-4·96), 42 324 participants (12·3%) had at least one major cardiovascular event. In participants without previous cardiovascular disease at baseline, the incidence rate for developing a major cardiovascular event per 1000 person-years was 31·9 (95% CI 31·3-32·5) in the comparator group and 25·9 (25·4-26·4) in the intervention group. In participants with previous cardiovascular disease at baseline, the corresponding rates were 39·7 (95% CI 39·0-40·5) and 36·0 (95% CI 35·3-36·7), in the comparator and intervention groups, respectively. Hazard ratios (HR) associated with a reduction of systolic blood pressure by 5 mm Hg for a major cardiovascular event were 0·91, 95% CI 0·89-0·94 for partipants without previous cardiovascular disease and 0·89, 0·86-0·92, for those with previous cardiovascular disease. In stratified analyses, there was no reliable evidence of heterogeneity of treatment effects on major cardiovascular events by baseline cardiovascular disease status or systolic blood pressure categories. INTERPRETATION: In this large-scale analysis of randomised trials, a 5 mm Hg reduction of systolic blood pressure reduced the risk of major cardiovascular events by about 10%, irrespective of previous diagnoses of cardiovascular disease, and even at normal or high-normal blood pressure values. These findings suggest that a fixed degree of pharmacological blood pressure lowering is similarly effective for primary and secondary prevention of major cardiovascular disease, even at blood pressure levels currently not considered for treatment. Physicians communicating the indication for blood pressure lowering treatment to their patients should emphasise its importance on reducing cardiovascular risk rather than focusing on blood pressure reduction itself. FUNDING: British Heart Foundation, UK National Institute for Health Research, and Oxford Martin School.",2021,cardiovascular,cardiology,True,,,The Lancet,the lancet,False,openalex,Kazem Rahimi; Zeinab Bidel; Milad Nazarzadeh; Emma Copland; Dexter Canoy; Rema Ramakrishnan; Ana‐Catarina Pinho‐Gomes; Mark Woodward; Amanda Adler; Larry Agodoa; Ale Algra; Folkert W. Asselbergs; Nigel Beckett; Eivind Berge; Henry R. Black; Frank P. Brouwers; Morris J. Brown; Christopher J. Bulpitt; Robert P. Byington; William C. Cushman; Jeffrey A. Cutler; Richard B Devereaux; Jamie P. Dwyer; Ray Estacio; Robert Fagard; Kim Fox; Tsuguya Fukui; Ajay Gupta; Rury R. Holman; Yutaka Imai; Masao Ishii; Stevo Julius; Yoshihiko Kanno; Sverre E. Kjeldsen; John B. Kostis; Kizuku Kuramoto; Jan Lanke; Edmund J. Lewis; Julia B. Lewis; Michel Lièvre; Lars Lindholm; Stephan Lueders; Stephen MacMahon; Giuseppe Mancia; Masunori Matsuzaki; Maria H. Mehlum; Steven Nissen; Hiroshi Ogawa; Toshio Ogihara; Takayoshi Ohkubo; Christopher R. Palmer; Anushka Patel; Marc Allan Pfeffer; Bertram Pitt; Neil R Poulter; Hiromi Rakugi; Gianpaolo Reboldi; Christopher M. Reid; Giuseppe Remuzzi; Piero Ruggenenti; Takao Saruta; Joachim Schrader; Robert W. Schrier; Peter Sever; Peter Sleight; Jan A. Staessen; Hiromichi Suzuki; Lutgarde Thijs; Kenji Ueshima; Seiji Umemoto; Wiek H. van Gilst; Paolo Verdecchia; Kristian Wachtell; Paul K. Whelton; Lindon Wing; Yoshiki Yui; Salim Yusuf; Alberto Zanchetti; Zhen‐Yu Zhang; Craig S. Anderson; Colin Baigent; Barry M. Brenner; Rory Collins; Dick de Zeeuw; Jacobus Lubsen; Ettore Malacco; Bruce Neal; Vlado Perkovic; Anthony Rodgers; Peter M. Rothwell; Gholamreza Salimi-Khorshidi; Johan Sundström; Fiona Turnbull; Giancarlo Viberti; Ji‐Guang Wang; John Chalmers; Koon Teo; Carl J. Pepine; Barry R. Davis,https://doi.org/10.1016/s0140-6736(21)00590-0,986,,,,33933205,,,,,,,True,cited_by_count>=927 (top 10.0%); cited_by_count>=927 (top 10.0%),10.1016/s0140-6736(21)00590-0,,,False,0.050293144
https://openalex.org/W2997944188,10.1056/nejmoa1905239,Lipoprotein(a) Reduction in Persons with Cardiovascular Disease,"BACKGROUND: Lipoprotein(a) levels are genetically determined and, when elevated, are a risk factor for cardiovascular disease and aortic stenosis. There are no approved pharmacologic therapies to lower lipoprotein(a) levels. METHODS: (20, 40, or 60 mg every 4 weeks; 20 mg every 2 weeks; or 20 mg every week), or saline placebo subcutaneously for 6 to 12 months. The lipoprotein(a) level was measured with an isoform-independent assay. The primary end point was the percent change in lipoprotein(a) level from baseline to month 6 of exposure (week 25 in the groups that received monthly doses and week 27 in the groups that received more frequent doses). RESULTS: dose and placebo with respect to platelet counts, liver and renal measures, or influenza-like symptoms. The most common adverse events were injection-site reactions. CONCLUSIONS: reduced lipoprotein(a) levels in a dose-dependent manner in patients who had elevated lipoprotein(a) levels and established cardiovascular disease. (Funded by Akcea Therapeutics; ClinicalTrials.gov number, NCT03070782.).",2020,cardiovascular,cardiology,True,,,New England Journal of Medicine,new england journal of medicine,False,openalex,Sotirios Tsimikas; Ewa Karwatowska‐Prokopczuk; Ioanna Gouni‐Berthold; Jean‐Claude Tardif; Seth J. Baum; Elizabeth Steinhagen-Thiessen; Michael D. Shapiro; Erik S.G. Stroes; Patrick M. Moriarty; Børge G. Nordestgaard; Shuting Xia; Jonathan Guerriero; Nicholas J. Viney; Louis O’Dea; Joseph L. Witztum,https://doi.org/10.1056/nejmoa1905239,986,,,,31893580,,,,,,,True,cited_by_count>=927 (top 10.0%); cited_by_count>=927 (top 10.0%),10.1056/nejmoa1905239,,,False,0.044922665
https://openalex.org/W4294233249,10.1016/s0140-6736(15)00805-3,Effects of intensive blood pressure lowering on cardiovascular and renal outcomes: updated systematic review and meta-analysis,,2015,cardiovascular,cardiology,False,,,The Lancet,the lancet,False,openalex,Xinfang Xie; Emily Atkins; Jicheng Lv; Alexander Bennett; Bruce Neal; Toshiharu Ninomiya; Mark Woodward; Stephen MacMahon; Fiona Turnbull; Graham S. Hillis; John Chalmers; Jonathan Mant; Abdul Salam; Kazem Rahimi; Vlado Perkovic; Anthony Rodgers,,983,,,,,,,,,,,True,cited_by_count>=927 (top 10.0%); cited_by_count>=927 (top 10.0%),10.1016/s0140-6736(15)00805-3,,,False,0.052786395
https://openalex.org/W3080666297,10.3390/molecules25173809,Anthocyanins: A Comprehensive Review of Their Chemical Properties and Health Effects on Cardiovascular and Neurodegenerative Diseases,"Anthocyanins are a class of water-soluble flavonoids widely present in fruits and vegetables. Dietary sources of anthocyanins include red and purple berries, grapes, apples, plums, cabbage, or foods containing high levels of natural colorants. Cyanidin, delphinidin, malvidin, peonidin, petunidin, and pelargonidin are the six common anthocyanidins. Following consumption, anthocyanin, absorption occurs along the gastrointestinal tract, the distal lower bowel being the place where most of the absorption and metabolism occurs. In the intestine, anthocyanins first undergo extensive microbial catabolism followed by absorption and human phase II metabolism. This produces hybrid microbial-human metabolites which are absorbed and subsequently increase the bioavailability of anthocyanins. Health benefits of anthocyanins have been widely described, especially in the prevention of diseases associated with oxidative stress, such as cardiovascular and neurodegenerative diseases. Furthermore, recent evidence suggests that health-promoting effects attributed to anthocyanins may also be related to modulation of gut microbiota. In this paper we attempt to provide a comprehensive view of the state-of-the-art literature on anthocyanins, summarizing recent findings on their chemistry, biosynthesis, nutritional value and on their effects on human health.",2020,cardiovascular,cardiology,True,,,Molecules,molecules,True,openalex,Roberto Mattioli; Antonio Francioso; Luciana Mosca; Paula Silva,https://doi.org/10.3390/molecules25173809,977,,,,32825684,,,,,,,True,cited_by_count>=927 (top 10.0%); cited_by_count>=927 (top 10.0%),10.3390/molecules25173809,,,False,0.10670376
https://openalex.org/W3103257019,10.1001/jama.2020.22258,Effect of High-Dose Omega-3 Fatty Acids vs Corn Oil on Major Adverse Cardiovascular Events in Patients at High Cardiovascular Risk,"Importance: It remains uncertain whether the omega-3 fatty acids eicosapentaenoic acid (EPA) and docosahexaenoic acid (DHA) reduce cardiovascular risk. Objective: To determine the effects on cardiovascular outcomes of a carboxylic acid formulation of EPA and DHA (omega-3 CA) with documented favorable effects on lipid and inflammatory markers in patients with atherogenic dyslipidemia and high cardiovascular risk. Design, Setting, and Participants: A double-blind, randomized, multicenter trial (enrollment October 30, 2014, to June 14, 2017; study termination January 8, 2020; last patient visit May 14, 2020) comparing omega-3 CA with corn oil in statin-treated participants with high cardiovascular risk, hypertriglyceridemia, and low levels of high-density lipoprotein cholesterol (HDL-C). A total of 13 078 patients were randomized at 675 academic and community hospitals in 22 countries in North America, Europe, South America, Asia, Australia, New Zealand, and South Africa. Interventions: Participants were randomized to receive 4 g/d of omega-3 CA (n = 6539) or corn oil, which was intended to serve as an inert comparator (n = 6539), in addition to usual background therapies, including statins. Main Outcomes and Measures: The primary efficacy measure was a composite of cardiovascular death, nonfatal myocardial infarction, nonfatal stroke, coronary revascularization, or unstable angina requiring hospitalization. Results: When 1384 patients had experienced a primary end point event (of a planned 1600 events), the trial was prematurely halted based on an interim analysis that indicated a low probability of clinical benefit of omega-3 CA vs the corn oil comparator. Among the 13 078 treated patients (mean [SD] age, 62.5 [9.0] years; 35% women; 70% with diabetes; median low-density lipoprotein [LDL] cholesterol level, 75.0 mg/dL; median triglycerides level, 240 mg/dL; median HDL-C level, 36 mg/dL; and median high-sensitivity C-reactive protein level, 2.1 mg/L), 12 633 (96.6%) completed the trial with ascertainment of primary end point status. The primary end point occurred in 785 patients (12.0%) treated with omega-3 CA vs 795 (12.2%) treated with corn oil (hazard ratio, 0.99 [95% CI, 0.90-1.09]; P = .84). A greater rate of gastrointestinal adverse events was observed in the omega-3 CA group (24.7%) compared with corn oil-treated patients (14.7%). Conclusions and Relevance: Among statin-treated patients at high cardiovascular risk, the addition of omega-3 CA, compared with corn oil, to usual background therapies resulted in no significant difference in a composite outcome of major adverse cardiovascular events. These findings do not support use of this omega-3 fatty acid formulation to reduce major adverse cardiovascular events in high-risk patients. Trial Registration: ClinicalTrials.gov Identifier: NCT02104817.",2020,cardiovascular,cardiology,True,,,JAMA,jama,False,openalex,Stephen J. Nicholls; A. Michael Lincoff; Michelle Garcia; Dianna Bash; Christie M. Ballantyne; Philip J. Barter; Michael H. Davidson; John J.P. Kastelein; Wolfgang Köenig; Darren K. McGuire; Dariush Mozaffarian; Paul M. Ridker; Kausik K. Ray; Brian G. Katona; Anders Himmelmänn; Larrye E. Loss; Martin Rensfeldt; Torbjörn Lundström; Rahul Agrawal; Venu Menon; Kathy Wolski; Steven E. Nissen,https://doi.org/10.1001/jama.2020.22258,976,,,,33190147,,,,,,,True,cited_by_count>=927 (top 10.0%); cited_by_count>=927 (top 10.0%),10.1001/jama.2020.22258,,,False,0.10005181
https://openalex.org/W3209760524,10.1161/cir.0000000000001031,2021 Dietary Guidance to Improve Cardiovascular Health: A Scientific Statement From the American Heart Association,"Poor diet quality is strongly associated with elevated risk of cardiovascular disease morbidity and mortality. This scientific statement emphasizes the importance of dietary patterns beyond individual foods or nutrients, underscores the critical role of nutrition early in life, presents elements of heart-healthy dietary patterns, and highlights structural challenges that impede adherence to heart-healthy dietary patterns. Evidence-based dietary pattern guidance to promote cardiometabolic health includes the following: (1) adjust energy intake and expenditure to achieve and maintain a healthy body weight; (2) eat plenty and a variety of fruits and vegetables; (3) choose whole grain foods and products; (4) choose healthy sources of protein (mostly plants; regular intake of fish and seafood; low-fat or fat-free dairy products; and if meat or poultry is desired, choose lean cuts and unprocessed forms); (5) use liquid plant oils rather than tropical oils and partially hydrogenated fats; (6) choose minimally processed foods instead of ultra-processed foods; (7) minimize the intake of beverages and foods with added sugars; (8) choose and prepare foods with little or no salt; (9) if you do not drink alcohol, do not start; if you choose to drink alcohol, limit intake; and (10) adhere to this guidance regardless of where food is prepared or consumed. Challenges that impede adherence to heart-healthy dietary patterns include targeted marketing of unhealthy foods, neighborhood segregation, food and nutrition insecurity, and structural racism. Creating an environment that facilitates, rather than impedes, adherence to heart-healthy dietary patterns among all individuals is a public health imperative.",2021,cardiovascular,cardiology,False,,,Circulation,circulation,False,openalex,Alice H. Lichtenstein; Lawrence J. Appel; Maya Vadiveloo; Frank B. Hu; Penny M. Kris‐Etherton; Casey M. Rebholz; Frank M. Sacks; Anne N. Thorndike; Linda Van Horn; Judith Wylie‐Rosett,,973,,,,34724806,,,,,,,True,cited_by_count>=927 (top 10.0%); cited_by_count>=927 (top 10.0%),10.1161/cir.0000000000001031,,,False,0.07822213
https://openalex.org/W2595169180,10.1056/nejmoa1615758,Inclisiran in Patients at High Cardiovascular Risk with Elevated LDL Cholesterol,"BACKGROUND: In a previous study, a single injection of inclisiran, a chemically synthesized small interfering RNA designed to target PCSK9 messenger RNA, was found to produce sustained reductions in low-density lipoprotein (LDL) cholesterol levels over the course of 84 days in healthy volunteers. METHODS: We conducted a phase 2, multicenter, double-blind, placebo-controlled, multiple-ascending-dose trial of inclisiran administered as a subcutaneous injection in patients at high risk for cardiovascular disease who had elevated LDL cholesterol levels. Patients were randomly assigned to receive a single dose of placebo or 200, 300, or 500 mg of inclisiran or two doses (at days 1 and 90) of placebo or 100, 200, or 300 mg of inclisiran. The primary end point was the change from baseline in LDL cholesterol level at 180 days. Safety data were available through day 210, and data on LDL cholesterol and proprotein convertase subtilisin-kexin type 9 (PCSK9) levels were available through day 240. RESULTS: A total of 501 patients underwent randomization. Patients who received inclisiran had dose-dependent reductions in PCSK9 and LDL cholesterol levels. At day 180, the least-squares mean reductions in LDL cholesterol levels were 27.9 to 41.9% after a single dose of inclisiran and 35.5 to 52.6% after two doses (P<0.001 for all comparisons vs. placebo). The two-dose 300-mg inclisiran regimen produced the greatest reduction in LDL cholesterol levels: 48% of the patients who received the regimen had an LDL cholesterol level below 50 mg per deciliter (1.3 mmol per liter) at day 180. At day 240, PCSK9 and LDL cholesterol levels remained significantly lower than at baseline in association with all inclisiran regimens. Serious adverse events occurred in 11% of the patients who received inclisiran and in 8% of the patients who received placebo. Injection-site reactions occurred in 5% of the patients who received injections of inclisiran. CONCLUSIONS: In our trial, inclisiran was found to lower PCSK9 and LDL cholesterol levels among patients at high cardiovascular risk who had elevated LDL cholesterol levels. (Funded by the Medicines Company; ORION-1 ClinicalTrials.gov number, NCT02597127 .).",2017,cardiovascular,cardiology,True,,,New England Journal of Medicine,new england journal of medicine,False,openalex,Kausik K. Ray; Ulf Landmesser; Lawrence A. Leiter; David Kallend; Robert Dufour; Mahir Karakas; Tim N. Hall; Roland P.T. Troquay; Traci Turner; Frank L.J. Visseren; Peter Wijngaard; R. Scott Wright; John J.P. Kastelein,https://doi.org/10.1056/nejmoa1615758,970,,,,28306389,,,,,,,True,cited_by_count>=927 (top 10.0%); cited_by_count>=927 (top 10.0%),10.1056/nejmoa1615758,,,False,-0.011451179
https://openalex.org/W2462116812,10.1161/circulationaha.116.021884,Phenotype-Specific Treatment of Heart Failure With Preserved Ejection Fraction,"Heart failure (HF) with preserved ejection fraction (EF; HFpEF) accounts for 50% of HF cases, and its prevalence relative to HF with reduced EF continues to rise. In contrast to HF with reduced EF, large trials testing neurohumoral inhibition in HFpEF failed to reach a positive outcome. This failure was recently attributed to distinct systemic and myocardial signaling in HFpEF and to diversity of HFpEF phenotypes. In this review, an HFpEF treatment strategy is proposed that addresses HFpEF-specific signaling and phenotypic diversity. In HFpEF, extracardiac comorbidities such as metabolic risk, arterial hypertension, and renal insufficiency drive left ventricular remodeling and dysfunction through systemic inflammation and coronary microvascular endothelial dysfunction. The latter affects left ventricular diastolic dysfunction through macrophage infiltration, resulting in interstitial fibrosis, and through altered paracrine signaling to cardiomyocytes, which become hypertrophied and stiff because of low nitric oxide and cyclic guanosine monophosphate. Systemic inflammation also affects other organs such as lungs, skeletal muscle, and kidneys, leading, respectively, to pulmonary hypertension, muscle weakness, and sodium retention. Individual steps of these signaling cascades can be targeted by specific interventions: metabolic risk by caloric restriction, systemic inflammation by statins, pulmonary hypertension by phosphodiesterase 5 inhibitors, muscle weakness by exercise training, sodium retention by diuretics and monitoring devices, myocardial nitric oxide bioavailability by inorganic nitrate-nitrite, myocardial cyclic guanosine monophosphate content by neprilysin or phosphodiesterase 9 inhibition, and myocardial fibrosis by spironolactone. Because of phenotypic diversity in HFpEF, personalized therapeutic strategies are proposed, which are configured in a matrix with HFpEF presentations in the abscissa and HFpEF predispositions in the ordinate.",2016,heart failure,cardiology,True,,,Circulation,circulation,False,openalex,Sanjiv J. Shah; Dalane W. Kitzman; Barry A. Borlaug; Loek van Heerebeek; Michael R. Zile; David A. Kass; Walter J. Paulus,https://doi.org/10.1161/circulationaha.116.021884,967,,,,27358439,,,,,,,True,cited_by_count>=927 (top 10.0%); cited_by_count>=927 (top 10.0%),10.1161/circulationaha.116.021884,,,False,0.05635788
https://openalex.org/W4392520497,10.1056/nejmoa2309822,Microplastics and Nanoplastics in Atheromas and Cardiovascular Events,"BACKGROUND: Microplastics and nanoplastics (MNPs) are emerging as a potential risk factor for cardiovascular disease in preclinical studies. Direct evidence that this risk extends to humans is lacking. METHODS: We conducted a prospective, multicenter, observational study involving patients who were undergoing carotid endarterectomy for asymptomatic carotid artery disease. The excised carotid plaque specimens were analyzed for the presence of MNPs with the use of pyrolysis-gas chromatography-mass spectrometry, stable isotope analysis, and electron microscopy. Inflammatory biomarkers were assessed with enzyme-linked immunosorbent assay and immunohistochemical assay. The primary end point was a composite of myocardial infarction, stroke, or death from any cause among patients who had evidence of MNPs in plaque as compared with patients with plaque that showed no evidence of MNPs. RESULTS: A total of 304 patients were enrolled in the study, and 257 completed a mean (±SD) follow-up of 33.7±6.9 months. Polyethylene was detected in carotid artery plaque of 150 patients (58.4%), with a mean level of 21.7±24.5 μg per milligram of plaque; 31 patients (12.1%) also had measurable amounts of polyvinyl chloride, with a mean level of 5.2±2.4 μg per milligram of plaque. Electron microscopy revealed visible, jagged-edged foreign particles among plaque macrophages and scattered in the external debris. Radiographic examination showed that some of these particles included chlorine. Patients in whom MNPs were detected within the atheroma were at higher risk for a primary end-point event than those in whom these substances were not detected (hazard ratio, 4.53; 95% confidence interval, 2.00 to 10.27; P<0.001). CONCLUSIONS: In this study, patients with carotid artery plaque in which MNPs were detected had a higher risk of a composite of myocardial infarction, stroke, or death from any cause at 34 months of follow-up than those in whom MNPs were not detected. (Funded by Programmi di Ricerca Scientifica di Rilevante Interesse Nazionale and others; ClinicalTrials.gov number, NCT05900947.).",2024,cardiovascular,cardiology,True,,,New England Journal of Medicine,new england journal of medicine,False,openalex,Raffaele Marfella; Francesco Prattichizzo; Celestino Sardu; Gianluca Fulgenzi; Laura Graciotti; Tatiana Spadoni; Nunzia D’Onofrio; Lucia Scisciola; Rosalba La Grotta; Chiara Frigé; Valeria Pellegrini; Maurizio Municinò; Mario Siniscalchi; Fabio Spinetti; Gennaro Vigliotti; Carmine Vecchione; Albino Carrizzo; Giulio Accarino; Antonio Squillante; Giuseppe Spaziano; Davida Mirra; Renata Esposito; Simona Altieri; Giovanni Falco; Angelo Fenti; Simona Galoppo; Silvana Canzano; Ferdinando Carlo Sasso; Giulia Matacchione; Olivieri Fabiola; Franca Ferraraccio; Iacopo Panarese; Pasquale Paolisso; Emanuele Barbato; Carmine Lubritto; Maria Luisa Balestrieri; Ciro Mauro; A. Enrique Caballero; Sanjay Rajagopalan; Antonio Ceriello; Bruno D’Agostino; Pasquale Iovino; Giuseppe Paolisso,https://hdl.handle.net/11566/327613,964,,,,38446676,,,,,,,True,cited_by_count>=927 (top 10.0%); cited_by_count>=927 (top 10.0%),10.1056/nejmoa2309822,,,False,0.07213609
https://openalex.org/W1937493121,10.1016/s0140-6736(15)60648-1,"Complete revascularisation versus treatment of the culprit lesion only in patients with ST-segment elevation myocardial infarction and multivessel disease (DANAMI-3—PRIMULTI): an open-label, randomised controlled trial",,2015,myocardial infarction,cardiology,False,,,The Lancet,the lancet,False,openalex,Thomas Engstrøm; Henning Kelbæk; Steffen Helqvist; Dan Eik Høfsten; Lene Kløvgaard; Lene Holmvang; Erik Jørgensen; Frants Pedersen; Kari Saunamäki; Peter Clemmensen; Ole De Backer; Jan Ravkilde; Hans–Henrik Tilsted; Anton Boel Villadsen; Jens Aarøe; Svend Eggert Jensen; Bent Raungaard; Lars Køber,,962,,,,26347918,,,,,,,True,cited_by_count>=927 (top 10.0%); cited_by_count>=927 (top 10.0%),10.1016/s0140-6736(15)60648-1,,,False,-0.037540615
https://openalex.org/W3011678644,10.1161/circoutcomes.120.006631,"Impact of Coronavirus Disease 2019 (COVID-19) Outbreak on ST-Segment–Elevation Myocardial Infarction Care in Hong Kong, China","cute ST-segment-elevation myocardial infarction (STEMI) is a disease of high mortality and morbidity, and primary percutaneous coronary intervention (PPCI) is the typical recommended therapy. 1,2 Systems of care have been established to expedite PPCI workflow to minimize ischemic time from symptom onset to definitive treatment in the catheterization laboratory. Little is known about the impact of public health emergencies like a community outbreak of infectious disease on STEMI systems of care. Since December 2019, the emergence of Coronavirus disease 2019 (COVID-19) in Wuhan, China, has evolved into a regional epidemic, including in Hong Kong, a city in Southern China. We describe the impact of the COVID-19 outbreak on STEMI care in Hong Kong through a handful of recent cases of patients with STEMI who underwent PPCI at a single center.",2020,myocardial infarction,cardiology,True,,,Circulation Cardiovascular Quality and Outcomes,circulation cardiovascular quality and outcomes,False,openalex,Chor Cheung Tam; KS Cheung; Simon Lam; Yiu Tung Anthony Wong; Arthur Yung; Michael Sze; Yui‐Ming Lam; Carmen Chan; Tat-Chi Tsang; Matthew Tsui; Hung‐Fat Tse; Chung‐Wah Siu,https://doi.org/10.1161/circoutcomes.120.006631,960,,,,32182131,,,,,,,True,cited_by_count>=927 (top 10.0%); cited_by_count>=927 (top 10.0%),10.1161/circoutcomes.120.006631,,,False,0.023671132
https://openalex.org/W2983452894,10.1177/2047487319878371,Diabetes as a cardiovascular risk factor: An overview of global trends of macro and micro vascular complications,"The global prevalence of diabetes is predicted to increase dramatically in the coming decades as the population grows and ages, in parallel with the rising burden of overweight and obesity, in both developed and developing countries. Cardiovascular disease represents the principal cause of death and morbidity among people with diabetes, especially in those with type 2 diabetes mellitus. Adults with diabetes have 2-4 times increased cardiovascular risk compared with adults without diabetes, and the risk rises with worsening glycaemic control. Diabetes has been associated with 75% increase in mortality rate in adults, and cardiovascular disease accounts for a large part of the excess mortality. Diabetes-related macrovascular and microvascular complications, including coronary heart disease, cerebrovascular disease, heart failure, peripheral vascular disease, chronic renal disease, diabetic retinopathy and cardiovascular autonomic neuropathy are responsible for the impaired quality of life, disability and premature death associated with diabetes. Given the substantial clinical impact of diabetes as a cardiovascular risk factor, there has been a growing focus on diabetes-related complications. While some population-based studies suggest that the epidemiology of such complications is changing and that rates of all-cause and cardiovascular mortality among individuals with diabetes are decreasing in high-income countries, the economic and social burden of diabetes is expected to rise due to changing demographics and lifestyle especially in middle- and low-income countries. In this review we outline data from population-based studies on recent and long-term trends in diabetes-related complications.",2019,cardiovascular,cardiology,True,,,European Journal of Preventive Cardiology,european journal of preventive cardiology,False,openalex,Elisa Dal Canto; Antonio Ceriello; Lars Rydén; Marc Ferrini; Tina B Hansen; Oliver Schnell; Eberhard Standl; Joline W. J. Beulens,https://doi.org/10.1177/2047487319878371,960,,,,31722562,,,,,,,True,cited_by_count>=927 (top 10.0%); cited_by_count>=927 (top 10.0%),10.1177/2047487319878371,,,False,0.0022392608
https://openalex.org/W1964646781,10.1161/circulationaha.114.011201,Systematic Review of Patients Presenting With Suspected Myocardial Infarction and Nonobstructive Coronary Arteries,"BACKGROUND: Myocardial infarction with nonobstructive coronary arteries (MINOCA) is a puzzling clinical entity with no previous evaluation of the literature. This systematic review aims to (1) quantify the prevalence, risk factors, and 12-month prognosis in patients with MINOCA, and (2) evaluate potential pathophysiological mechanisms underlying this disorder. METHODS AND RESULTS: Quantitative assessment of 28 publications using a meta-analytic approach evaluated the prevalence, clinical features, and prognosis of MINOCA. The prevalence of MINOCA was 6% [95% confidence interval, 5%-7%] with a median patient age of 55 years (95% confidence interval, 51-59 years) and 40% women. However, in comparison with those with myocardial infarction associated with obstructive coronary artery disease, the patients with MINOCA were more likely to be younger and female but less likely to have hyperlipidemia, although other cardiovascular risk factors were similar. All-cause mortality at 12 months was lower in MINOCA (4.7%; 95% confidence interval, 2.6%-6.9%) compared with myocardial infarction associated with obstructive coronary artery disease (6.7%, 95% confidence interval, 4.3%-9.0%). Qualitative assessment of 46 publications evaluating the underlying pathophysiology responsible for MINOCA revealed the presence of a typical myocardial infarct on cardiac magnetic resonance imaging in only 24% of patients, with myocarditis occurring in 33% and no significant abnormality in 26%. Coronary artery spasm was inducible in 27% of MINOCA patients, and thrombophilia disorders were detected in 14%. CONCLUSIONS: MINOCA should be considered as a working diagnosis with multiple potential causes that require evaluation so that directed therapies may improve its guarded prognosis.",2015,myocardial infarction,cardiology,True,,,Circulation,circulation,False,openalex,Sivabaskari Pasupathy; Tracy Air; Rachel P. Dreyer; Rosanna Tavella; John F. Beltrame,https://doi.org/10.1161/circulationaha.114.011201,957,,,,25587100,,,,,,,True,cited_by_count>=927 (top 10.0%); cited_by_count>=927 (top 10.0%),10.1161/circulationaha.114.011201,,,False,0.015742378
https://openalex.org/W2395375311,10.1161/circresaha.115.306825,Epidemiology of Obesity and Diabetes and Their Cardiovascular Complications,"Obesity and diabetes mellitus have reached epidemic proportions in the past few years. During 2011 to 2012, more than one-third of the US population was obese. Although recent trend data indicate that the epidemic has leveled off, prevalence of abdominal obesity continues to rise, especially among adults. As seen for obesity, the past few decades have seen a doubling of the diabetes mellitus incidence with an increasing number of type 2 diabetes mellitus cases being diagnosed in children. Significant racial and ethnic disparities exist in the prevalence and trends of obesity and diabetes mellitus. In general, in both adults and children, non-Hispanic blacks and Mexican Americans seem to be at a high risk than their non-Hispanic white counterparts. Secular changes in agricultural policies, diet, food environment, physical activity, and sleep have all contributed to the upward trends in the diabesity epidemic. Despite marginal improvements in physical activity and the US diet, the food environment has changed drastically to an obesogenic one with increased portion sizes and limited access to healthy food choices especially for disadvantaged populations. Interventions that improve the food environment are critical as both obesity and diabetes mellitus raise the risk of cardiovascular disease by ≈2-fold. Among those with type 2 diabetes mellitus, significant sex differences occur in the risk of cardiovascular disease such that diabetes mellitus completely eliminates or attenuates the advantages of being female. Given the substantial burden of obesity and diabetes mellitus, future research efforts should adopt a translational approach to find sustainable and holistic solutions in preventing these costly diseases.",2016,cardiovascular,cardiology,True,,,Circulation Research,circulation research,False,openalex,Shilpa N Bhupathiraju; Frank B. Hu,https://doi.org/10.1161/circresaha.115.306825,953,,,,27230638,,,,,,,True,cited_by_count>=927 (top 10.0%); cited_by_count>=927 (top 10.0%),10.1161/circresaha.115.306825,,,False,0.011835037
https://openalex.org/W2899720772,10.1056/nejmoa1811403,Marine n−3 Fatty Acids and Prevention of Cardiovascular Disease and Cancer,"BACKGROUND: Higher intake of marine n-3 (also called omega-3) fatty acids has been associated with reduced risks of cardiovascular disease and cancer in several observational studies. Whether supplementation with n-3 fatty acids has such effects in general populations at usual risk for these end points is unclear. METHODS: (at a dose of 2000 IU per day) and marine n-3 fatty acids (at a dose of 1 g per day) in the primary prevention of cardiovascular disease and cancer among men 50 years of age or older and women 55 years of age or older in the United States. Primary end points were major cardiovascular events (a composite of myocardial infarction, stroke, or death from cardiovascular causes) and invasive cancer of any type. Secondary end points included individual components of the composite cardiovascular end point, the composite end point plus coronary revascularization (expanded composite of cardiovascular events), site-specific cancers, and death from cancer. Safety was also assessed. This article reports the results of the comparison of n-3 fatty acids with placebo. RESULTS: A total of 25,871 participants, including 5106 black participants, underwent randomization. During a median follow-up of 5.3 years, a major cardiovascular event occurred in 386 participants in the n-3 group and in 419 in the placebo group (hazard ratio, 0.92; 95% confidence interval [CI], 0.80 to 1.06; P=0.24). Invasive cancer was diagnosed in 820 participants in the n-3 group and in 797 in the placebo group (hazard ratio, 1.03; 95% CI, 0.93 to 1.13; P=0.56). In the analyses of key secondary end points, the hazard ratios were as follows: for the expanded composite end point of cardiovascular events, 0.93 (95% CI, 0.82 to 1.04); for total myocardial infarction, 0.72 (95% CI, 0.59 to 0.90); for total stroke, 1.04 (95% CI, 0.83 to 1.31); for death from cardiovascular causes, 0.96 (95% CI, 0.76 to 1.21); and for death from cancer (341 deaths from cancer), 0.97 (95% CI, 0.79 to 1.20). In the analysis of death from any cause (978 deaths overall), the hazard ratio was 1.02 (95% CI, 0.90 to 1.15). No excess risks of bleeding or other serious adverse events were observed. CONCLUSIONS: Supplementation with n-3 fatty acids did not result in a lower incidence of major cardiovascular events or cancer than placebo. (Funded by the National Institutes of Health and others; VITAL ClinicalTrials.gov number, NCT01169259 .).",2018,cardiovascular,cardiology,True,,,New England Journal of Medicine,new england journal of medicine,False,openalex,JoAnn E. Manson; Nancy R. Cook; I‐Min Lee; William G. Christen; Shari S. Bassuk; Samia Mora; Heike Gibson; Christine M. Albert; David Gordon; Trisha Copeland; Denise D’Agostino; Georgina Friedenberg; Claire Ridge; Vadim Bubes; Edward L. Giovannucci; Walter C. Willett; Julie E. Buring,https://doi.org/10.1056/nejmoa1811403,952,,,,30415637,,,,,,,True,cited_by_count>=927 (top 10.0%); cited_by_count>=927 (top 10.0%),10.1056/nejmoa1811403,,,False,0.06578983
https://openalex.org/W3030195953,10.1186/s12968-020-00610-6,Standardized image interpretation and post-processing in cardiovascular magnetic resonance - 2020 update,"With mounting data on its accuracy and prognostic value, cardiovascular magnetic resonance (CMR) is becoming an increasingly important diagnostic tool with growing utility in clinical routine. Given its versatility and wide range of quantitative parameters, however, agreement on specific standards for the interpretation and post-processing of CMR studies is required to ensure consistent quality and reproducibility of CMR reports. This document addresses this need by providing consensus recommendations developed by the Task Force for Post-Processing of the Society for Cardiovascular Magnetic Resonance (SCMR). The aim of the Task Force is to recommend requirements and standards for image interpretation and post-processing enabling qualitative and quantitative evaluation of CMR images. Furthermore, pitfalls of CMR image analysis are discussed where appropriate. It is an update of the original recommendations published 2013.",2020,cardiovascular,cardiology,True,,,Journal of Cardiovascular Magnetic Resonance,journal of cardiovascular magnetic resonance,True,openalex,Jeanette Schulz‐Menger; David A. Bluemke; Jens Bremerich; Scott D. Flamm; Mark A. Fogel; Matthias G. Friedrich; Raymond J. Kim; Florian von Knobelsdorff‐Brenkenhoff; Christopher M. Kramer; Dudley J. Pennell; Sven Plein; Eike Nagel,https://doi.org/10.1186/s12968-020-00610-6,949,,,,,,,,,,,True,cited_by_count>=927 (top 10.0%); cited_by_count>=927 (top 10.0%),10.1186/s12968-020-00610-6,,,False,0.07340189
https://openalex.org/W2768555410,10.1093/eurheartj/ehag345,European Society of Cardiology: Cardiovascular Disease Statistics 2017,"Aims: The European Society of Cardiology (ESC) Atlas has been compiled by the European Heart Agency to document cardiovascular disease (CVD) statistics of the 56 ESC member countries. A major aim of this 2017 data presentation has been to compare high-income and middle-income ESC member countries to identify inequalities in disease burden, outcomes, and service provision. Methods and results: The Atlas utilizes a variety of data sources, including the World Health Organization, the Institute for Health Metrics and Evaluation, and the World Bank to document risk factors, prevalence, and mortality of cardiovascular disease and national economic indicators. It also includes novel ESC-sponsored survey data of health infrastructure and cardiovascular service provision provided by the national societies of the ESC member countries. Data presentation is descriptive with no attempt to attach statistical significance to differences observed in stratified analyses. Important differences were identified between the high-income and middle-income member countries of the ESC with regard to CVD risk factors, disease incidence, and mortality. For both women and men, the age-standardized prevalence of hypertension was lower in high-income countries (18% and 27%) compared with middle-income countries (24% and 30%). Smoking prevalence in men (not women) was also lower (26% vs. 41%) and together these inequalities are likely to have contributed to the higher CVD mortality in middle-income countries. Declines in CVD mortality have seen cancer becoming a more common cause of death in a number of high-income member countries, but in middle-income countries declines in CVD mortality have been less consistent where CVD remains the leading cause of death. Inequalities in CVD mortality are emphasized by the smaller contribution they make to potential years of life lost in high-income countries compared with middle-income countries both for women (13% vs. 23%) and men (20% vs. 27%). The downward mortality trends for CVD may, however, be threatened by the emerging obesity epidemic that is seeing rates of diabetes increasing across all the ESC member countries. Survey data from the National Cardiac Societies showed that rates of cardiac catheterization and coronary artery bypass surgery, as well as the number of specialist centres required to deliver them, were greatest in the high-income member countries of the ESC. The Atlas confirmed that these ESC member countries, where the facilities for the contemporary treatment of coronary disease were best developed, were often those in which declines in coronary mortality have been most pronounced. Economic resources were not the only driver for delivery of equitable cardiovascular health care, as some middle-income ESC member countries reported rates for interventional procedures and device implantations that matched or exceeded the rates in wealthier member countries. Conclusion: In documenting national CVD statistics, the Atlas provides valuable insights into the inequalities in risk factors, health care delivery, and outcomes of CVD across the ESC member countries. The availability of these data will underpin the ESC's ambitious mission 'to reduce the burden of cardiovascular disease' not only in its member countries but also in nation states around the world.",2017,cardiology,cardiology,True,,,European Heart Journal,european heart journal,False,openalex,Adam Timmis; Nick Townsend; Chris P Gale; Rick Grobbee; Nikos Maniadakis; Marcus Flather; Elizabeth Wilkins; Lucy Wright; Rimke C. Vos; Jeroen J. Bax; Maxim Blum; Fausto J. Pinto; Panos Vardas; ESC Scientific Document Group; Artan Goda; Aurel Demiraj; Franz Weidinger; B Metzler; Firdovsi İbrahimov; Agnès Pasquet; Marc J. Claeys; Yolanda Thorton; Zumreta Kušljugić; Elnur Smajić; Vasil Velchev; Nikolay Ivanov; Loizos Antoniades; Petros Agathangelou; Miloš Táborský; Christian Gerdes; Margus Viigima; Pietila Mikko Juhani; Yves Juillière; Simon Cattan; Alexander Aladashvili; Christian Hamm; Karl‐Heinz Kück; Konstantinos Papoutsis; Kurt Bestehorn; Stefanos Foussas; Georgia Giannoulidou; Christos Varounis; Ioannis Kallikazaros; Róbert Gábor Kiss; Tunde Czétényi; Dávid Becker; Þórarinn Guðnason; Peter Kearney; Kenneth J McDonald; Yoseph Rozenman; Batia Ziv; Leonardo Bolognese; Paola Luciolli; Giuseppe Boriani; Salim Berkinbayev; Amina Rakisheva; Erkin М Мirrakhimov; Andrejs Ērglis; Sandra Jegere; Germanas Marinskis; Jean Beissel; Nathalie Marchal; Sasko Kedev; Robert G. Xuereb; Terence Tilney; Tiziana Felice; M Popovici; Jeroen Bax; Barbara J.M. Mulder; Maarten Simoons; Moniek Elsendoorn; Terje K. Steigen; Dan Atar; Zbigniew Kalarus; Michał Tendera; José Silva‐Cardoso; José Paulo Agner Ribeiro; Cristina Cruz Mateus; Gabriel Tatu-Chitoiu; Petar Seferovic; Branko Beleslin; Iveta Šimková; Petra Durcikova; Veronica Belicova; Zlatko Fras; Sasa Radelj; José Ramón González‐Juanatey; Sharon Legendre; Frieder Braunschweig; Urs Philipp Kaufmann; Marjam Rüdiger-Stürchler; Lâle Tokgözoğlu; Ahmet Unver; В. Н. Коваленко; E. G. Nesukay; Anastasia Naum; Paola Thellung de Courtelary; Stéphan Martin; David Sebastiao; Daval Ghislain,https://doi.org/10.1093/eurheartj/ehx628,948,,,,29190377,,,,,,,True,cited_by_count>=927 (top 10.0%); cited_by_count>=927 (top 10.0%),10.1093/eurheartj/ehag345,,,False,0.11679026
https://openalex.org/W3024307699,10.1093/eurheartj/ehaa409,Reduction of hospitalizations for myocardial infarction in Italy in the COVID-19 era,"AIMS: To evaluate the impact of the COVID-19 pandemic on patient admissions to Italian cardiac care units (CCUs). METHODS AND RESULTS: We conducted a multicentre, observational, nationwide survey to collect data on admissions for acute myocardial infarction (AMI) at Italian CCUs throughout a 1 week period during the COVID-19 outbreak, compared with the equivalent week in 2019. We observed a 48.4% reduction in admissions for AMI compared with the equivalent week in 2019 (P < 0.001). The reduction was significant for both ST-segment elevation myocardial infarction [STEMI; 26.5%, 95% confidence interval (CI) 21.7-32.3; P = 0.009] and non-STEMI (NSTEMI; 65.1%, 95% CI 60.3-70.3; P < 0.001). Among STEMIs, the reduction was higher for women (41.2%; P = 0.011) than men (17.8%; P = 0.191). A similar reduction in AMI admissions was registered in North Italy (52.1%), Central Italy (59.3%), and South Italy (52.1%). The STEMI case fatality rate during the pandemic was substantially increased compared with 2019 [risk ratio (RR) = 3.3, 95% CI 1.7-6.6; P < 0.001]. A parallel increase in complications was also registered (RR = 1.8, 95% CI 1.1-2.8; P = 0.009). CONCLUSION: Admissions for AMI were significantly reduced during the COVID-19 pandemic across Italy, with a parallel increase in fatality and complication rates. This constitutes a serious social issue, demanding attention by the scientific and healthcare communities and public regulatory agencies.",2020,myocardial infarction,cardiology,True,,,European Heart Journal,european heart journal,False,openalex,Salvatore De Rosa; Carmen Spaccarotella; Cristina Basso; Maria Pia Calabrò; Antonio Curcio; Pasquale Perrone Filardi; Massimo Mancone; Giuseppe Mercuro; Saverio Muscoli; Savina Nodari; Roberto Pedrinelli; Gianfranco Sinagra; Ciro Indolfi; Filippo Angelini; Francesco Barillà; Antonio L. Bartorelli; Francesco Benedetto; Paola Bernabò; Leonardo Bolognese; Martina Briani; Luisa Cacciavillani; Alice Calabrese; Paolo Calabrò; Luigi Caliendo; Leonardo Calò; Gianni Casella; Gavino Casu; Claudio Cavallini; Quirino Ciampi; Marco Matteo Ciccone; Michele Comito; Elena Corrada; Filippo Crea; Antonello D’Andrea; Maurizio DʼUrbano; Raffaele De Caterina; Gaetano Maria De Ferrari; Roberto De Ponti; Alessio Della Mattia; Carlo Di Mario; Luca Donazzan; Giovanni Esposito; Francesco Fedele; Alessandro Ferraro; Gennaro Galasso; Nazzareno Galiè; Massimiliano Gnecchi; Paolo Golino; Bruno Golia; Pasquale Guarini; Ciro Indolfi; Sergio Leonardi; Nicola Locuratolo; Francesco Luzza; Vincenzo Manganiello; Maria Francesca Marchetti; Giancarlo Marenzi; Alberto Margonato; Luigi Meloni; Marco Metra; Marco Milo; Annalisa Mongiardo; Luca Monzo; Carmine Morisco; Savina Nodari; Giuseppina Novo; Stefano Pancaldi; M Parollo; Giovanni Paternò; Giuseppe Patti; Silvia G. Priori; Amelia Ravera; Antonio G. Rebuzzi; Massimo Rossi; Marino Scherillo; Franco Semprini; Michele Senni; Gerolamo Sibilio; Gianfranco Sinagra; Massimo Siviglia; Corrado Tamburino; Gianfranco Tortorici; Francesco Versace; Bruno Villari; Massimo Volpe,https://doi.org/10.1093/eurheartj/ehaa409,947,,,,32412631,,,,,,,True,cited_by_count>=927 (top 10.0%); cited_by_count>=927 (top 10.0%),10.1093/eurheartj/ehaa409,,,False,0.040780187
https://openalex.org/W3025713364,10.1161/circulationaha.117.033369,Global Burden of Atherosclerotic Cardiovascular Disease in People Living With HIV,"BACKGROUND: With advances in antiretroviral therapy, most deaths in people with HIV are now attributable to noncommunicable illnesses, especially cardiovascular disease. We determine the association between HIV and cardiovascular disease, and estimate the national, regional, and global burden of cardiovascular disease attributable to HIV. METHODS: We conducted a systematic review across 5 databases from inception to August 2016 for longitudinal studies of cardiovascular disease in HIV infection. A random-effects meta-analysis across 80 studies was used to derive the pooled rate and risk of cardiovascular disease in people living with HIV. We then estimated the temporal changes in the population-attributable fraction and disability-adjusted life-years (DALYs) from HIV-associated cardiovascular disease from 1990 to 2015 at a regional and global level. National cardiovascular DALYs associated with HIV for 2015 were derived for 154 of the 193 United Nations member states. The main outcome measure was the pooled estimate of the rate and risk of cardiovascular disease in people living with HIV and the national, regional, and global estimates of DALYs from cardiovascular disease associated with HIV. RESULTS: In 793 635 people living with HIV and a total follow-up of 3.5 million person-years, the crude rate of cardiovascular disease was 61.8 (95% CI, 45.8-83.4) per 10 000 person-years. In comparison with individuals without HIV, the risk ratio for cardiovascular disease was 2.16 (95% CI, 1.68-2.77). Over the past 26 years, the global population-attributable fraction from cardiovascular disease attributable to HIV increased from 0.36% (95% CI, 0.21%-0.56%) to 0.92% (95% CI, 0.55%-1.41%), and DALYs increased from 0.74 (95% CI, 0.44-1.16) to 2.57 (95% CI, 1.53-3.92) million. There was marked regional variation with most DALYs lost in sub-Saharan Africa (0.87 million, 95% CI, 0.43-1.70) and the Asia Pacific (0.39 million, 95% CI, 0.23-0.62) regions. The highest population-attributable fraction and burden were observed in Swaziland, Botswana, and Lesotho. CONCLUSIONS: People living with HIV are twice as likely to develop cardiovascular disease. The global burden of HIV-associated cardiovascular disease has tripled over the past 2 decades and is now responsible for 2.6 million DALYs per annum with the greatest impact in sub-Saharan Africa and the Asia Pacific regions. CLINICAL TRIAL REGISTRATION: URL: https://www.crd.york.ac.uk/prospero . Unique identifier: CRD42016048257.",2018,cardiovascular,cardiology,True,,,Circulation,circulation,False,openalex,Anoop Shah; Dominik Stelzle; Kuan Ken Lee; Eduard J. Beck; Shirjel Alam; Sarah Clifford; Chris T. Longenecker; Fiona E. Strachan; Shashwatee Bagchi; William Whiteley; Sanjay Rajagopalan; Shyamasundaran Kottilil; Harish Nair; David E. Newby; David McAllister; Nicholas L. Mills,"https://eprints.gla.ac.uk/view/journal_volume/Circulation.html>,",946,,,,29967196,,,,,,,True,cited_by_count>=927 (top 10.0%); cited_by_count>=927 (top 10.0%),10.1161/circulationaha.117.033369,,,False,0.0951557
https://openalex.org/W2518582440,10.1093/jamia/ocw112,Using recurrent neural network models for early detection of heart failure onset,"Objective: We explored whether use of deep learning to model temporal relations among events in electronic health records (EHRs) would improve model performance in predicting initial diagnosis of heart failure (HF) compared to conventional methods that ignore temporality. Materials and Methods: Data were from a health system's EHR on 3884 incident HF cases and 28 903 controls, identified as primary care patients, between May 16, 2000, and May 23, 2013. Recurrent neural network (RNN) models using gated recurrent units (GRUs) were adapted to detect relations among time-stamped events (eg, disease diagnosis, medication orders, procedure orders, etc.) with a 12- to 18-month observation window of cases and controls. Model performance metrics were compared to regularized logistic regression, neural network, support vector machine, and K-nearest neighbor classifier approaches. Results: Using a 12-month observation window, the area under the curve (AUC) for the RNN model was 0.777, compared to AUCs for logistic regression (0.747), multilayer perceptron (MLP) with 1 hidden layer (0.765), support vector machine (SVM) (0.743), and K-nearest neighbor (KNN) (0.730). When using an 18-month observation window, the AUC for the RNN model increased to 0.883 and was significantly higher than the 0.834 AUC for the best of the baseline methods (MLP). Conclusion: Deep learning models adapted to leverage temporal relations appear to improve performance of models for detection of incident heart failure with a short observation window of 12-18 months.",2016,heart failure,cardiology,True,,,Journal of the American Medical Informatics Association,journal of the american medical informatics association,False,openalex,Edward Choi; Andy Schuetz; Walter F. Stewart; Jimeng Sun,https://doi.org/10.1093/jamia/ocw112,946,,,,27521897,,,,,,,True,cited_by_count>=927 (top 10.0%); cited_by_count>=927 (top 10.0%),10.1093/jamia/ocw112,,,False,0.06724566
https://openalex.org/W2884466498,10.1007/s00125-018-4670-7,SGLT2 inhibitors and mechanisms of cardiovascular benefit: a state-of-the-art review,,2018,cardiovascular,cardiology,True,,,Diabetologia,diabetologia,False,openalex,Subodh Verma; John J.V. McMurray,https://doi.org/10.1007/s00125-018-4670-7,946,,,,30132036,,,,,,,True,cited_by_count>=927 (top 10.0%); cited_by_count>=927 (top 10.0%),10.1007/s00125-018-4670-7,,,False,0.045722164
https://openalex.org/W3159729619,10.1038/s41569-021-00552-1,Interplay between inflammation and thrombosis in cardiovascular pathology,,2021,cardiovascular,cardiology,True,,,Nature Reviews Cardiology,nature reviews cardiology,False,openalex,Konstantin Stark; Steffen Maßberg,https://doi.org/10.1038/s41569-021-00552-1,945,,,,,,,,,,,True,cited_by_count>=927 (top 10.0%); cited_by_count>=927 (top 10.0%),10.1038/s41569-021-00552-1,,,False,-0.102734566
https://openalex.org/W2017141822,10.1093/ajh/hpv047,"State of the Art Review: Depression, Stress, Anxiety, and Cardiovascular Disease","The notion that psychological states can influence physical health is hardly new, and perhaps nowhere has the mind-body connection been better studied than in cardiovascular disease (CVD). Recently, large prospective epidemiologic studies and smaller basic science studies have firmly established a connection between CVD and several psychological conditions, including depression, chronic psychological stress, posttraumatic stress disorder (PTSD), and anxiety. In addition, numerous clinical trials have been conducted to attempt to prevent or lessen the impact of these conditions on cardiovascular health. In this article, we review studies connecting depression, stress/PTSD, and anxiety to CVD, focusing on findings from the last 5 years. For each mental health condition, we first examine the epidemiologic evidence establishing a link with CVD. We then describe studies of potential underlying mechanisms and finally discuss treatment trials and directions for future research.",2015,cardiovascular,cardiology,True,,,American Journal of Hypertension,american journal of hypertension,False,openalex,Beth E. Cohen; Donald Edmondson; Ian M. Kronish,https://doi.org/10.1093/ajh/hpv047,943,,,,25911639,,,,,,,True,cited_by_count>=927 (top 10.0%); cited_by_count>=927 (top 10.0%),10.1093/ajh/hpv047,,,False,0.033229765
https://openalex.org/W2940327706,10.1161/circulationaha.118.037184,"Lipoprotein(a), PCSK9 Inhibition, and Cardiovascular Risk","BACKGROUND: Lipoprotein(a) [Lp(a)] may play a causal role in atherosclerosis. PCSK9 (proprotein convertase subtilisin/kexin 9) inhibitors have been shown to significantly reduce plasma Lp(a) concentration. However, the relationship between Lp(a) levels, PCSK9 inhibition, and cardiovascular risk reduction remains undefined. METHODS: Lp(a) was measured in 25 096 patients in the FOURIER trial (Further Cardiovascular Outcomes Research with PCSK9 Inhibition in Subjects with Elevated Risk), a randomized trial of evolocumab versus placebo in patients with established atherosclerotic cardiovascular disease (median follow-up, 2.2 years). Cox models were used to assess the independent prognostic value of Lp(a) and the efficacy of evolocumab for coronary risk reduction by baseline Lp(a) concentration. RESULTS: The median (interquartile range) baseline Lp(a) concentration was 37 (13-165) nmol/L. In the placebo arm, patients with baseline Lp(a) in the highest quartile had a higher risk of coronary heart disease death, myocardial infarction, or urgent revascularization (adjusted hazard ratio quartile 4: quartile 1, 1.22; 95% CI, 1.01-1.48) independent of low-density lipoprotein cholesterol. At 48 weeks, evolocumab significantly reduced Lp(a) by a median (interquartile range) of 26.9% (6.2%-46.7%). The percent change in Lp(a) and low-density lipoprotein cholesterol at 48 weeks in patients taking evolocumab was moderately positively correlated ( r=0.37; 95% CI, 0.36-0.39; P<0.001). Evolocumab reduced the risk of coronary heart disease death, myocardial infarction, or urgent revascularization by 23% (hazard ratio, 0.77; 95% CI, 0.67-0.88) in patients with a baseline Lp(a) >median, and by 7% (hazard ratio, 0.93; 95% CI, 0.80-1.08; P interaction=0.07) in those ≤median. Coupled with the higher baseline risk, the absolute risk reductions, and number needed to treat over 3 years were 2.49% and 40 versus 0.95% and 105, respectively. CONCLUSIONS: Higher levels of Lp(a) are associated with an increased risk of cardiovascular events in patients with established cardiovascular disease irrespective of low-density lipoprotein cholesterol. Evolocumab significantly reduced Lp(a) levels, and patients with higher baseline Lp(a) levels experienced greater absolute reductions in Lp(a) and tended to derive greater coronary benefit from PCSK9 inhibition. CLINICAL TRIAL REGISTRATION: URL: https://www.clinicaltrials.gov . Unique identifier: NCT01764633.",2019,cardiovascular,cardiology,True,,,Circulation,circulation,False,openalex,Michelle L. O’Donoghue; Sergio Fazio; Robert P. Giugliano; Erik S.G. Stroes; Estella Kanevsky; Ioanna Gouni‐Berthold; KyungAh Im; Armando Lira Pineda; Scott M. Wasserman; R Češka; М. В. Ежов; J. Wouter Jukema; Henrik Kjærulf Jensen; S. Lale Tokgözoğlu; François Mach; Kurt Huber; Peter Sever; Anthony Keech; Terje R. Pedersen; Marc S. Sabatine,https://doi.org/10.1161/circulationaha.118.037184,935,,,,30586750,,,,,,,True,cited_by_count>=927 (top 10.0%); cited_by_count>=927 (top 10.0%),10.1161/circulationaha.118.037184,,,False,0.025340814
https://openalex.org/W2925239642,10.1161/cir.0000000000000670,Contemporary Diagnosis and Management of Patients With Myocardial Infarction in the Absence of Obstructive Coronary Artery Disease: A Scientific Statement From the American Heart Association,"Myocardial infarction in the absence of obstructive coronary artery disease is found in ≈5% to 6% of all patients with acute infarction who are referred for coronary angiography. There are a variety of causes that can result in this clinical condition. As such, it is important that patients are appropriately diagnosed and an evaluation to uncover the correct cause is performed so that, when possible, specific therapies to treat the underlying cause can be prescribed. This statement provides a formal and updated definition for the broadly labelled term MINOCA (incorporating the definition of acute myocardial infarction from the newly released ""Fourth Universal Definition of Myocardial Infarction"") and provides a clinically useful framework and algorithms for the diagnostic evaluation and management of patients with myocardial infarction in the absence of obstructive coronary artery disease.",2019,myocardial infarction,cardiology,True,,,Circulation,circulation,False,openalex,Jacqueline E. Tamis‐Holland; Hani Jneid; Harmony R. Reynolds; Stefan Agewall; Emmanouil S. Brilakis; Todd M. Brown; Amir Lerman; Mary Cushman; Dharam J. Kumbhani; Cynthia Arslanian‐Engoren; Ann F. Bolger; John F. Beltrame,https://doi.org/10.1161/cir.0000000000000670,935,,,,30913893,,,,,,,True,cited_by_count>=927 (top 10.0%); cited_by_count>=927 (top 10.0%),10.1161/cir.0000000000000670,,,False,0.03782098
https://openalex.org/W2784299734,10.1016/j.pharmthera.2018.01.001,"Inflammation following acute myocardial infarction: Multiple players, dynamic roles, and novel therapeutic opportunities","Acute myocardial infarction (AMI) and the heart failure that often follows, are major causes of death and disability worldwide. As such, new therapies are required to limit myocardial infarct (MI) size, prevent adverse left ventricular (LV) remodeling, and reduce the onset of heart failure following AMI. The inflammatory response to AMI, plays a critical role in determining MI size, and a persistent pro-inflammatory reaction can contribute to adverse post-MI LV remodeling, making inflammation an important therapeutic target for improving outcomes following AMI. In this article, we provide an overview of the multiple players (and their dynamic roles) involved in the complex inflammatory response to AMI and subsequent LV remodeling, and highlight future opportunities for targeting inflammation as a therapeutic strategy for limiting MI size, preventing adverse LV remodeling, and reducing heart failure in AMI patients.",2018,myocardial infarction,cardiology,True,,,Pharmacology & Therapeutics,pharmacology & therapeutics,False,openalex,Sang‐Bing Ong; Sauri Hernández‐Reséndiz; Gustavo E Crespo-Avilan; Regina Mukhametshina; Xiu-Yi Kwek; Héctor A. Cabrera-Fuentes; Derek J. Hausenloy,https://doi.org/10.1016/j.pharmthera.2018.01.001,931,,,,29330085,,,,,,,True,cited_by_count>=927 (top 10.0%); cited_by_count>=927 (top 10.0%),10.1016/j.pharmthera.2018.01.001,,,False,-0.034079265
https://openalex.org/W2399385044,10.1136/bmj.i2416,Prediction models for cardiovascular disease risk in the general population: systematic review,"OBJECTIVE: To provide an overview of prediction models for risk of cardiovascular disease (CVD) in the general population. DESIGN: Systematic review. DATA SOURCES: Medline and Embase until June 2013. ELIGIBILITY CRITERIA FOR STUDY SELECTION: Studies describing the development or external validation of a multivariable model for predicting CVD risk in the general population. RESULTS: 9965 references were screened, of which 212 articles were included in the review, describing the development of 363 prediction models and 473 external validations. Most models were developed in Europe (n=167, 46%), predicted risk of fatal or non-fatal coronary heart disease (n=118, 33%) over a 10 year period (n=209, 58%). The most common predictors were smoking (n=325, 90%) and age (n=321, 88%), and most models were sex specific (n=250, 69%). Substantial heterogeneity in predictor and outcome definitions was observed between models, and important clinical and methodological information were often missing. The prediction horizon was not specified for 49 models (13%), and for 92 (25%) crucial information was missing to enable the model to be used for individual risk prediction. Only 132 developed models (36%) were externally validated and only 70 (19%) by independent investigators. Model performance was heterogeneous and measures such as discrimination and calibration were reported for only 65% and 58% of the external validations, respectively. CONCLUSIONS: There is an excess of models predicting incident CVD in the general population. The usefulness of most of the models remains unclear owing to methodological shortcomings, incomplete presentation, and lack of external validation and model impact studies. Rather than developing yet another similar CVD risk prediction model, in this era of large datasets, future research should focus on externally validating and comparing head-to-head promising CVD risk models that already exist, on tailoring or even combining these models to local settings, and investigating whether these models can be extended by addition of new predictors.",2016,cardiovascular,cardiology,True,,,BMJ,bmj,False,openalex,Johanna AAG Damen; Lotty Hooft; Ewoud Schuit; Thomas P. A. Debray; Gary S. Collins; Ioanna Tzoulaki; Camille Lassale; George C.M. Siontis; Virginia Chiocchia; Corran Roberts; Michael Maia Schlüssel; Stephen Gerry; James A Black; Pauline Heus; Yvonne T. van der Schouw; Linda M. Peelen; Karel G.M. Moons,https://doi.org/10.1136/bmj.i2416,931,,,,27184143,,,,,,,True,cited_by_count>=927 (top 10.0%); cited_by_count>=927 (top 10.0%),10.1136/bmj.i2416,,,False,0.11942062
https://openalex.org/W2888082174,10.1016/j.chest.2018.07.040,Antithrombotic Therapy for Atrial Fibrillation,,2018,atrial fibrillation,cardiology,True,,,CHEST Journal,chest journal,False,openalex,Gregory Y.H. Lip; Amitava Banerjee; Giuseppe Boriani; Chern En Chiang; Ramiz Fargo; Ben Freedman; Deirdre A. Lane; Christian T. Ruff; Mintu P. Turakhia; David J. Werring; Sheena Patel; Lisa K. Moores,https://vbn.aau.dk/da/publications/9cd20940-fa6b-4e05-a9b5-eb1a0230a529,930,,,,10884790,,,,,,,True,cited_by_count>=927 (top 10.0%); cited_by_count>=927 (top 10.0%),10.1016/j.chest.2018.07.040,,,False,-0.020130796
https://openalex.org/W2702116941,10.1016/j.ins.2017.06.027,Application of deep convolutional neural network for automated detection of myocardial infarction using ECG signals,,2017,myocardial infarction,cardiology,False,,,Information Sciences,information sciences,False,openalex,U. Rajendra Acharya; Hamido Fujita; Shu Lih Oh; Yuki Hagiwara; Jen Hong Tan; Muhammad Adam,,930,,,,,,,,,,,True,cited_by_count>=927 (top 10.0%); cited_by_count>=927 (top 10.0%),10.1016/j.ins.2017.06.027,,,False,-0.02159414
https://openalex.org/W3152924150,10.1136/bmj.n604,Associations of healthy lifestyle and socioeconomic status with mortality and incident cardiovascular disease: two prospective cohort studies,"OBJECTIVE: To examine whether overall lifestyles mediate associations of socioeconomic status (SES) with mortality and incident cardiovascular disease (CVD) and the extent of interaction or joint relations of lifestyles and SES with health outcomes. DESIGN: Population based cohort study. SETTING: US National Health and Nutrition Examination Survey (US NHANES, 1988-94 and 1999-2014) and UK Biobank. PARTICIPANTS: 44 462 US adults aged 20 years or older and 399 537 UK adults aged 37-73 years. EXPOSURES: SES was derived by latent class analysis using family income, occupation or employment status, education level, and health insurance (US NHANES only), and three levels (low, medium, and high) were defined according to item response probabilities. A healthy lifestyle score was constructed using information on never smoking, no heavy alcohol consumption (women ≤1 drink/day; men ≤2 drinks/day; one drink contains 14 g of ethanol in the US and 8 g in the UK), top third of physical activity, and higher dietary quality. MAIN OUTCOME MEASURES: All cause mortality was the primary outcome in both studies, and CVD mortality and morbidity in UK Biobank, which were obtained through linkage to registries. RESULTS: US NHANES documented 8906 deaths over a mean follow-up of 11.2 years, and UK Biobank documented 22 309 deaths and 6903 incident CVD cases over a mean follow-up of 8.8-11.0 years. Among adults of low SES, age adjusted risk of death was 22.5 (95% confidence interval 21.7 to 23.3) and 7.4 (7.3 to 7.6) per 1000 person years in US NHANES and UK Biobank, respectively, and age adjusted risk of CVD was 2.5 (2.4 to 2.6) per 1000 person years in UK Biobank. The corresponding risks among adults of high SES were 11.4 (10.6 to 12.1), 3.3 (3.1 to 3.5), and 1.4 (1.3 to 1.5) per 1000 person years. Compared with adults of high SES, those of low SES had higher risks of all cause mortality (hazard ratio 2.13, 95% confidence interval 1.90 to 2.38 in US NHANES; 1.96, 1.87 to 2.06 in UK Biobank), CVD mortality (2.25, 2.00 to 2.53), and incident CVD (1.65, 1.52 to 1.79) in UK Biobank, and the proportions mediated by lifestyle were 12.3% (10.7% to 13.9%), 4.0% (3.5% to 4.4%), 3.0% (2.5% to 3.6%), and 3.7% (3.1% to 4.5%), respectively. No significant interaction was observed between lifestyle and SES in US NHANES, whereas associations between lifestyle and outcomes were stronger among those of low SES in UK Biobank. Compared with adults of high SES and three or four healthy lifestyle factors, those with low SES and no or one healthy lifestyle factor had higher risks of all cause mortality (3.53, 3.01 to 4.14 in US NHANES; 2.65, 2.39 to 2.94 in UK Biobank), CVD mortality (2.65, 2.09 to 3.38), and incident CVD (2.09, 1.78 to 2.46) in UK Biobank. CONCLUSIONS: Unhealthy lifestyles mediated a small proportion of the socioeconomic inequity in health in both US and UK adults; therefore, healthy lifestyle promotion alone might not substantially reduce the socioeconomic inequity in health, and other measures tackling social determinants of health are warranted. Nevertheless, healthy lifestyles were associated with lower mortality and CVD risk in different SES subgroups, supporting an important role of healthy lifestyles in reducing disease burden.",2021,cardiovascular,cardiology,True,,,BMJ,bmj,False,openalex,Yanbo Zhang; Chen Chen; Xiong‐Fei Pan; Jingyu Guo; Yanping Li; Oscar H. Franco; Gang Liu; An Pan,https://doi.org/10.1136/bmj.n604,928,,,,33853828,,,,,,,True,cited_by_count>=927 (top 10.0%); cited_by_count>=927 (top 10.0%),10.1136/bmj.n604,,,False,0.09623741
