id,doi,title,abstract,year,term,discipline,is_oa,license,license_unpaywall,journal,journal_norm,journal_is_oa,source_db,authors,best_oa_location_url,cited_by_count,github,zenodo,osf,pubmed_id,repo_links,code_link,data_link,preregistered,preprint,journal_impact_factor,high_impact_flag,high_impact_reason,doi_norm,dataset_urls,dataset_repos,has_public_dataset,open_science_score
https://openalex.org/W4224942887,10.1161/strokeaha.122.036946,"Neuroinflammation, Stroke, Blood-Brain Barrier Dysfunction, and Imaging Modalities","Maintaining blood-brain barrier (BBB) integrity is crucial for the homeostasis of the central nervous system. Structurally comprising the BBB, brain endothelial cells interact with pericytes, astrocytes, neurons, microglia, and perivascular macrophages in the neurovascular unit. Brain ischemia unleashes a profound neuroinflammatory response to remove the damaged tissue and prepare the brain for repair. However, the intense neuroinflammation occurring during the acute phase of stroke is associated with BBB breakdown, neuronal injury, and worse neurological outcomes. Here, we critically discuss the role of neuroinflammation in ischemic stroke pathology, focusing on the BBB and the interactions between central nervous system and peripheral immune responses. We highlight inflammation-driven injury mechanisms in stroke, including oxidative stress, increased MMP (matrix metalloproteinase) production, microglial activation, and infiltration of peripheral immune cells into the ischemic tissue. We provide an updated overview of imaging techniques for in vivo detection of BBB permeability, leukocyte infiltration, microglial activation, and upregulation of cell adhesion molecules following ischemic brain injury. We discuss the possibility of clinical implementation of imaging modalities to assess stroke-associated neuroinflammation with the potential to provide image-guided diagnosis and treatment. We summarize the results from several clinical studies evaluating the efficacy of anti-inflammatory interventions in stroke. Although convincing preclinical evidence suggests that neuroinflammation is a promising target for ischemic stroke, thus far, translating these results into the clinical setting has proved difficult. Due to the dual role of inflammation in the progression of ischemic damage, more research is needed to mechanistically understand when the neuroinflammatory response begins the transition from injury to repair. This could have important implications for ischemic stroke treatment by informing time- and context-specific therapeutic interventions.",2022,brain,neuroscience,True,,,Stroke,stroke,False,openalex,Eduardo Candelario‐Jalil; Rick M. Dijkhuizen; Tim Magnus,https://doi.org/10.1161/strokeaha.122.036946,845,,,,35387495,,,,,,10.2,True,impact_factor>=10,10.1161/strokeaha.122.036946,,,False,0.032210372
https://openalex.org/W4323035237,10.1161/strokeaha.122.040072,Early Brain Injury After Subarachnoid Hemorrhage: Incidence and Mechanisms,"Aneurysmal subarachnoid hemorrhage is a devastating condition causing significant morbidity and mortality. While outcomes from subarachnoid hemorrhage have improved in recent years, there continues to be significant interest in identifying therapeutic targets for this disease. In particular, there has been a shift in emphasis toward secondary brain injury that develops in the first 72 hours after subarachnoid hemorrhage. This time period of interest is referred to as the early brain injury period and comprises processes including microcirculatory dysfunction, blood-brain-barrier breakdown, neuroinflammation, cerebral edema, oxidative cascades, and neuronal death. Advances in our understanding of the mechanisms defining the early brain injury period have been accompanied by improved imaging and nonimaging biomarkers for identifying early brain injury, leading to the recognition of an elevated clinical incidence of early brain injury compared with prior estimates. With the frequency, impact, and mechanisms of early brain injury better defined, there is a need to review the literature in this area to guide preclinical and clinical study.",2023,brain,neuroscience,True,,,Stroke,stroke,False,openalex,David C. Lauzier; Keshav Jayaraman; Jane Yuan; Deepti Diwan; Ananth K. Vellimana; Joshua W. Osbun; Arindam Chatterjee; Umeshkumar Athiraman; Rajat Dhar; Gregory J. Zipfel,https://www.ncbi.nlm.nih.gov/pmc/articles/10243167,215,,,,36866673,,,,,,10.2,True,impact_factor>=10,10.1161/strokeaha.122.040072,,,False,0.12864172
https://openalex.org/W2156531118,10.1161/strokeaha.114.007466,Neuroimaging Markers for Early Neurologic Deterioration in Single Small Subcortical Infarction,"BACKGROUND AND PURPOSE: Early neurological deterioration (END) occurs in ≥20% of single small subcortical infarctions (SSSIs; axial diameter ≤20 mm in the perforator territories) and deters functional recovery. Both microvasculopathies and atherosclerosis have been proposed to independently contribute to the occurrence of END in SSSI cases. We hypothesized that the occurrence of END in SSSIs differs according to the pathological process. METHODS: We collected data from 587 patients with SSSI within 48 hours of onset from a prospective stroke registry containing 4961 case records. Independent reviewers, blinded to END information, rated neuroimaging characteristics, including relevant artery stenosis (0% to 50% stenosis of the adjacent arteries on magnetic resonance angiography), branch atheromatous lesions (≥4 consecutive axial cuts or extensions from the basal surface of the pons), white matter hyperintensities, old lacunar infarctions, and cerebral microbleeds. RESULTS: END occurred in 79 (13.5%) cases, including 6 recurrences, 68 progressions, 1 symptomatic hemorrhagic transformation, 1 others, and 3 unknowns. END increased the National Institutes of Health Stroke Scale score by 2.3±1.4 points. Patients with END showed higher frequencies of modified Rankin Scale scores of 3 to 6 after 3 months compared with patients without END (49% versus 23%). Patients with relevant artery stenosis (adjusted odds ratio, 1.91; 95% confidence interval, 1.13-3.21) and branch atheromatous lesions (adjusted odds ratio, 2.98; 95% confidence interval, 1.80-4.93) had significantly higher odds of exhibiting END. However, such an association was not detected with small vessel disease markers. CONCLUSIONS: Our analysis indicated a potential contribution of the localized atherosclerotic process to END in SSSIs. Precautionary measures might be used for SSSIs suggestive of atherosclerotic pathologies.",2015,neuroimaging,neuroscience,True,,,Stroke,stroke,False,openalex,Han‐Gil Jeong; Beom Joon Kim; Mi Yang; Moon‐Ku Han; Hee‐Joon Bae,https://doi.org/10.1161/strokeaha.114.007466,146,,,,25677600,,,,,,10.2,True,impact_factor>=10,10.1161/strokeaha.114.007466,,,False,0.050245196
https://openalex.org/W2761020194,10.1161/strokeaha.117.018336,Neuroimaging Correlates of Cerebral Microbleeds,"BACKGROUND AND PURPOSE: Cerebral microbleed (CMB) location (deep versus strictly lobar) may elucidate underlying pathology with deep CMBs being more associated with hypertensive vascular disease and lobar CMBs being more associated with cerebral amyloid angiopathy. The objective of this study was to determine whether neuroimaging signs of vascular disease and Alzheimer pathology are associated with different types of CMBs. METHODS: Among 1677 nondemented ARIC (Atherosclerosis Risk in Communities) participants (mean age=76±5 years; 40% men; 26% black) with 3-Tesla MRI scans at the fifth examination (2011-2013), we fit multinomial logistic regression models to quantify relationships of brain volumes (Alzheimer disease signature regions, total gray matter, frontal gray matter, and white matter hyperintensity volumes), infarct frequencies (lacunar, nonlacunar, and total), and apolipoprotein E (number of ε4 alleles) with CMB location (none, deep/mixed, or strictly lobar CMBs). Models were weighted for the sample selection scheme and adjusted for age, sex, education, hypertension, ever smoking status, diabetes mellitus, race site membership, and estimated intracranial volume (brain volume models only). RESULTS: Deep/mixed and strictly lobar CMBs had prevalences of 8% and 16%, respectively. Larger white matter hyperintensity burden, greater total infarct frequency, smaller frontal volumes (in women only), and smaller total gray matter volume were associated with greater risk of both deep and lobar CMBs relative to no CMBs. Greater white matter hyperintensity volume was also associated with greater risk of deep relative to lobar CMBs. Higher lacunar and nonlacunar infarct frequencies were associated with higher risk of deep CMBs, whereas smaller Alzheimer disease signature region volume and apolipoprotein E ε4 homozygosity were associated with greater risk of lobar CMBs. CONCLUSIONS: CMBs are a common vascular pathology in the elderly. Markers of hypertensive small-vessel disease may contribute to deep CMBs while cerebral amyloid angiopathy may drive development of lobar CMBs.",2017,neuroimaging,neuroscience,True,,,Stroke,stroke,False,openalex,Jonathan Graff‐Radford; Jeannette Simino; Kejal Kantarci; Thomas H. Mosley; Michael Griswold; B. Gwen Windham; A. Richey Sharrett; Marilyn S. Albert; Rebecca F. Gottesman; Clifford R. Jack; Prashanthi Vemuri; David S. Knopman,https://doi.org/10.1161/strokeaha.117.018336,88,,,,29018129,,,,,,10.2,True,impact_factor>=10,10.1161/strokeaha.117.018336,,,False,0.14434065
https://openalex.org/W2163605009,10.1145/3065386,ImageNet classification with deep convolutional neural networks,"We trained a large, deep convolutional neural network to classify the 1.2 million high-resolution images in the ImageNet LSVRC-2010 contest into the 1000 different classes. On the test data, we achieved top-1 and top-5 error rates of 37.5% and 17.0%, respectively, which is considerably better than the previous state-of-the-art. The neural network, which has 60 million parameters and 650,000 neurons, consists of five convolutional layers, some of which are followed by max-pooling layers, and three fully connected layers with a final 1000-way softmax. To make training faster, we used non-saturating neurons and a very efficient GPU implementation of the convolution operation. To reduce overfitting in the fully connected layers we employed a recently developed regularization method called ""dropout"" that proved to be very effective. We also entered a variant of this model in the ILSVRC-2012 competition and achieved a winning top-5 test error rate of 15.3%, compared to 26.2% achieved by the second-best entry.",2017,neural,neuroscience,True,,,Communications of the ACM,communications of the acm,False,openalex,Alex Krizhevsky; Ilya Sutskever; Geoffrey E. Hinton,https://doi.org/10.1145/3065386,75677,,,,,,,,,,,True,cited_by_count>=1321 (top 10.0%); cited_by_count>=1321 (top 10.0%),10.1145/3065386,,,False,0.004093053
https://openalex.org/W2899283552,10.1016/j.jcp.2018.10.045,Physics-informed neural networks: A deep learning framework for solving forward and inverse problems involving nonlinear partial differential equations,,2018,neural,neuroscience,True,,,Journal of Computational Physics,journal of computational physics,False,openalex,Maziar Raissi; Paris Perdikaris; George Em Karniadakis,https://www.osti.gov/biblio/1595805,16186,,,,,,,,,,,True,cited_by_count>=1321 (top 10.0%); cited_by_count>=1321 (top 10.0%),10.1016/j.jcp.2018.10.045,,,False,0.13269661
https://openalex.org/W2257979135,10.1038/nature16961,Mastering the game of Go with deep neural networks and tree search,,2016,neural,neuroscience,False,,,Nature,nature,False,openalex,David Silver; Aja Huang; Chris J. Maddison; Arthur Guez; Laurent Sifre; George van den Driessche; Julian Schrittwieser; Ioannis Antonoglou; Veda Panneershelvam; Marc Lanctot; Sander Dieleman; Dominik Grewe; John Nham; Nal Kalchbrenner; Ilya Sutskever; Timothy Lillicrap; Madeleine Leach; Koray Kavukcuoglu; Thore Graepel; Demis Hassabis,,15750,,,,26819042,,,,,,,True,cited_by_count>=1321 (top 10.0%); cited_by_count>=1321 (top 10.0%),10.1038/nature16961,,,False,0.07578921
https://openalex.org/W2559655401,,Advances in Neural Information Processing Systems 28,,2015,neural,neuroscience,False,,,,,,openalex,Peter Flach; Meelis Kull,,14673,,,,,,,,,,,True,cited_by_count>=1321 (top 10.0%); cited_by_count>=1321 (top 10.0%),,,,False,0.071465455
https://openalex.org/W1821462560,10.48550/arxiv.1503.02531,Distilling the Knowledge in a Neural Network,"A very simple way to improve the performance of almost any machine learning algorithm is to train many different models on the same data and then to average their predictions. Unfortunately, making predictions using a whole ensemble of models is cumbersome and may be too computationally expensive to allow deployment to a large number of users, especially if the individual models are large neural nets. Caruana and his collaborators have shown that it is possible to compress the knowledge in an ensemble into a single model which is much easier to deploy and we develop this approach further using a different compression technique. We achieve some surprising results on MNIST and we show that we can significantly improve the acoustic model of a heavily used commercial system by distilling the knowledge in an ensemble of models into a single model. We also introduce a new type of ensemble composed of one or more full models and many specialist models which learn to distinguish fine-grained classes that the full models confuse. Unlike a mixture of experts, these specialist models can be trained rapidly and in parallel.",2015,neural,neuroscience,True,,,arXiv (Cornell University),arxiv (cornell university),True,openalex,Geoffrey E. Hinton; Oriol Vinyals; Jay B. Dean,http://arxiv.org/abs/1503.02531,13936,,,,,,,,,,,True,cited_by_count>=1321 (top 10.0%); cited_by_count>=1321 (top 10.0%),10.48550/arxiv.1503.02531,,,False,0.0850178
https://openalex.org/W2581082771,10.1038/nature21056,Dermatologist-level classification of skin cancer with deep neural networks,,2017,neural,neuroscience,True,,,Nature,nature,False,openalex,Andre Esteva; Brett Kuprel; Roberto A. Novoa; Justin Ko; Susan M. Swetter; Helen M. Blau; Sebastian Thrun,https://www.ncbi.nlm.nih.gov/pmc/articles/8382232,13606,,,,28117445,,,,,,,True,cited_by_count>=1321 (top 10.0%); cited_by_count>=1321 (top 10.0%),10.1038/nature21056,,,False,0.1080234
https://openalex.org/W2612690371,,Advances in Neural Information Processing Systems 29,,2016,neural,neuroscience,False,,,,,,openalex,Onur Teymur; Kostas Zygalakis; Ben Calderhead,,13467,,,,,,,,,,,True,cited_by_count>=1321 (top 10.0%); cited_by_count>=1321 (top 10.0%),,,,False,0.08320629
https://openalex.org/W2549139847,10.1109/cvpr.2017.634,Aggregated Residual Transformations for Deep Neural Networks,"We present a simple, highly modularized network architecture for image classification. Our network is constructed by repeating a building block that aggregates a set of transformations with the same topology. Our simple design results in a homogeneous, multi-branch architecture that has only a few hyper-parameters to set. This strategy exposes a new dimension, which we call cardinality (the size of the set of transformations), as an essential factor in addition to the dimensions of depth and width. On the ImageNet-1K dataset, we empirically show that even under the restricted condition of maintaining complexity, increasing cardinality is able to improve classification accuracy. Moreover, increasing cardinality is more effective than going deeper or wider when we increase the capacity. Our models, named ResNeXt, are the foundations of our entry to the ILSVRC 2016 classification task in which we secured 2nd place. We further investigate ResNeXt on an ImageNet-5K set and the COCO detection set, also showing better results than its ResNet counterpart. The code and models are publicly available online.",2017,neural,neuroscience,False,,,,,,openalex,Saining Xie; Ross Girshick; Piotr Dollár; Zhuowen Tu; Kaiming He,,11810,,,,,,,,,,,True,cited_by_count>=1321 (top 10.0%); cited_by_count>=1321 (top 10.0%),10.1109/cvpr.2017.634,,,False,-0.015017122
https://openalex.org/W2963091558,10.1109/cvpr.2018.00813,Non-local Neural Networks,"Both convolutional and recurrent operations are building blocks that process one local neighborhood at a time. In this paper, we present non-local operations as a generic family of building blocks for capturing long-range dependencies. Inspired by the classical non-local means method in computer vision, our non-local operation computes the response at a position as a weighted sum of the features at all positions. This building block can be plugged into many computer vision architectures. On the task of video classification, even without any bells and whistles, our non-local models can compete or outperform current competition winners on both Kinetics and Charades datasets. In static image recognition, our non-local models improve object detection/segmentation and pose estimation on the COCO suite of tasks. Code is available at https://github.com/facebookresearch/video-nonlocal-net .",2018,neural,neuroscience,False,,,,,,openalex,Xiaolong Wang; Ross Girshick; Abhinav Gupta; Kaiming He,,11158,https://github.com/facebookresearch/video-nonlocal-net,,,,https://github.com/facebookresearch/video-nonlocal-net,https://github.com/facebookresearch/video-nonlocal-net,,,,,True,cited_by_count>=1321 (top 10.0%); cited_by_count>=1321 (top 10.0%),10.1109/cvpr.2018.00813,,,False,-0.008493615
https://openalex.org/W2612445135,10.48550/arxiv.1704.04861,MobileNets: Efficient Convolutional Neural Networks for Mobile Vision Applications,"We present a class of efficient models called MobileNets for mobile and embedded vision applications. MobileNets are based on a streamlined architecture that uses depth-wise separable convolutions to build light weight deep neural networks. We introduce two simple global hyper-parameters that efficiently trade off between latency and accuracy. These hyper-parameters allow the model builder to choose the right sized model for their application based on the constraints of the problem. We present extensive experiments on resource and accuracy tradeoffs and show strong performance compared to other popular models on ImageNet classification. We then demonstrate the effectiveness of MobileNets across a wide range of applications and use cases including object detection, finegrain classification, face attributes and large scale geo-localization.",2017,neural,neuroscience,True,,,arXiv (Cornell University),arxiv (cornell university),True,openalex,Andrew Howard; Menglong Zhu; Bo Chen; Dmitry Kalenichenko; Weijun Wang; Tobias Weyand; Marco Andreetto; Hartwig Adam,http://arxiv.org/abs/1704.04861,9899,,,,,,,,,,,True,cited_by_count>=1321 (top 10.0%); cited_by_count>=1321 (top 10.0%),10.48550/arxiv.1704.04861,,,False,-0.018126141
https://openalex.org/W2907492528,10.1109/tnnls.2020.2978386,A Comprehensive Survey on Graph Neural Networks,"Deep learning has revolutionized many machine learning tasks in recent years, ranging from image classification and video processing to speech recognition and natural language understanding. The data in these tasks are typically represented in the Euclidean space. However, there is an increasing number of applications, where data are generated from non-Euclidean domains and are represented as graphs with complex relationships and interdependency between objects. The complexity of graph data has imposed significant challenges on the existing machine learning algorithms. Recently, many studies on extending deep learning approaches for graph data have emerged. In this article, we provide a comprehensive overview of graph neural networks (GNNs) in data mining and machine learning fields. We propose a new taxonomy to divide the state-of-the-art GNNs into four categories, namely, recurrent GNNs, convolutional GNNs, graph autoencoders, and spatial-temporal GNNs. We further discuss the applications of GNNs across various domains and summarize the open-source codes, benchmark data sets, and model evaluation of GNNs. Finally, we propose potential research directions in this rapidly growing field.",2020,neural,neuroscience,True,,,IEEE Transactions on Neural Networks and Learning Systems,ieee transactions on neural networks and learning systems,False,openalex,Zonghan Wu; Shirui Pan; Fengwen Chen; Guodong Long; Chengqi Zhang; Philip S. Yu,http://arxiv.org/abs/1901.00596,9052,,,,32217482,,,,,,,True,cited_by_count>=1321 (top 10.0%); cited_by_count>=1321 (top 10.0%),10.1109/tnnls.2020.2978386,,,False,-0.044098906
https://openalex.org/W2963125010,10.1109/cvpr.2018.00716,ShuffleNet: An Extremely Efficient Convolutional Neural Network for Mobile Devices,"We introduce an extremely computation-efficient CNN architecture named ShuffleNet, which is designed specially for mobile devices with very limited computing power (e.g., 10-150 MFLOPs). The new architecture utilizes two new operations, pointwise group convolution and channel shuffle, to greatly reduce computation cost while maintaining accuracy. Experiments on ImageNet classification and MS COCO object detection demonstrate the superior performance of ShuffleNet over other structures, e.g. lower top-1 error (absolute 7.8%) than recent MobileNet [12] on ImageNet classification task, under the computation budget of 40 MFLOPs. On an ARM-based mobile device, ShuffleNet achieves ~13× actual speedup over AlexNet while maintaining comparable accuracy.",2018,neural,neuroscience,False,,,,,,openalex,Xiangyu Zhang; Xinyu Zhou; Mengxiao Lin; Jian Sun,,8961,,,,,,,,,,,True,cited_by_count>=1321 (top 10.0%); cited_by_count>=1321 (top 10.0%),10.1109/cvpr.2018.00716,,,False,0.014556117
https://openalex.org/W1902237438,10.18653/v1/d15-1166,Effective Approaches to Attention-based Neural Machine Translation,"An attentional mechanism has lately been used to improve neural machine translation (NMT) by selectively focusing on parts of the source sentence during translation. However, there has been little work exploring useful architectures for attention-based NMT. This paper examines two simple and effective classes of attentional mechanism: a global approach which always attends to all source words and a local one that only looks at a subset of source words at a time. We demonstrate the effectiveness of both approaches on the WMT translation tasks between English and German in both directions. With local attention, we achieve a significant gain of 5.0 BLEU points over non-attentional systems that already incorporate known techniques such as dropout. Our ensemble model using different attention architectures yields a new state-of-the-art result in the WMT'15 English to German translation task with 25.9 BLEU points, an improvement of 1.0 BLEU points over the existing best system backed by NMT and an n-gram reranker. 1",2015,neural,neuroscience,True,,,,,,openalex,Thang Luong; Hieu Pham; Christopher D. Manning,https://doi.org/10.18653/v1/d15-1166,8568,,,,,,,,,,,True,cited_by_count>=1321 (top 10.0%); cited_by_count>=1321 (top 10.0%),10.18653/v1/d15-1166,,,False,0.051261228
https://openalex.org/W3034552520,10.1109/cvpr42600.2020.01155,ECA-Net: Efficient Channel Attention for Deep Convolutional Neural Networks,"Recently, channel attention mechanism has demonstrated to offer great potential in improving the performance of deep convolutional neural networks (CNNs). However, most existing methods dedicate to developing more sophisticated attention modules for achieving better performance, which inevitably increase model complexity. To overcome the paradox of performance and complexity trade-off, this paper proposes an Efficient Channel Attention (ECA) module, which only involves a handful of parameters while bringing clear performance gain. By dissecting the channel attention module in SENet, we empirically show avoiding dimensionality reduction is important for learning channel attention, and appropriate cross-channel interaction can preserve performance while significantly decreasing model complexity. Therefore, we propose a local cross-channel interaction strategy without dimensionality reduction, which can be efficiently implemented via 1D convolution. Furthermore, we develop a method to adaptively select kernel size of 1D convolution, determining coverage of local cross-channel interaction. The proposed ECA module is both efficient and effective, e.g., the parameters and computations of our modules against backbone of ResNet50 are 80 vs. 24.37M and 4.7e-4 GFlops vs. 3.86 GFlops, respectively, and the performance boost is more than 2% in terms of Top-1 accuracy. We extensively evaluate our ECA module on image classification, object detection and instance segmentation with backbones of ResNets and MobileNetV2. The experimental results show our module is more efficient while performing favorably against its counterparts.",2020,neural,neuroscience,False,,,,,,openalex,Qilong Wang; Banggu Wu; Pengfei Zhu; Peihua Li; Wangmeng Zuo; Qinghua Hu,,7943,,,,,,,,,,,True,cited_by_count>=1321 (top 10.0%); cited_by_count>=1321 (top 10.0%),10.1109/cvpr42600.2020.01155,,,False,0.005483061
https://openalex.org/W1731081199,10.1007/978-3-319-58347-1_10,Domain-Adversarial Training of Neural Networks,,2017,neural,neuroscience,False,,,Advances in computer vision and pattern recognition,advances in computer vision and pattern recognition,False,openalex,Yaroslav Ganin; Evgeniya Ustinova; Hana Ajakan; Pascal Germain; Hugo Larochelle; François Laviolette; Mario Marchand; Victor Lempitsky,,7584,,,,,,,,,,,True,cited_by_count>=1321 (top 10.0%); cited_by_count>=1321 (top 10.0%),10.1007/978-3-319-58347-1_10,,,False,0.052114375
https://openalex.org/W1514535095,10.48550/arxiv.1502.03044,"Show, Attend and Tell: Neural Image Caption Generation with Visual Attention","Inspired by recent work in machine translation and object detection, we introduce an attention based model that automatically learns to describe the content of images. We describe how we can train this model in a deterministic manner using standard backpropagation techniques and stochastically by maximizing a variational lower bound. We also show through visualization how the model is able to automatically learn to fix its gaze on salient objects while generating the corresponding words in the output sequence. We validate the use of attention with state-of-the-art performance on three benchmark datasets: Flickr8k, Flickr30k and MS COCO.",2015,neural,neuroscience,True,,,arXiv (Cornell University),arxiv (cornell university),True,openalex,"Kelvin Xu; Jimmy Ba; Ryan Kiros; Kyunghyun Cho; Aaron Courville; Salakhutdinov, Ruslan; Rich Zemel; Yoshua Bengio",http://arxiv.org/abs/1502.03044,7512,,,,,,,,,,,True,cited_by_count>=1321 (top 10.0%); cited_by_count>=1321 (top 10.0%),10.48550/arxiv.1502.03044,,,False,-0.0047001448
https://openalex.org/W2476548250,10.1109/cvpr.2016.207,Real-Time Single Image and Video Super-Resolution Using an Efficient Sub-Pixel Convolutional Neural Network,"Recently, several models based on deep neural networks have achieved great success in terms of both reconstruction accuracy and computational performance for single image super-resolution. In these methods, the low resolution (LR) input image is upscaled to the high resolution (HR) space using a single filter, commonly bicubic interpolation, before reconstruction. This means that the super-resolution (SR) operation is performed in HR space. We demonstrate that this is sub-optimal and adds computational complexity. In this paper, we present the first convolutional neural network (CNN) capable of real-time SR of 1080p videos on a single K2 GPU. To achieve this, we propose a novel CNN architecture where the feature maps are extracted in the LR space. In addition, we introduce an efficient sub-pixel convolution layer which learns an array of upscaling filters to upscale the final LR feature maps into the HR output. By doing so, we effectively replace the handcrafted bicubic filter in the SR pipeline with more complex upscaling filters specifically trained for each feature map, whilst also reducing the computational complexity of the overall SR operation. We evaluate the proposed approach using images and videos from publicly available datasets and show that it performs significantly better (+0.15dB on Images and +0.39dB on Videos) and is an order of magnitude faster than previous CNN-based methods.",2016,neural,neuroscience,False,,,,,,openalex,Wenzhe Shi; José Caballero; Ferenc Huszár; Johannes Totz; Andrew P. Aitken; Rob Bishop; Daniel Rueckert; Zehan Wang,,7060,,,,,,,,,,,True,cited_by_count>=1321 (top 10.0%); cited_by_count>=1321 (top 10.0%),10.1109/cvpr.2016.207,,,False,-0.11752398
https://openalex.org/W2560647685,10.1073/pnas.1611835114,Overcoming catastrophic forgetting in neural networks,The ability to learn tasks in a sequential fashion is crucial to the development of artificial intelligence. Until now neural networks have not been capable of this and it has been widely thought that catastrophic forgetting is an inevitable feature of connectionist models. We show that it is possible to overcome this limitation and train networks that can maintain expertise on tasks that they have not experienced for a long time. Our approach remembers old tasks by selectively slowing down learning on the weights important for those tasks. We demonstrate our approach is scalable and effective by solving a set of classification tasks based on a hand-written digit dataset and by learning several Atari 2600 games sequentially.,2017,neural,neuroscience,True,,,Proceedings of the National Academy of Sciences,proceedings of the national academy of sciences,False,openalex,James Kirkpatrick; Razvan Pascanu; Neil C. Rabinowitz; Joel Veness; Guillaume Desjardins; Andrei A. Rusu; Kieran Milan; John Quan; Tiago Ramalho; Agnieszka Grabska‐Barwińska; Demis Hassabis; Claudia Clopath; Dharshan Kumaran; Raia Hadsell,https://doi.org/10.1073/pnas.1611835114,7043,,,,28292907,,,,,,,True,cited_by_count>=1321 (top 10.0%); cited_by_count>=1321 (top 10.0%),10.1073/pnas.1611835114,,,False,0.024097621
https://openalex.org/W2605350416,10.1145/3038912.3052569,Neural Collaborative Filtering,"In recent years, deep neural networks have yielded immense success on speech recognition, computer vision and natural language processing. However, the exploration of deep neural networks on recommender systems has received relatively less scrutiny. In this work, we strive to develop techniques based on neural networks to tackle the key problem in recommendation --- collaborative filtering --- on the basis of implicit feedback.",2017,neural,neuroscience,True,,,,,,openalex,Xiangnan He; Lizi Liao; Hanwang Zhang; Liqiang Nie; Xia Hu; Tat‐Seng Chua,https://doi.org/10.1145/3038912.3052569,6553,,,,,,,,,,,True,cited_by_count>=1321 (top 10.0%); cited_by_count>=1321 (top 10.0%),10.1145/3038912.3052569,,,False,-0.06890839
https://openalex.org/W1895577753,10.1109/cvpr.2015.7298935,Show and tell: A neural image caption generator,"Automatically describing the content of an image is a fundamental problem in artificial intelligence that connects computer vision and natural language processing. In this paper, we present a generative model based on a deep recurrent architecture that combines recent advances in computer vision and machine translation and that can be used to generate natural sentences describing an image. The model is trained to maximize the likelihood of the target description sentence given the training image. Experiments on several datasets show the accuracy of the model and the fluency of the language it learns solely from image descriptions. Our model is often quite accurate, which we verify both qualitatively and quantitatively. For instance, while the current state-of-the-art BLEU-1 score (the higher the better) on the Pascal dataset is 25, our approach yields 59, to be compared to human performance around 69. We also show BLEU-1 score improvements on Flickr30k, from 56 to 66, and on SBU, from 19 to 28. Lastly, on the newly released COCO dataset, we achieve a BLEU-4 of 27.7, which is the current state-of-the-art.",2015,neural,neuroscience,False,,,,,,openalex,Oriol Vinyals; Alexander Toshev; Samy Bengio; Dumitru Erhan,,6328,,,,,,,,,,,True,cited_by_count>=1321 (top 10.0%); cited_by_count>=1321 (top 10.0%),10.1109/cvpr.2015.7298935,,,False,-0.01874739
https://openalex.org/W2962949934,10.1016/j.patcog.2017.10.013,Recent advances in convolutional neural networks,,2017,neural,neuroscience,False,,,Pattern Recognition,pattern recognition,False,openalex,Jiuxiang Gu; Zhenhua Wang; Jason Kuen; Lianyang Ma; Amir Shahroudy; Bing Shuai; Ting Liu; Xingxing Wang; Gang Wang; Jianfei Cai; Tsuhan Chen,,6214,,,,,,,,,,,True,cited_by_count>=1321 (top 10.0%); cited_by_count>=1321 (top 10.0%),10.1016/j.patcog.2017.10.013,,,False,0.082699746
https://openalex.org/W2475287302,10.1109/cvpr.2016.265,Image Style Transfer Using Convolutional Neural Networks,"Rendering the semantic content of an image in different styles is a difficult image processing task. Arguably, a major limiting factor for previous approaches has been the lack of image representations that explicitly represent semantic information and, thus, allow to separate image content from style. Here we use image representations derived from Convolutional Neural Networks optimised for object recognition, which make high level image information explicit. We introduce A Neural Algorithm of Artistic Style that can separate and recombine the image content and style of natural images. The algorithm allows us to produce new images of high perceptual quality that combine the content of an arbitrary photograph with the appearance of numerous wellknown artworks. Our results provide new insights into the deep image representations learned by Convolutional Neural Networks and demonstrate their potential for high level image synthesis and manipulation.",2016,neural,neuroscience,False,,,,,,openalex,Leon A. Gatys; Alexander S. Ecker; Matthias Bethge,,5983,,,,,,,,,,,True,cited_by_count>=1321 (top 10.0%); cited_by_count>=1321 (top 10.0%),10.1109/cvpr.2016.265,,,False,-0.09242603
https://openalex.org/W2253429366,10.1109/tmi.2016.2528162,"Deep Convolutional Neural Networks for Computer-Aided Detection: CNN Architectures, Dataset Characteristics and Transfer Learning","Remarkable progress has been made in image recognition, primarily due to the availability of large-scale annotated datasets and deep convolutional neural networks (CNNs). CNNs enable learning data-driven, highly representative, hierarchical image features from sufficient training data. However, obtaining datasets as comprehensively annotated as ImageNet in the medical imaging domain remains a challenge. There are currently three major techniques that successfully employ CNNs to medical image classification: training the CNN from scratch, using off-the-shelf pre-trained CNN features, and conducting unsupervised CNN pre-training with supervised fine-tuning. Another effective method is transfer learning, i.e., fine-tuning CNN models pre-trained from natural image dataset to medical image tasks. In this paper, we exploit three important, but previously understudied factors of employing deep convolutional neural networks to computer-aided detection problems. We first explore and evaluate different CNN architectures. The studied models contain 5 thousand to 160 million parameters, and vary in numbers of layers. We then evaluate the influence of dataset scale and spatial image context on performance. Finally, we examine when and why transfer learning from pre-trained ImageNet (via fine-tuning) can be useful. We study two specific computer-aided detection (CADe) problems, namely thoraco-abdominal lymph node (LN) detection and interstitial lung disease (ILD) classification. We achieve the state-of-the-art performance on the mediastinal LN detection, and report the first five-fold cross-validation classification results on predicting axial CT slices with ILD categories. Our extensive empirical evaluation, CNN model analysis and valuable insights can be extended to the design of high performance CAD systems for other medical imaging tasks.",2016,neural,neuroscience,True,,,IEEE Transactions on Medical Imaging,ieee transactions on medical imaging,False,openalex,Hoo-Chang Shin; Holger R. Roth; Mingchen Gao; Le Lü; Ziyue Xu; Isabella Nogues; Jianhua Yao; Daniel J. Mollura; Ronald M. Summers,https://www.ncbi.nlm.nih.gov/pmc/articles/4890616,5775,,,,26886976,,,,,,,True,cited_by_count>=1321 (top 10.0%); cited_by_count>=1321 (top 10.0%),10.1109/tmi.2016.2528162,,,False,0.05267883
https://openalex.org/W2525778437,10.48550/arxiv.1609.08144,Google's Neural Machine Translation System: Bridging the Gap between Human and Machine Translation,"Neural Machine Translation (NMT) is an end-to-end learning approach for automated translation, with the potential to overcome many of the weaknesses of conventional phrase-based translation systems. Unfortunately, NMT systems are known to be computationally expensive both in training and in translation inference. Also, most NMT systems have difficulty with rare words. These issues have hindered NMT's use in practical deployments and services, where both accuracy and speed are essential. In this work, we present GNMT, Google's Neural Machine Translation system, which attempts to address many of these issues. Our model consists of a deep LSTM network with 8 encoder and 8 decoder layers using attention and residual connections. To improve parallelism and therefore decrease training time, our attention mechanism connects the bottom layer of the decoder to the top layer of the encoder. To accelerate the final translation speed, we employ low-precision arithmetic during inference computations. To improve handling of rare words, we divide words into a limited set of common sub-word units (""wordpieces"") for both input and output. This method provides a good balance between the flexibility of ""character""-delimited models and the efficiency of ""word""-delimited models, naturally handles translation of rare words, and ultimately improves the overall accuracy of the system. Our beam search technique employs a length-normalization procedure and uses a coverage penalty, which encourages generation of an output sentence that is most likely to cover all the words in the source sentence. On the WMT'14 English-to-French and English-to-German benchmarks, GNMT achieves competitive results to state-of-the-art. Using a human side-by-side evaluation on a set of isolated simple sentences, it reduces translation errors by an average of 60% compared to Google's phrase-based production system.",2016,neural,neuroscience,True,,,arXiv (Cornell University),arxiv (cornell university),True,openalex,Yonghui Wu; Mike Schuster; Zhifeng Chen; Quoc V. Le; Mohammad Norouzi; Wolfgang Macherey; Maxim Krikun; Yuan Cao; Qin Gao; Klaus Macherey; Jeff Klingner; Apurva Shah; Melvin Johnson; Xiaobing Liu; Łukasz Kaiser; Stephan Gouws; Yoshikiyo Kato; Taku Kudo; Hideto Kazawa; Keith Stevens; George Thomas Kurian; Nishant Patil; Wei Wang; Cliff Young; Jason Smith; Jason Riesa; Alex Rudnick; Oriol Vinyals; Greg S. Corrado; Macduff Hughes; Jay B. Dean,http://arxiv.org/abs/1609.08144,5661,,,,,,,,,,,True,cited_by_count>=1321 (top 10.0%); cited_by_count>=1321 (top 10.0%),10.48550/arxiv.1609.08144,,,False,0.009513175
https://openalex.org/W3186179742,10.1126/science.abj8754,Accurate prediction of protein structures and interactions using a three-track neural network,"DeepMind presented notably accurate predictions at the recent 14th Critical Assessment of Structure Prediction (CASP14) conference. We explored network architectures that incorporate related ideas and obtained the best performance with a three-track network in which information at the one-dimensional (1D) sequence level, the 2D distance map level, and the 3D coordinate level is successively transformed and integrated. The three-track network produces structure predictions with accuracies approaching those of DeepMind in CASP14, enables the rapid solution of challenging x-ray crystallography and cryo-electron microscopy structure modeling problems, and provides insights into the functions of proteins of currently unknown structure. The network also enables rapid generation of accurate protein-protein complex models from sequence information alone, short-circuiting traditional approaches that require modeling of individual subunits followed by docking. We make the method available to the scientific community to speed biological research.",2021,neural,neuroscience,True,,,Science,science,False,openalex,Minkyung Baek; Frank DiMaio; Ivan Anishchenko; Justas Dauparas; Sergey Ovchinnikov; Gyu Rie Lee; Jue Wang; Qian Cong; Lisa N. Kinch; R. Dustin Schaeffer; Claudia Millán; Hahnbeom Park; Carson Adams; Caleb R. Glassman; Andy DeGiovanni; J.H. Pereira; Andria V. Rodrigues; Alberdina A. van Dijk; Ana C. Ebrecht; Diederik J. Opperman; Theo Sagmeister; Christoph Buhlheller; Tea Pavkov‐Keller; Manoj Kumar Rathinaswamy; Udit Dalwadi; Calvin K. Yip; John E. Burke; K. Christopher García; Nick V. Grishin; Paul D. Adams; Randy J. Read; David Baker,https://escholarship.org/uc/item/3gz3w9v7,5629,,,,34282049,,,,,,,True,cited_by_count>=1321 (top 10.0%); cited_by_count>=1321 (top 10.0%),10.1126/science.abj8754,,,False,0.10778973
https://openalex.org/W3152893301,10.1016/j.aiopen.2021.01.001,Graph neural networks: A review of methods and applications,"Lots of learning tasks require dealing with graph data which contains rich relation information among elements. Modeling physics systems, learning molecular fingerprints, predicting protein interface, and classifying diseases demand a model to learn from graph inputs. In other domains such as learning from non-structural data like texts and images, reasoning on extracted structures (like the dependency trees of sentences and the scene graphs of images) is an important research topic which also needs graph reasoning models. Graph neural networks (GNNs) are neural models that capture the dependence of graphs via message passing between the nodes of graphs. In recent years, variants of GNNs such as graph convolutional network (GCN), graph attention network (GAT), graph recurrent network (GRN) have demonstrated ground-breaking performances on many deep learning tasks. In this survey, we propose a general design pipeline for GNN models and discuss the variants of each component, systematically categorize the applications, and propose four open problems for future research.",2020,neural,neuroscience,True,,,AI Open,ai open,True,openalex,Jie Zhou; Ganqu Cui; Shengding Hu; Zhengyan Zhang; Cheng Yang; Zhiyuan Liu; Lifeng Wang; Changcheng Li; Maosong Sun,https://doi.org/10.1016/j.aiopen.2021.01.001,5440,,,,,,,,,,,True,cited_by_count>=1321 (top 10.0%); cited_by_count>=1321 (top 10.0%),10.1016/j.aiopen.2021.01.001,,,False,0.10629549
https://openalex.org/W4294558607,10.4230/lipics.sea.2024.20,Targeted Branching for the Maximum Independent Set Problem Using Graph Neural Networks,"Identifying a maximum independent set is a fundamental NP-hard problem. This problem has several real-world applications and requires finding the largest possible set of vertices not adjacent to each other in an undirected graph. Over the past few years, branch-and-bound and branch-and-reduce algorithms have emerged as some of the most effective methods for solving the problem exactly. Specifically, the branch-and-reduce approach, which combines branch-and-bound principles with reduction rules, has proven particularly successful in tackling previously unmanageable real-world instances. This progress was largely made possible by the development of more effective reduction rules. Nevertheless, other key components that can impact the efficiency of these algorithms have not received the same level of interest. Among these is the branching strategy, which determines which vertex to branch on next. Until recently, the most widely used strategy was to choose the vertex of the highest degree. In this work, we present a graph neural network approach for selecting the next branching vertex. The intricate nature of current branch-and-bound solvers makes supervised and reinforcement learning difficult. Therefore, we use a population-based genetic algorithm to evolve the model’s parameters instead. Our proposed approach results in a speedup on 73% of the benchmark instances with a median speedup of 24%.",2024,neural,neuroscience,True,,,DROPS (Schloss Dagstuhl – Leibniz Center for Informatics),drops (schloss dagstuhl – leibniz center for informatics),False,openalex,"Silva, Gabriel; Rodrigues, Mário; Teixeira, António; Amorim, Marlene",https://drops.dagstuhl.de/entities/document/10.4230/LIPIcs.SEA.2024.20,5380,,,,,,,,,,,True,cited_by_count>=1321 (top 10.0%); cited_by_count>=1321 (top 10.0%),10.4230/lipics.sea.2024.20,,,False,-0.04486872
https://openalex.org/W2944851425,10.1162/neco_a_01199,A Review of Recurrent Neural Networks: LSTM Cells and Network Architectures,"Recurrent neural networks (RNNs) have been widely adopted in research areas concerned with sequential data, such as text, audio, and video. However, RNNs consisting of sigma cells or tanh cells are unable to learn the relevant information of input data when the input gap is large. By introducing gate functions into the cell structure, the long short-term memory (LSTM) could handle the problem of long-term dependencies well. Since its introduction, almost all the exciting results based on RNNs have been achieved by the LSTM. The LSTM has become the focus of deep learning. We review the LSTM cell and its variants to explore the learning capacity of the LSTM cell. Furthermore, the LSTM networks are divided into two broad categories: LSTM-dominated networks and integrated LSTM networks. In addition, their various applications are discussed. Finally, future research directions are presented for LSTM networks.",2019,neural,neuroscience,False,,,Neural Computation,neural computation,False,openalex,Yong Yu; Xiaosheng Si; Changhua Hu; Jianxun Zhang,,5367,,,,31113301,,,,,,,True,cited_by_count>=1321 (top 10.0%); cited_by_count>=1321 (top 10.0%),10.1162/neco_a_01199,,,False,-0.019638889
https://openalex.org/W2885195348,10.1016/j.physd.2019.132306,Fundamentals of Recurrent Neural Network (RNN) and Long Short-Term Memory (LSTM) network,,2020,neural,neuroscience,True,,,Physica D Nonlinear Phenomena,physica d nonlinear phenomena,False,openalex,A. Sherstinsky,http://arxiv.org/abs/1808.03314,5356,,,,,,,,,,,True,cited_by_count>=1321 (top 10.0%); cited_by_count>=1321 (top 10.0%),10.1016/j.physd.2019.132306,,,False,0.062238477
https://openalex.org/W2243397390,10.1109/cvpr.2016.282,DeepFool: A Simple and Accurate Method to Fool Deep Neural Networks,"State-of-the-art deep neural networks have achieved impressive results on many image classification tasks. However, these same architectures have been shown to be unstable to small, well sought, perturbations of the images. Despite the importance of this phenomenon, no effective methods have been proposed to accurately compute the robustness of state-of-the-art deep classifiers to such perturbations on large-scale datasets. In this paper, we fill this gap and propose the DeepFool algorithm to efficiently compute perturbations that fool deep networks, and thus reliably quantify the robustness of these classifiers. Extensive experimental results show that our approach outperforms recent methods in the task of computing adversarial perturbations and making classifiers more robust.",2016,neural,neuroscience,True,,,,,,openalex,Seyed-Mohsen Moosavi-Dezfooli; Alhussein Fawzi; Pascal Frossard,https://infoscience.epfl.ch/handle/20.500.14299/125711,5296,,,,,,,,,,,True,cited_by_count>=1321 (top 10.0%); cited_by_count>=1321 (top 10.0%),10.1109/cvpr.2016.282,,,False,0.058868438
https://openalex.org/W2743254891,10.1159/000479571,Induction of the Vitamin D Receptor Attenuates Autophagy Dysfunction-Mediated Cell Death Following Traumatic Brain Injury.,"BACKGROUND/AIMS: Traumatic brain injury (TBI) is a major public health problem in the world and causes high rates of mortality and disability. Recent evidence suggests that vitamin D (VD) has neuroprotective actions and can promote function recovery after TBI. In vitro and in vivo studies have demonstrated that autophagy could be enhanced following supplementation with an active metabolite of VD (calcitriol). However, it is unclear whether autophagy participates in the protective effects of calcitriol after TBI. To test this hypothesis, we examined the protective effects of calcitriol on TBI-induced neurological impairment and further investigated whether calcitriol could modulate autophagy dysfunction-mediated cell death in the cortex region of rat brain. METHODS: Eighty-five male rats (250-280 g) were randomly assigned to sham (n=15), TBI model (TBI, n=35) and calcitriol treatment (calcitriol, n=35) groups. Rats were injected intraperitoneally with calcitriol (1 µg/kg) at 30 min, 24 h and 48 h post-TBI in the calcitriol group. The lysosomal inhibitor, chloroquine (CQ), was used to evaluate autophagic flux in the TBI and calcitriol groups. Neurological functions were evaluated via the modified neurological severity score test at 1-7 days after TBI or sham operation, and the terminal deoxynucleotidyl transferase-mediated FITC-dUTP nick-end labeling method was used to evaluate the ability of calcitriol to inhibit apoptosis. The expression of VDR, LC3 and p62 proteins was measured by western blot analysis at 1, 3 and 7 days post-injury Results: Calcitriol treatment attenuated mNSS at 2-7 days post-TBI (P < 0.05 versus TBI group). Calcitriol dramatically increased VDR protein expression compared with the untreated counterparts at 1, 3 and 7 days post-TBI (P < 0.05). The rate of apoptotic cells in calcitriol-treated rats was significantly reduced compared to that observed in the TBI group (P < 0.05). The LC3II/LC3I ratio was decreased in the cortex region at 1, 3 and 7 days post-TBI in rats treated with calcitriol (p < 0.05 versus TBI group), and the p62 expression was also attenuated (p < 0.05 versus TBI group). The LC3II/LC3I ratio in the calcitriol group was significantly increased when pretreated with CQ (P < 0.05). CONCLUSION: Calcitriol treatment activated VDR protein expression and attenuated neurological deficits in this rat TBI model. The protective effects might be associated with the restoration of autophagy flux and the decrease in apoptosis in the cortex region of rat brain.",2017,brain,neuroscience,False,,,PubMed,pubmed,False,openalex,Changmeng Cui; Jianzhong Cui; Feng Jin; Ying Cui; Ran Li; Xiaohua Jiang; Yanxia Tian; Richard C. Wang; Pei Jiang; Junling Gao,,5191,,,,28772270,,,,,,,True,cited_by_count>=1321 (top 10.0%); cited_by_count>=1321 (top 10.0%),10.1159/000479571,,,False,0.05824284
https://openalex.org/W2946948417,10.48550/arxiv.1905.11946,EfficientNet: Rethinking Model Scaling for Convolutional Neural Networks,"Convolutional Neural Networks (ConvNets) are commonly developed at a fixed resource budget, and then scaled up for better accuracy if more resources are available. In this paper, we systematically study model scaling and identify that carefully balancing network depth, width, and resolution can lead to better performance. Based on this observation, we propose a new scaling method that uniformly scales all dimensions of depth/width/resolution using a simple yet highly effective compound coefficient. We demonstrate the effectiveness of this method on scaling up MobileNets and ResNet. To go even further, we use neural architecture search to design a new baseline network and scale it up to obtain a family of models, called EfficientNets, which achieve much better accuracy and efficiency than previous ConvNets. In particular, our EfficientNet-B7 achieves state-of-the-art 84.3% top-1 accuracy on ImageNet, while being 8.4x smaller and 6.1x faster on inference than the best existing ConvNet. Our EfficientNets also transfer well and achieve state-of-the-art accuracy on CIFAR-100 (91.7%), Flowers (98.8%), and 3 other transfer learning datasets, with an order of magnitude fewer parameters. Source code is at https://github.com/tensorflow/tpu/tree/master/models/official/efficientnet.",2019,neural,neuroscience,True,,,arXiv (Cornell University),arxiv (cornell university),True,openalex,Mingxing Tan; Quoc V. Le,http://arxiv.org/abs/1905.11946,5013,https://github.com/tensorflow/tpu,,,,https://github.com/tensorflow/tpu,https://github.com/tensorflow/tpu,,,,,True,cited_by_count>=1321 (top 10.0%); cited_by_count>=1321 (top 10.0%),10.48550/arxiv.1905.11946,,,False,-0.021772673
https://openalex.org/W3168997536,10.1109/tnnls.2021.3084827,"A Survey of Convolutional Neural Networks: Analysis, Applications, and Prospects","A convolutional neural network (CNN) is one of the most significant networks in the deep learning field. Since CNN made impressive achievements in many areas, including but not limited to computer vision and natural language processing, it attracted much attention from both industry and academia in the past few years. The existing reviews mainly focus on CNN’s applications in different scenarios without considering CNN from a general perspective, and some novel ideas proposed recently are not covered. In this review, we aim to provide some novel ideas and prospects in this fast-growing field. Besides, not only 2-D convolution but also 1-D and multidimensional ones are involved. First, this review introduces the history of CNN. Second, we provide an overview of various convolutions. Third, some classic and advanced CNN models are introduced; especially those key points making them reach state-of-the-art results. Fourth, through experimental analysis, we draw some conclusions and provide several rules of thumb for functions and hyperparameter selection. Fifth, the applications of 1-D, 2-D, and multidimensional convolution are covered. Finally, some open issues and promising directions for CNN are discussed as guidelines for future work.",2021,neural,neuroscience,True,,,IEEE Transactions on Neural Networks and Learning Systems,ieee transactions on neural networks and learning systems,False,openalex,Zewen Li; Fan Liu; Wenjie Yang; Shouheng Peng; Jun Zhou,http://hdl.handle.net/10072/405164,4751,,,,,,,,,,,True,cited_by_count>=1321 (top 10.0%); cited_by_count>=1321 (top 10.0%),10.1109/tnnls.2021.3084827,,,False,-0.041771166
https://openalex.org/W3109585842,10.1007/978-3-030-58452-8_24,NeRF: Representing Scenes as Neural Radiance Fields for View Synthesis,,2020,neural,neuroscience,False,,,Lecture notes in computer science,lecture notes in computer science,False,openalex,Ben Mildenhall; Pratul P. Srinivasan; Matthew Tancik; Jonathan T. Barron; Ravi Ramamoorthi; Ren Ng,,4688,,,,,,,,,,,True,cited_by_count>=1321 (top 10.0%); cited_by_count>=1321 (top 10.0%),10.1007/978-3-030-58452-8_24,,,False,0.07295858
https://openalex.org/W2970686316,10.1152/physrev.00018.2018,The Microbiota-Gut-Brain Axis,"The importance of the gut-brain axis in maintaining homeostasis has long been appreciated. However, the past 15 yr have seen the emergence of the microbiota (the trillions of microorganisms within and on our bodies) as one of the key regulators of gut-brain function and has led to the appreciation of the importance of a distinct microbiota-gut-brain axis. This axis is gaining ever more traction in fields investigating the biological and physiological basis of psychiatric, neurodevelopmental, age-related, and neurodegenerative disorders. The microbiota and the brain communicate with each other via various routes including the immune system, tryptophan metabolism, the vagus nerve and the enteric nervous system, involving microbial metabolites such as short-chain fatty acids, branched chain amino acids, and peptidoglycans. Many factors can influence microbiota composition in early life, including infection, mode of birth delivery, use of antibiotic medications, the nature of nutritional provision, environmental stressors, and host genetics. At the other extreme of life, microbial diversity diminishes with aging. Stress, in particular, can significantly impact the microbiota-gut-brain axis at all stages of life. Much recent work has implicated the gut microbiota in many conditions including autism, anxiety, obesity, schizophrenia, Parkinson's disease, and Alzheimer's disease. Animal models have been paramount in linking the regulation of fundamental neural processes, such as neurogenesis and myelination, to microbiome activation of microglia. Moreover, translational human studies are ongoing and will greatly enhance the field. Future studies will focus on understanding the mechanisms underlying the microbiota-gut-brain axis and attempt to elucidate microbial-based intervention and therapeutic strategies for neuropsychiatric disorders.",2019,brain,neuroscience,True,,,Physiological Reviews,physiological reviews,False,openalex,John F. Cryan; Kenneth J. O’Riordan; Caitlin S.M. Cowan; Kiran V. Sandhu; Thomaz F. S. Bastiaanssen; Marcus Boehme; Martin G. Codagnone; Sofia Cussotto; Christine Fülling; Anna V. Golubeva; Katherine E. Guzzetta; Minal Jaggar; Caitríona M. Long-Smith; Joshua M. Lyte; Jason Martin; Alicia Molinero-Perez; Gerard M. Moloney; Emanuela Morelli; Enrique Morillas; Rory O’Connor; Joana S. Cruz-Pereira; Veronica L. Peterson; Kieran Rea; Nathaniel L. Ritz; Eoin Sherwin; Simon Spichak; Emily M. Teichman; Marcel van de Wouw; Ana Paula Ventura‐Silva; Shauna E. Wallace-Fitzsimons; Niall P. Hyland; Gerard Clarke; Timothy G. Dinan,https://doi.org/10.1152/physrev.00018.2018,4685,,,,31460832,,,,,,,True,cited_by_count>=1321 (top 10.0%); cited_by_count>=1321 (top 10.0%),10.1152/physrev.00018.2018,,,False,0.0323128
https://openalex.org/W2912990441,10.1038/s41587-019-0036-z,SignalP 5.0 improves signal peptide predictions using deep neural networks,,2019,neural,neuroscience,True,,,Nature Biotechnology,nature biotechnology,False,openalex,José Juan Almagro Armenteros; Konstantinos D. Tsirigos; Casper Kaae Sønderby; Thomas Nordahl Petersen; Ole Winther; Søren Brunak; Gunnar von Heijne; Henrik Nielsen,https://researchprofiles.ku.dk/da/publications/4bdc1766-2de9-4061-baa8-763cf7ced4fd,4674,,,,30778233,,,,,,,True,cited_by_count>=1321 (top 10.0%); cited_by_count>=1321 (top 10.0%),10.1038/s41587-019-0036-z,,,False,0.1415846
https://openalex.org/W2809254203,10.1007/s13244-018-0639-9,Convolutional neural networks: an overview and application in radiology,"Convolutional neural network (CNN), a class of artificial neural networks that has become dominant in various computer vision tasks, is attracting interest across a variety of domains, including radiology. CNN is designed to automatically and adaptively learn spatial hierarchies of features through backpropagation by using multiple building blocks, such as convolution layers, pooling layers, and fully connected layers. This review article offers a perspective on the basic concepts of CNN and its application to various radiological tasks, and discusses its challenges and future directions in the field of radiology. Two challenges in applying CNN to radiological tasks, small dataset and overfitting, will also be covered in this article, as well as techniques to minimize them. Being familiar with the concepts and advantages, as well as limitations, of CNN is essential to leverage its potential in diagnostic radiology, with the goal of augmenting the performance of radiologists and improving patient care. KEY POINTS: • Convolutional neural network is a class of deep learning methods which has become dominant in various computer vision tasks and is attracting interest across a variety of domains, including radiology. • Convolutional neural network is composed of multiple building blocks, such as convolution layers, pooling layers, and fully connected layers, and is designed to automatically and adaptively learn spatial hierarchies of features through a backpropagation algorithm. • Familiarity with the concepts and advantages, as well as limitations, of convolutional neural network is essential to leverage its potential to improve radiologist performance and, eventually, patient care.",2018,neural,neuroscience,True,,,Insights into Imaging,insights into imaging,True,openalex,Rikiya Yamashita; Mizuho Nishio; Richard Kinh Gian; Kaori Togashi,https://doi.org/10.1007/s13244-018-0639-9,4556,,,,29934920,,,,,,,True,cited_by_count>=1321 (top 10.0%); cited_by_count>=1321 (top 10.0%),10.1007/s13244-018-0639-9,,,False,-0.020359047
https://openalex.org/W2296283641,10.18653/v1/n16-1030,Neural Architectures for Named Entity Recognition,"Guillaume Lample, Miguel Ballesteros, Sandeep Subramanian, Kazuya Kawakami, Chris Dyer. Proceedings of the 2016 Conference of the North American Chapter of the Association for Computational Linguistics: Human Language Technologies. 2016.",2016,neural,neuroscience,True,,,,,,openalex,Guillaume Lample; Miguel Ballesteros; Sandeep Subramanian; Kazuya Kawakami; Chris Dyer,https://doi.org/10.18653/v1/n16-1030,4403,,,,,,,,,,,True,cited_by_count>=1321 (top 10.0%); cited_by_count>=1321 (top 10.0%),10.18653/v1/n16-1030,,,False,0.08518414
https://openalex.org/W2522738478,10.1227/neu.0000000000001432,"Guidelines for the Management of Severe Traumatic Brain Injury, Fourth Edition","The scope and purpose of this work is 2-fold: to synthesize the available evidence and to translate it into recommendations. This document provides recommendations only when there is evidence to support them. As such, they do not constitute a complete protocol for clinical use. Our intention is that these recommendations be used by others to develop treatment protocols, which necessarily need to incorporate consensus and clinical judgment in areas where current evidence is lacking or insufficient. We think it is important to have evidence-based recommendations to clarify what aspects of practice currently can and cannot be supported by evidence, to encourage use of evidence-based treatments that exist, and to encourage creativity in treatment and research in areas where evidence does not exist. The communities of neurosurgery and neuro-intensive care have been early pioneers and supporters of evidence-based medicine and plan to continue in this endeavor. The complete guideline document, which summarizes and evaluates the literature for each topic, and supplemental appendices (A-I) are available online at https://www.braintrauma.org/coma/guidelines.",2016,brain,neuroscience,False,,,Neurosurgery,neurosurgery,False,openalex,Nancy Carney; Annette M Totten; Cindy O’Reilly; Jamie S. Ullman; Gregory W. J. Hawryluk; Michael J. Bell; Susan L. Bratton; Randall M. Chesnut; Odette A. Harris; Niranjan Kissoon; Andrés M. Rubiano; Lori Shutter; Robert C. Tasker; Monica S. Vavilala; Jack E. Wilberger; David W. Wright; Jamshid Ghajar,,4251,,,,27654000,,,,,,,True,cited_by_count>=1321 (top 10.0%); cited_by_count>=1321 (top 10.0%),10.1227/neu.0000000000001432,,,False,0.07049136
https://openalex.org/W2559463885,10.1088/1741-2552/aace8c,EEGNet: a compact convolutional neural network for EEG-based brain–computer interfaces,"OBJECTIVE: Brain-computer interfaces (BCI) enable direct communication with a computer, using neural activity as the control signal. This neural signal is generally chosen from a variety of well-studied electroencephalogram (EEG) signals. For a given BCI paradigm, feature extractors and classifiers are tailored to the distinct characteristics of its expected EEG control signal, limiting its application to that specific signal. Convolutional neural networks (CNNs), which have been used in computer vision and speech recognition to perform automatic feature extraction and classification, have successfully been applied to EEG-based BCIs; however, they have mainly been applied to single BCI paradigms and thus it remains unclear how these architectures generalize to other paradigms. Here, we ask if we can design a single CNN architecture to accurately classify EEG signals from different BCI paradigms, while simultaneously being as compact as possible. APPROACH: In this work we introduce EEGNet, a compact convolutional neural network for EEG-based BCIs. We introduce the use of depthwise and separable convolutions to construct an EEG-specific model which encapsulates well-known EEG feature extraction concepts for BCI. We compare EEGNet, both for within-subject and cross-subject classification, to current state-of-the-art approaches across four BCI paradigms: P300 visual-evoked potentials, error-related negativity responses (ERN), movement-related cortical potentials (MRCP), and sensory motor rhythms (SMR). MAIN RESULTS: We show that EEGNet generalizes across paradigms better than, and achieves comparably high performance to, the reference algorithms when only limited training data is available across all tested paradigms. In addition, we demonstrate three different approaches to visualize the contents of a trained EEGNet model to enable interpretation of the learned features. SIGNIFICANCE: Our results suggest that EEGNet is robust enough to learn a wide variety of interpretable features over a range of BCI tasks. Our models can be found at: https://github.com/vlawhern/arl-eegmodels.",2018,brain,neuroscience,True,,,Journal of Neural Engineering,journal of neural engineering,False,openalex,Vernon J Lawhern; Amelia J Solon; Nicholas R Waytowich; Stephen M Gordon; Chou P Hung; Brent J Lance,http://arxiv.org/abs/1611.08024,4165,https://github.com/vlawhern/arl-eegmodels.,,,29932424,https://github.com/vlawhern/arl-eegmodels.,https://github.com/vlawhern/arl-eegmodels.,,,,,True,cited_by_count>=1321 (top 10.0%); cited_by_count>=1321 (top 10.0%),10.1088/1741-2552/aace8c,,,False,-0.035571337
https://openalex.org/W2300242332,10.1007/978-3-319-46493-0_32,XNOR-Net: ImageNet Classification Using Binary Convolutional Neural Networks,,2016,neural,neuroscience,False,,,Lecture notes in computer science,lecture notes in computer science,False,openalex,Mohammad Rastegari; Vicente Ordóñez; Joseph Redmon; Ali Farhadi,,4138,,,,,,,,,,,True,cited_by_count>=1321 (top 10.0%); cited_by_count>=1321 (top 10.0%),10.1007/978-3-319-46493-0_32,,,False,0.0655477
https://openalex.org/W2789876780,10.1109/icengtechnol.2017.8308186,Understanding of a convolutional neural network,"The term Deep Learning or Deep Neural Network refers to Artificial Neural Networks (ANN) with multi layers. Over the last few decades, it has been considered to be one of the most powerful tools, and has become very popular in the literature as it is able to handle a huge amount of data. The interest in having deeper hidden layers has recently begun to surpass classical methods performance in different fields; especially in pattern recognition. One of the most popular deep neural networks is the Convolutional Neural Network (CNN). It take this name from mathematical linear operation between matrixes called convolution. CNN have multiple layers; including convolutional layer, non-linearity layer, pooling layer and fully-connected layer. The convolutional and fully-connected layers have parameters but pooling and non-linearity layers don't have parameters. The CNN has an excellent performance in machine learning problems. Specially the applications that deal with image data, such as largest image classification data set (Image Net), computer vision, and in natural language processing (NLP) and the results achieved were very amazing. In this paper we will explain and define all the elements and important issues related to CNN, and how these elements work. In addition, we will also state the parameters that effect CNN efficiency. This paper assumes that the readers have adequate knowledge about both machine learning and artificial neural network.",2017,neural,neuroscience,False,,,,,,openalex,Saad Albawi; Tareq Abed Mohammed; Saad Al-Azawi,,3981,,,,,,,,,,,True,cited_by_count>=1321 (top 10.0%); cited_by_count>=1321 (top 10.0%),10.1109/icengtechnol.2017.8308186,,,False,-0.008983299
https://openalex.org/W2604319603,10.1109/jproc.2017.2761740,Efficient Processing of Deep Neural Networks: A Tutorial and Survey,"Deep neural networks (DNNs) are currently widely used for many artificial intelligence (AI) applications including computer vision, speech recognition, and robotics. While DNNs deliver state-of-the-art accuracy on many AI tasks, it comes at the cost of high computational complexity. Accordingly, techniques that enable efficient processing of DNNs to improve energy efficiency and throughput without sacrificing application accuracy or increasing hardware cost are critical to the wide deployment of DNNs in AI systems. This article aims to provide a comprehensive tutorial and survey about the recent advances toward the goal of enabling efficient processing of DNNs. Specifically, it will provide an overview of DNNs, discuss various hardware platforms and architectures that support DNNs, and highlight key trends in reducing the computation cost of DNNs either solely via hardware design changes or via joint hardware design and DNN algorithm changes. It will also summarize various development resources that enable researchers and practitioners to quickly get started in this field, and highlight important benchmarking metrics and design considerations that should be used for evaluating the rapidly growing number of DNN hardware designs, optionally including algorithmic codesigns, being proposed in academia and industry. The reader will take away the following concepts from this article: understand the key design considerations for DNNs; be able to evaluate different DNN hardware implementations with benchmarks and comparison metrics; understand the tradeoffs between various hardware architectures and platforms; be able to evaluate the utility of various DNN design techniques for efficient processing; and understand recent implementation trends and opportunities.",2017,neural,neuroscience,False,,,Proceedings of the IEEE,proceedings of the ieee,False,openalex,Vivienne Sze; Yu‐Hsin Chen; Tien-Ju Yang; Joel Emer,,3964,,,,,,,,,,,True,cited_by_count>=1321 (top 10.0%); cited_by_count>=1321 (top 10.0%),10.1109/jproc.2017.2761740,,,False,-0.026976615
https://openalex.org/W2553303224,10.48550/arxiv.1611.01578,Neural Architecture Search with Reinforcement Learning,"Neural networks are powerful and flexible models that work well for many difficult learning tasks in image, speech and natural language understanding. Despite their success, neural networks are still hard to design. In this paper, we use a recurrent network to generate the model descriptions of neural networks and train this RNN with reinforcement learning to maximize the expected accuracy of the generated architectures on a validation set. On the CIFAR-10 dataset, our method, starting from scratch, can design a novel network architecture that rivals the best human-invented architecture in terms of test set accuracy. Our CIFAR-10 model achieves a test error rate of 3.65, which is 0.09 percent better and 1.05x faster than the previous state-of-the-art model that used a similar architectural scheme. On the Penn Treebank dataset, our model can compose a novel recurrent cell that outperforms the widely-used LSTM cell, and other state-of-the-art baselines. Our cell achieves a test set perplexity of 62.4 on the Penn Treebank, which is 3.6 perplexity better than the previous state-of-the-art model. The cell can also be transferred to the character language modeling task on PTB and achieves a state-of-the-art perplexity of 1.214.",2016,neural,neuroscience,True,,,arXiv (Cornell University),arxiv (cornell university),True,openalex,Barret Zoph; Quoc V. Le,http://arxiv.org/abs/1611.01578,3864,,,,,,,,,,,True,cited_by_count>=1321 (top 10.0%); cited_by_count>=1321 (top 10.0%),10.48550/arxiv.1611.01578,,,False,0.011140334
https://openalex.org/W2337323496,10.1007/s12021-016-9299-4,DPABI: Data Processing &amp; Analysis for (Resting-State) Brain Imaging,,2016,brain,neuroscience,True,,,Neuroinformatics,neuroinformatics,False,openalex,Chao‐Gan Yan; Xindi Wang; Xi‐Nian Zuo; Yu‐Feng Zang,http://ir.psych.ac.cn/handle/311026/20018,3792,,,,27075850,,,,,,,True,cited_by_count>=1321 (top 10.0%); cited_by_count>=1321 (top 10.0%),10.1007/s12021-016-9299-4,,,False,0.080626264
https://openalex.org/W146900863,10.7551/mitpress/11474.003.0014,Neural Information Processing Systems,,2018,neural,neuroscience,False,,,The MIT Press eBooks,the mit press ebooks,False,openalex,,,3766,,,,,,,,,,,True,cited_by_count>=1321 (top 10.0%); cited_by_count>=1321 (top 10.0%),10.7551/mitpress/11474.003.0014,,,False,0.09083454
https://openalex.org/W4221151978,10.1145/3528223.3530127,Instant neural graphics primitives with a multiresolution hash encoding,"Neural graphics primitives, parameterized by fully connected neural networks, can be costly to train and evaluate. We reduce this cost with a versatile new input encoding that permits the use of a smaller network without sacrificing quality, thus significantly reducing the number of floating point and memory access operations: a small neural network is augmented by a multiresolution hash table of trainable feature vectors whose values are optimized through stochastic gradient descent. The multiresolution structure allows the network to disambiguate hash collisions, making for a simple architecture that is trivial to parallelize on modern GPUs. We leverage this parallelism by implementing the whole system using fully-fused CUDA kernels with a focus on minimizing wasted bandwidth and compute operations. We achieve a combined speedup of several orders of magnitude, enabling training of high-quality neural graphics primitives in a matter of seconds, and rendering in tens of milliseconds at a resolution of 1920×1080.",2022,neural,neuroscience,True,,,ACM Transactions on Graphics,acm transactions on graphics,False,openalex,Thomas Müller; Alex Evans; Christoph Schied; Alexander Keller,https://doi.org/10.1145/3528223.3530127,3612,,,,,,,,,,,True,cited_by_count>=1321 (top 10.0%); cited_by_count>=1321 (top 10.0%),10.1145/3528223.3530127,,,False,0.030550102
https://openalex.org/W2211722331,10.1109/iros.2015.7353481,VoxNet: A 3D Convolutional Neural Network for real-time object recognition,"Robust object recognition is a crucial skill for robots operating autonomously in real world environments. Range sensors such as LiDAR and RGBD cameras are increasingly found in modern robotic systems, providing a rich source of 3D information that can aid in this task. However, many current systems do not fully utilize this information and have trouble efficiently dealing with large amounts of point cloud data. In this paper, we propose VoxNet, an architecture to tackle this problem by integrating a volumetric Occupancy Grid representation with a supervised 3D Convolutional Neural Network (3D CNN). We evaluate our approach on publicly available benchmarks using LiDAR, RGBD, and CAD data. VoxNet achieves accuracy beyond the state of the art while labeling hundreds of instances per second.",2015,neural,neuroscience,False,,,,,,openalex,Daniel Maturana; Sebastian Scherer,,3572,,,,,,,,,,,True,cited_by_count>=1321 (top 10.0%); cited_by_count>=1321 (top 10.0%),10.1109/iros.2015.7353481,,,False,0.007755846
https://openalex.org/W2503339013,10.1007/978-3-319-46475-6_25,Accelerating the Super-Resolution Convolutional Neural Network,,2016,neural,neuroscience,False,,,Lecture notes in computer science,lecture notes in computer science,False,openalex,Chao Dong; Chen Change Loy; Xiaoou Tang,,3558,,,,,,,,,,,True,cited_by_count>=1321 (top 10.0%); cited_by_count>=1321 (top 10.0%),10.1007/978-3-319-46475-6_25,,,False,0.0042667687
https://openalex.org/W2119144962,10.48550/arxiv.1510.00149,"Deep Compression: Compressing Deep Neural Networks with Pruning, Trained Quantization and Huffman Coding","Neural networks are both computationally intensive and memory intensive, making them difficult to deploy on embedded systems with limited hardware resources. To address this limitation, we introduce ""deep compression"", a three stage pipeline: pruning, trained quantization and Huffman coding, that work together to reduce the storage requirement of neural networks by 35x to 49x without affecting their accuracy. Our method first prunes the network by learning only the important connections. Next, we quantize the weights to enforce weight sharing, finally, we apply Huffman coding. After the first two steps we retrain the network to fine tune the remaining connections and the quantized centroids. Pruning, reduces the number of connections by 9x to 13x; Quantization then reduces the number of bits that represent each connection from 32 to 5. On the ImageNet dataset, our method reduced the storage required by AlexNet by 35x, from 240MB to 6.9MB, without loss of accuracy. Our method reduced the size of VGG-16 by 49x from 552MB to 11.3MB, again with no loss of accuracy. This allows fitting the model into on-chip SRAM cache rather than off-chip DRAM memory. Our compression method also facilitates the use of complex neural networks in mobile applications where application size and download bandwidth are constrained. Benchmarked on CPU, GPU and mobile GPU, compressed network has 3x to 4x layerwise speedup and 3x to 7x better energy efficiency.",2015,neural,neuroscience,True,,,arXiv (Cornell University),arxiv (cornell university),True,openalex,Song Han; Huizi Mao; William J. Dally,http://arxiv.org/abs/1510.00149,3533,,,,,,,,,,,True,cited_by_count>=1321 (top 10.0%); cited_by_count>=1321 (top 10.0%),10.48550/arxiv.1510.00149,,,False,0.0050920174
https://openalex.org/W2622826443,10.1162/neco_a_00990,Deep Convolutional Neural Networks for Image Classification: A Comprehensive Review,"Convolutional neural networks (CNNs) have been applied to visual tasks since the late 1980s. However, despite a few scattered applications, they were dormant until the mid-2000s when developments in computing power and the advent of large amounts of labeled data, supplemented by improved algorithms, contributed to their advancement and brought them to the forefront of a neural network renaissance that has seen rapid progression since 2012. In this review, which focuses on the application of CNNs to image classification tasks, we cover their development, from their predecessors up to recent state-of-the-art deep learning systems. Along the way, we analyze (1) their early successes, (2) their role in the deep learning renaissance, (3) selected symbolic works that have contributed to their recent popularity, and (4) several improvement attempts by reviewing contributions and challenges of over 300 publications. We also introduce some of their current trends and remaining challenges.",2017,neural,neuroscience,False,,,Neural Computation,neural computation,False,openalex,Waseem Rawat; Zenghui Wang,,3503,,,,28599112,,,,,,,True,cited_by_count>=1321 (top 10.0%); cited_by_count>=1321 (top 10.0%),10.1162/neco_a_00990,,,False,0.039625805
https://openalex.org/W2301358467,10.1016/j.media.2016.10.004,Efficient multi-scale 3D CNN with fully connected CRF for accurate brain lesion segmentation,"We propose a dual pathway, 11-layers deep, three-dimensional Convolutional Neural Network for the challenging task of brain lesion segmentation. The devised architecture is the result of an in-depth analysis of the limitations of current networks proposed for similar applications. To overcome the computational burden of processing 3D medical scans, we have devised an efficient and effective dense training scheme which joins the processing of adjacent image patches into one pass through the network while automatically adapting to the inherent class imbalance present in the data. Further, we analyze the development of deeper, thus more discriminative 3D CNNs. In order to incorporate both local and larger contextual information, we employ a dual pathway architecture that processes the input images at multiple scales simultaneously. For post-processing of the network's soft segmentation, we use a 3D fully connected Conditional Random Field which effectively removes false positives. Our pipeline is extensively evaluated on three challenging tasks of lesion segmentation in multi-channel MRI patient data with traumatic brain injuries, brain tumours, and ischemic stroke. We improve on the state-of-the-art for all three applications, with top ranking performance on the public benchmarks BRATS 2015 and ISLES 2015. Our method is computationally efficient, which allows its adoption in a variety of research and clinical settings. The source code of our implementation is made publicly available.",2016,brain,neuroscience,True,,,Medical Image Analysis,medical image analysis,False,openalex,Konstantinos Kamnitsas; Christian Ledig; Virginia Newcombe; Joanna Simpson; Andrew D. Kane; David Menon; Daniel Rueckert; Ben Glocker,https://doi.org/10.1016/j.media.2016.10.004,3491,,,,27865153,,,,,,,True,cited_by_count>=1321 (top 10.0%); cited_by_count>=1321 (top 10.0%),10.1016/j.media.2016.10.004,,,False,0.030089205
https://openalex.org/W2741907166,10.1002/hbm.23730,Deep learning with convolutional neural networks for EEG decoding and visualization,"Deep learning with convolutional neural networks (deep ConvNets) has revolutionized computer vision through end-to-end learning, that is, learning from the raw data. There is increasing interest in using deep ConvNets for end-to-end EEG analysis, but a better understanding of how to design and train ConvNets for end-to-end EEG decoding and how to visualize the informative EEG features the ConvNets learn is still needed. Here, we studied deep ConvNets with a range of different architectures, designed for decoding imagined or executed tasks from raw EEG. Our results show that recent advances from the machine learning field, including batch normalization and exponential linear units, together with a cropped training strategy, boosted the deep ConvNets decoding performance, reaching at least as good performance as the widely used filter bank common spatial patterns (FBCSP) algorithm (mean decoding accuracies 82.1% FBCSP, 84.0% deep ConvNets). While FBCSP is designed to use spectral power modulations, the features used by ConvNets are not fixed a priori. Our novel methods for visualizing the learned features demonstrated that ConvNets indeed learned to use spectral power modulations in the alpha, beta, and high gamma frequencies, and proved useful for spatially mapping the learned features by revealing the topography of the causal contributions of features in different frequency bands to the decoding decision. Our study thus shows how to design and train ConvNets to decode task-related information from the raw EEG without handcrafted features and highlights the potential of deep ConvNets combined with advanced visualization techniques for EEG-based brain mapping. Hum Brain Mapp 38:5391-5420, 2017. © 2017 Wiley Periodicals, Inc.",2017,neural,neuroscience,True,,,Human Brain Mapping,human brain mapping,False,openalex,Robin Tibor Schirrmeister; Jost Tobias Springenberg; Lukas D. J. Fiederer; Martin Glasstetter; Katharina Eggensperger; Michael Tangermann; Frank Hutter; Wolfram Burgard; Tonio Ball,https://doi.org/10.1002/hbm.23730,3434,,,,28782865,,,,,,,True,cited_by_count>=1321 (top 10.0%); cited_by_count>=1321 (top 10.0%),10.1002/hbm.23730,,,False,-0.035272762
https://openalex.org/W2512971201,10.1145/2959100.2959190,Deep Neural Networks for YouTube Recommendations,"YouTube represents one of the largest scale and most sophisticated industrial recommendation systems in existence. In this paper, we describe the system at a high level and focus on the dramatic performance improvements brought by deep learning. The paper is split according to the classic two-stage information retrieval dichotomy: first, we detail a deep candidate generation model and then describe a separate deep ranking model. We also provide practical lessons and insights derived from designing, iterating and maintaining a massive recommendation system with enormous user-facing impact.",2016,neural,neuroscience,True,,,,,,openalex,Paul Covington; Jay Adams; Emre Sargin,https://doi.org/10.1145/2959100.2959190,3342,,,,,,,,,,,True,cited_by_count>=1321 (top 10.0%); cited_by_count>=1321 (top 10.0%),10.1145/2959100.2959190,,,False,-0.052674904
https://openalex.org/W1644641054,10.1109/iccv.2015.114,Multi-view Convolutional Neural Networks for 3D Shape Recognition,"A longstanding question in computer vision concerns the representation of 3D shapes for recognition: should 3D shapes be represented with descriptors operating on their native 3D formats, such as voxel grid or polygon mesh, or can they be effectively represented with view-based descriptors? We address this question in the context of learning to recognize 3D shapes from a collection of their rendered views on 2D images. We first present a standard CNN architecture trained to recognize the shapes' rendered views independently of each other, and show that a 3D shape can be recognized even from a single view at an accuracy far higher than using state-of-the-art 3D shape descriptors. Recognition rates further increase when multiple views of the shapes are provided. In addition, we present a novel CNN architecture that combines information from multiple views of a 3D shape into a single and compact shape descriptor offering even better recognition performance. The same architecture can be applied to accurately recognize human hand-drawn sketches of shapes. We conclude that a collection of 2D views can be highly informative for 3D shape recognition and is amenable to emerging CNN architectures and their derivatives.",2015,neural,neuroscience,False,,,,,,openalex,Hang Su; Subhransu Maji; Evangelos Kalogerakis; Erik Learned-Miller,,3329,,,,,,,,,,,True,cited_by_count>=1321 (top 10.0%); cited_by_count>=1321 (top 10.0%),10.1109/iccv.2015.114,,,False,-0.07722317
https://openalex.org/W4210257598,,A Comprehensive Survey on Graph Neural Networks,"Deep learning has revolutionized many machine learning tasks in recent years, ranging from image classification and video processing to speech recognition and natural language understanding. The data in these tasks are typically represented in the Euclidean space. However, there is an increasing number of applications, where data are generated from non-Euclidean domains and are represented as graphs with complex relationships and interdependency between objects. The complexity of graph data has imposed significant challenges on the existing machine learning algorithms. Recently, many studies on extending deep learning approaches for graph data have emerged. In this article, we provide a comprehensive overview of graph neural networks (GNNs) in data mining and machine learning fields. We propose a new taxonomy to divide the state-of-the-art GNNs into four categories, namely, recurrent GNNs, convolutional GNNs, graph autoencoders, and spatial-temporal GNNs. We further discuss the applications of GNNs across various domains and summarize the open-source codes, benchmark data sets, and model evaluation of GNNs. Finally, we propose potential research directions in this rapidly growing field.",2021,neural,neuroscience,True,,,UTS ePRESS (University of Technology Sydney),uts epress (university of technology sydney),False,openalex,"Wu, Z; Pan, S; Chen, F; Long, G; Zhang, C; Yu, PS",http://hdl.handle.net/10453/146542,3310,,,,,,,,,,,True,cited_by_count>=1321 (top 10.0%); cited_by_count>=1321 (top 10.0%),,,,False,-0.044098906
https://openalex.org/W1932198206,10.1109/cvpr.2015.7298640,Deep neural networks are easily fooled: High confidence predictions for unrecognizable images,"Deep neural networks (DNNs) have recently been achieving state-of-the-art performance on a variety of pattern-recognition tasks, most notably visual classification problems. Given that DNNs are now able to classify objects in images with near-human-level performance, questions naturally arise as to what differences remain between computer and human vision. A recent study [30] revealed that changing an image (e.g. of a lion) in a way imperceptible to humans can cause a DNN to label the image as something else entirely (e.g. mislabeling a lion a library). Here we show a related result: it is easy to produce images that are completely unrecognizable to humans, but that state-of-the-art DNNs believe to be recognizable objects with 99.99% confidence (e.g. labeling with certainty that white noise static is a lion). Specifically, we take convolutional neural networks trained to perform well on either the ImageNet or MNIST datasets and then find images with evolutionary algorithms or gradient ascent that DNNs label with high confidence as belonging to each dataset class. It is possible to produce images totally unrecognizable to human eyes that DNNs believe with near certainty are familiar objects, which we call “fooling images” (more generally, fooling examples). Our results shed light on interesting differences between human vision and current DNNs, and raise questions about the generality of DNN computer vision.",2015,neural,neuroscience,False,,,,,,openalex,Anh‐Tu Nguyen; Jason Yosinski; Jeff Clune,,3295,,,,,,,,,,,True,cited_by_count>=1321 (top 10.0%); cited_by_count>=1321 (top 10.0%),10.1109/cvpr.2015.7298640,,,False,-0.036565
https://openalex.org/W2991106430,10.1038/s41592-019-0638-x,DIA-NN: neural networks and interference correction enable deep proteome coverage in high throughput,,2019,neural,neuroscience,True,,,Nature Methods,nature methods,False,openalex,Vadim Demichev; Christoph B. Messner; Spyros I. Vernardis; Kathryn S. Lilley; Markus Ralser,https://www.ncbi.nlm.nih.gov/pmc/articles/6949130,3294,,,,31768060,,,,,,,True,cited_by_count>=1321 (top 10.0%); cited_by_count>=1321 (top 10.0%),10.1038/s41592-019-0638-x,,,False,0.09115334
https://openalex.org/W2950993016,10.1186/s13059-019-1727-y,Performance of neural network basecalling tools for Oxford Nanopore sequencing,"BACKGROUND: Basecalling, the computational process of translating raw electrical signal to nucleotide sequence, is of critical importance to the sequencing platforms produced by Oxford Nanopore Technologies (ONT). Here, we examine the performance of different basecalling tools, looking at accuracy at the level of bases within individual reads and at majority-rule consensus basecalls in an assembly. We also investigate some additional aspects of basecalling: training using a taxon-specific dataset, using a larger neural network model and improving consensus basecalls in an assembly by additional signal-level analysis with Nanopolish. RESULTS: Training basecallers on taxon-specific data results in a significant boost in consensus accuracy, mostly due to the reduction of errors in methylation motifs. A larger neural network is able to improve both read and consensus accuracy, but at a cost to speed. Improving consensus sequences ('polishing') with Nanopolish somewhat negates the accuracy differences in basecallers, but pre-polish accuracy does have an effect on post-polish accuracy. CONCLUSIONS: Basecalling accuracy has seen significant improvements over the last 2 years. The current version of ONT's Guppy basecaller performs well overall, with good accuracy and fast performance. If higher accuracy is required, users should consider producing a custom model using a larger neural network and/or training data from the same species.",2019,neural,neuroscience,True,,,Genome biology,genome biology,True,openalex,Ryan R. Wick; Louise M. Judd; Kathryn E. Holt,https://doi.org/10.1186/s13059-019-1727-y,3259,,,,31234903,,,,,,,True,cited_by_count>=1321 (top 10.0%); cited_by_count>=1321 (top 10.0%),10.1186/s13059-019-1727-y,,,False,0.20089158
https://openalex.org/W2125411036,10.1101/cshperspect.a020412,The Blood–Brain Barrier,"Blood vessels are critical to deliver oxygen and nutrients to all of the tissues and organs throughout the body. The blood vessels that vascularize the central nervous system (CNS) possess unique properties, termed the blood-brain barrier, which allow these vessels to tightly regulate the movement of ions, molecules, and cells between the blood and the brain. This precise control of CNS homeostasis allows for proper neuronal function and also protects the neural tissue from toxins and pathogens, and alterations of these barrier properties are an important component of pathology and progression of different neurological diseases. The physiological barrier is coordinated by a series of physical, transport, and metabolic properties possessed by the endothelial cells (ECs) that form the walls of the blood vessels, and these properties are regulated by interactions with different vascular, immune, and neural cells. Understanding how these different cell populations interact to regulate the barrier properties is essential for understanding how the brain functions during health and disease.",2015,brain,neuroscience,True,,,Cold Spring Harbor Perspectives in Biology,cold spring harbor perspectives in biology,False,openalex,Richard Daneman; Alexandre Prat,https://doi.org/10.1101/cshperspect.a020412,3257,,,,25561720,,,,,,,True,cited_by_count>=1321 (top 10.0%); cited_by_count>=1321 (top 10.0%),10.1101/cshperspect.a020412,,,False,0.022934109
https://openalex.org/W3091905774,,Siamese Neural Networks for One-shot Image Recognition,"The process of learning good features for machine learning applications can be very computationally expensive and may prove difficult in cases where little data is available. A prototypical example of this is the one-shot learning setting, in which we must correctly make predictions given only a single example of each new class. In this paper, we explore a method for learning siamese neural networks which employ a unique structure to naturally rank similarity between inputs. Once a network has been tuned, we can then capitalize on powerful discriminative features to generalize the predictive power of the network not just to new data, but to entirely new classes from unknown distributions. Using a convolutional architecture, we are able to achieve strong results which exceed those of other deep learning models with near state-of-the-art performance on one-shot classification tasks.",2015,neural,neuroscience,False,,,,,,openalex,Gregory Koch; Richard S. Zemel; Ruslan Salakhutdinov,,3249,,,,,,,,,,,True,cited_by_count>=1321 (top 10.0%); cited_by_count>=1321 (top 10.0%),,,,False,-0.0021731155
https://openalex.org/W2565516711,10.1016/j.neucom.2016.12.038,A survey of deep neural network architectures and their applications,,2016,neural,neuroscience,False,,,Neurocomputing,neurocomputing,False,openalex,Weibo Liu; Zidong Wang; Xiaohui Liu; Nianyin Zeng; Yurong Liu; Fuad E. Alsaadi,,3240,,,,,,,,,,,True,cited_by_count>=1321 (top 10.0%); cited_by_count>=1321 (top 10.0%),10.1016/j.neucom.2016.12.038,,,False,0.016751006
https://openalex.org/W1884191083,10.1016/j.media.2016.05.004,Brain tumor segmentation with Deep Neural Networks,,2016,brain,neuroscience,True,,,Medical Image Analysis,medical image analysis,False,openalex,Mohammad Havaei; Axel Davy; David Warde-Farley; Antoine Biard; Aaron Courville; Yoshua Bengio; Chris Pal; Pierre‐Marc Jodoin; Hugo Larochelle,http://arxiv.org/abs/1505.03540,3229,,,,27310171,,,,,,,True,cited_by_count>=1321 (top 10.0%); cited_by_count>=1321 (top 10.0%),10.1016/j.media.2016.05.004,,,False,0.052978996
https://openalex.org/W2801625478,10.3171/2017.10.jns17352,Estimating the global incidence of traumatic brain injury,"OBJECTIVE: Traumatic brain injury (TBI)-the ""silent epidemic""-contributes to worldwide death and disability more than any other traumatic insult. Yet, TBI incidence and distribution across regions and socioeconomic divides remain unknown. In an effort to promote advocacy, understanding, and targeted intervention, the authors sought to quantify the case burden of TBI across World Health Organization (WHO) regions and World Bank (WB) income groups. METHODS: Open-source epidemiological data on road traffic injuries (RTIs) were used to model the incidence of TBI using literature-derived ratios. First, a systematic review on the proportion of RTIs resulting in TBI was conducted, and a meta-analysis of study-derived proportions was performed. Next, a separate systematic review identified primary source studies describing mechanisms of injury contributing to TBI, and an additional meta-analysis yielded a proportion of TBI that is secondary to the mechanism of RTI. Then, the incidence of RTI as published by the Global Burden of Disease Study 2015 was applied to these two ratios to generate the incidence and estimated case volume of TBI for each WHO region and WB income group. RESULTS: Relevant articles and registries were identified via systematic review; study quality was higher in the high-income countries (HICs) than in the low- and middle-income countries (LMICs). Sixty-nine million (95% CI 64-74 million) individuals worldwide are estimated to sustain a TBI each year. The proportion of TBIs resulting from road traffic collisions was greatest in Africa and Southeast Asia (both 56%) and lowest in North America (25%). The incidence of RTI was similar in Southeast Asia (1.5% of the population per year) and Europe (1.2%). The overall incidence of TBI per 100,000 people was greatest in North America (1299 cases, 95% CI 650-1947) and Europe (1012 cases, 95% CI 911-1113) and least in Africa (801 cases, 95% CI 732-871) and the Eastern Mediterranean (897 cases, 95% CI 771-1023). The LMICs experience nearly 3 times more cases of TBI proportionally than HICs. CONCLUSIONS: Sixty-nine million (95% CI 64-74 million) individuals are estimated to suffer TBI from all causes each year, with the Southeast Asian and Western Pacific regions experiencing the greatest overall burden of disease. Head injury following road traffic collision is more common in LMICs, and the proportion of TBIs secondary to road traffic collision is likewise greatest in these countries. Meanwhile, the estimated incidence of TBI is highest in regions with higher-quality data, specifically in North America and Europe.",2018,brain,neuroscience,False,,,Journal of neurosurgery,journal of neurosurgery,False,openalex,Michael C. Dewan; Abbas Rattani; Saksham Gupta; Ronnie E. Baticulon; Ya‐Ching Hung; Maria Punchak; Amit Agrawal; Amos O. Adeleye; Mark G. Shrime; Andrés M. Rubiano; Jeffrey V. Rosenfeld; Kee B. Park,,3182,,,,29701556,,,,,,,True,cited_by_count>=1321 (top 10.0%); cited_by_count>=1321 (top 10.0%),10.3171/2017.10.jns17352,,,False,0.07119545
https://openalex.org/W2346062110,10.1109/tmi.2016.2535302,Convolutional Neural Networks for Medical Image Analysis: Full Training or Fine Tuning?,"Training a deep convolutional neural network (CNN) from scratch is difficult because it requires a large amount of labeled training data and a great deal of expertise to ensure proper convergence. A promising alternative is to fine-tune a CNN that has been pre-trained using, for instance, a large set of labeled natural images. However, the substantial differences between natural and medical images may advise against such knowledge transfer. In this paper, we seek to answer the following central question in the context of medical image analysis: Can the use of pre-trained deep CNNs with sufficient fine-tuning eliminate the need for training a deep CNN from scratch? To address this question, we considered four distinct medical imaging applications in three specialties (radiology, cardiology, and gastroenterology) involving classification, detection, and segmentation from three different imaging modalities, and investigated how the performance of deep CNNs trained from scratch compared with the pre-trained CNNs fine-tuned in a layer-wise manner. Our experiments consistently demonstrated that 1) the use of a pre-trained CNN with adequate fine-tuning outperformed or, in the worst case, performed as well as a CNN trained from scratch; 2) fine-tuned CNNs were more robust to the size of training sets than CNNs trained from scratch; 3) neither shallow tuning nor deep tuning was the optimal choice for a particular application; and 4) our layer-wise fine-tuning scheme could offer a practical way to reach the best performance for the application at hand based on the amount of available data.",2016,neural,neuroscience,True,,,IEEE Transactions on Medical Imaging,ieee transactions on medical imaging,False,openalex,Nima Tajbakhsh; J. Shin; Suryakanth Gurudu; R. Todd Hurst; Christopher B. Kendall; Michael B. Gotway; Jianming Liang,http://arxiv.org/abs/1706.00712,3166,,,,26978662,,,,,,,True,cited_by_count>=1321 (top 10.0%); cited_by_count>=1321 (top 10.0%),10.1109/tmi.2016.2535302,,,False,0.034786243
https://openalex.org/W3105081694,10.1038/s41598-020-76550-z,COVID-Net: a tailored deep convolutional neural network design for detection of COVID-19 cases from chest X-ray images,"The Coronavirus Disease 2019 (COVID-19) pandemic continues to have a devastating effect on the health and well-being of the global population. A critical step in the fight against COVID-19 is effective screening of infected patients, with one of the key screening approaches being radiology examination using chest radiography. It was found in early studies that patients present abnormalities in chest radiography images that are characteristic of those infected with COVID-19. Motivated by this and inspired by the open source efforts of the research community, in this study we introduce COVID-Net, a deep convolutional neural network design tailored for the detection of COVID-19 cases from chest X-ray (CXR) images that is open source and available to the general public. To the best of the authors' knowledge, COVID-Net is one of the first open source network designs for COVID-19 detection from CXR images at the time of initial release. We also introduce COVIDx, an open access benchmark dataset that we generated comprising of 13,975 CXR images across 13,870 patient patient cases, with the largest number of publicly available COVID-19 positive cases to the best of the authors' knowledge. Furthermore, we investigate how COVID-Net makes predictions using an explainability method in an attempt to not only gain deeper insights into critical factors associated with COVID cases, which can aid clinicians in improved screening, but also audit COVID-Net in a responsible and transparent manner to validate that it is making decisions based on relevant information from the CXR images. By no means a production-ready solution, the hope is that the open access COVID-Net, along with the description on constructing the open source COVIDx dataset, will be leveraged and build upon by both researchers and citizen data scientists alike to accelerate the development of highly accurate yet practical deep learning solutions for detecting COVID-19 cases and accelerate treatment of those who need it the most.",2020,neural,neuroscience,True,,,Scientific Reports,scientific reports,True,openalex,Linda Wang﻿; Zhong Qiu Lin; Alexander Wong,https://doi.org/10.1038/s41598-020-76550-z,3144,,,,33177550,,,,,,,True,cited_by_count>=1321 (top 10.0%); cited_by_count>=1321 (top 10.0%),10.1038/s41598-020-76550-z,,,False,0.06643887
https://openalex.org/W2402346616,10.1093/cercor/bhw157,The Human Brainnetome Atlas: A New Brain Atlas Based on Connectional Architecture,"The human brain atlases that allow correlating brain anatomy with psychological and cognitive functions are in transition from ex vivo histology-based printed atlases to digital brain maps providing multimodal in vivo information. Many current human brain atlases cover only specific structures, lack fine-grained parcellations, and fail to provide functionally important connectivity information. Using noninvasive multimodal neuroimaging techniques, we designed a connectivity-based parcellation framework that identifies the subdivisions of the entire human brain, revealing the in vivo connectivity architecture. The resulting human Brainnetome Atlas, with 210 cortical and 36 subcortical subregions, provides a fine-grained, cross-validated atlas and contains information on both anatomical and functional connections. Additionally, we further mapped the delineated structures to mental processes by reference to the BrainMap database. It thus provides an objective and stable starting point from which to explore the complex relationships between structure, connectivity, and function, and eventually improves understanding of how the human brain works. The human Brainnetome Atlas will be made freely available for download at http://atlas.brainnetome.org, so that whole brain parcellations, connections, and functional data will be readily available for researchers to use in their investigations into healthy and pathological states.",2016,brain,neuroscience,True,,,Cerebral Cortex,cerebral cortex,False,openalex,Lingzhong Fan; Hai Li; Junjie Zhuo; Yu Zhang; Jiaojian Wang; Liangfu Chen; Zhengyi Yang; Congying Chu; Sangma Xie; Angela R. Laird; Peter T. Fox; Simon B. Eickhoff; Chunshui Yu; Tianzi Jiang,https://doi.org/10.1093/cercor/bhw157,3142,,,,27230218,,,,,,,True,cited_by_count>=1321 (top 10.0%); cited_by_count>=1321 (top 10.0%),10.1093/cercor/bhw157,,,False,0.15625435
https://openalex.org/W2946372752,10.1038/s41575-019-0157-3,The role of short-chain fatty acids in microbiota–gut–brain communication,,2019,brain,neuroscience,True,,,Nature Reviews Gastroenterology & Hepatology,nature reviews gastroenterology & hepatology,False,openalex,Boushra Dalile; Lukas Van Oudenhove; Bram Vervliet; Kristin Verbeke,https://lirias.kuleuven.be/bitstream/123456789/630900/2/Verbeke_V2_for_PR_1526399095_92_13072018.pdf,3131,,,,31123355,,,,,,,True,cited_by_count>=1321 (top 10.0%); cited_by_count>=1321 (top 10.0%),10.1038/s41575-019-0157-3,,,False,-0.019925587
https://openalex.org/W2598457882,10.1111/mice.12263,Deep Learning‐Based Crack Damage Detection Using Convolutional Neural Networks,,2017,neural,neuroscience,True,,,Computer-Aided Civil and Infrastructure Engineering,computer-aided civil and infrastructure engineering,False,openalex,Young‐Jin Cha; Wooram Choi; Oral Büyüköztürk,https://doi.org/10.1111/mice.12263,3101,,,,,,,,,,,True,cited_by_count>=1321 (top 10.0%); cited_by_count>=1321 (top 10.0%),10.1111/mice.12263,,,False,0.03872182
https://openalex.org/W2289252105,10.1109/jssc.2016.2616357,Eyeriss: An Energy-Efficient Reconfigurable Accelerator for Deep Convolutional Neural Networks,"Eyeriss is an accelerator for state-of-the-art deep convolutional neural networks (CNNs). It optimizes for the energy efficiency of the entire system, including the accelerator chip and off-chip DRAM, for various CNN shapes by reconfiguring the architecture. CNNs are widely used in modern AI systems but also bring challenges on throughput and energy efficiency to the underlying hardware. This is because its computation requires a large amount of data, creating significant data movement from on-chip and off-chip that is more energy-consuming than computation. Minimizing data movement energy cost for any CNN shape, therefore, is the key to high throughput and energy efficiency. Eyeriss achieves these goals by using a proposed processing dataflow, called row stationary (RS), on a spatial architecture with 168 processing elements. RS dataflow reconfigures the computation mapping of a given shape, which optimizes energy efficiency by maximally reusing data locally to reduce expensive data movement, such as DRAM accesses. Compression and data gating are also applied to further improve energy efficiency. Eyeriss processes the convolutional layers at 35 frames/s and 0.0029 DRAM access/multiply and accumulation (MAC) for AlexNet at 278 mW (batch size N = 4), and 0.7 frames/s and 0.0035 DRAM access/MAC for VGG-16 at 236 mW (N = 3).",2016,neural,neuroscience,False,,,IEEE Journal of Solid-State Circuits,ieee journal of solid-state circuits,False,openalex,Yu-Hsin Chen; Tushar Krishna; Joel Emer; Vivienne Sze,,3095,,,,,,,,,,,True,cited_by_count>=1321 (top 10.0%); cited_by_count>=1321 (top 10.0%),10.1109/jssc.2016.2616357,,,False,-0.049329422
https://openalex.org/W2194187530,10.1109/tpami.2016.2646371,An End-to-End Trainable Neural Network for Image-Based Sequence Recognition and Its Application to Scene Text Recognition,"Image-based sequence recognition has been a long-standing research topic in computer vision. In this paper, we investigate the problem of scene text recognition, which is among the most important and challenging tasks in image-based sequence recognition. A novel neural network architecture, which integrates feature extraction, sequence modeling and transcription into a unified framework, is proposed. Compared with previous systems for scene text recognition, the proposed architecture possesses four distinctive properties: (1) It is end-to-end trainable, in contrast to most of the existing algorithms whose components are separately trained and tuned. (2) It naturally handles sequences in arbitrary lengths, involving no character segmentation or horizontal scale normalization. (3) It is not confined to any predefined lexicon and achieves remarkable performances in both lexicon-free and lexicon-based scene text recognition tasks. (4) It generates an effective yet much smaller model, which is more practical for real-world application scenarios. The experiments on standard benchmarks, including the IIIT-5K, Street View Text and ICDAR datasets, demonstrate the superiority of the proposed algorithm over the prior arts. Moreover, the proposed algorithm performs well in the task of image-based music score recognition, which evidently verifies the generality of it.",2016,neural,neuroscience,False,,,IEEE Transactions on Pattern Analysis and Machine Intelligence,ieee transactions on pattern analysis and machine intelligence,False,openalex,Baoguang Shi; Xiang Bai; Cong Yao,,3089,,,,28055850,,,,,,,True,cited_by_count>=1321 (top 10.0%); cited_by_count>=1321 (top 10.0%),10.1109/tpami.2016.2646371,,,False,0.006423151
https://openalex.org/W2111902267,10.1038/nn.4135,Functional connectome fingerprinting: identifying individuals using patterns of brain connectivity,,2015,brain,neuroscience,True,,,Nature Neuroscience,nature neuroscience,False,openalex,Emily S. Finn; Xilin Shen; Dustin Scheinost; Monica D. Rosenberg; Jessica S. Huang; Marvin M. Chun; Xenophon Papademetris; R. Todd Constable,https://doi.org/10.1038/nn.4135,3011,,,,26457551,,,,,,,True,cited_by_count>=1321 (top 10.0%); cited_by_count>=1321 (top 10.0%),10.1038/nn.4135,,,False,0.14292786
https://openalex.org/W2606780347,10.48550/arxiv.1704.01212,Neural Message Passing for Quantum Chemistry,"Supervised learning on molecules has incredible potential to be useful in chemistry, drug discovery, and materials science. Luckily, several promising and closely related neural network models invariant to molecular symmetries have already been described in the literature. These models learn a message passing algorithm and aggregation procedure to compute a function of their entire input graph. At this point, the next step is to find a particularly effective variant of this general approach and apply it to chemical prediction benchmarks until we either solve them or reach the limits of the approach. In this paper, we reformulate existing models into a single common framework we call Message Passing Neural Networks (MPNNs) and explore additional novel variations within this framework. Using MPNNs we demonstrate state of the art results on an important molecular property prediction benchmark; these results are strong enough that we believe future work should focus on datasets with larger molecules or more accurate ground truth labels.",2017,neural,neuroscience,True,,,arXiv (Cornell University),arxiv (cornell university),True,openalex,Justin Gilmer; Samuel S. Schoenholz; Patrick Riley; Oriol Vinyals; George E. Dahl,http://arxiv.org/abs/1704.01212,2996,,,,,,,,,,,True,cited_by_count>=1321 (top 10.0%); cited_by_count>=1321 (top 10.0%),10.48550/arxiv.1704.01212,,,False,0.11417626
https://openalex.org/W2945827670,10.1145/3331184.3331267,Neural Graph Collaborative Filtering,"Learning vector representations (aka. embeddings) of users and items lies at the core of modern recommender systems. Ranging from early matrix factorization to recently emerged deep learning based methods, existing efforts typically obtain a user's (or an item's) embedding by mapping from pre-existing features that describe the user (or the item), such as ID and attributes. We argue that an inherent drawback of such methods is that, the collaborative signal, which is latent in user-item interactions, is not encoded in the embedding process. As such, the resultant embeddings may not be sufficient to capture the collaborative filtering effect.",2019,neural,neuroscience,True,,,,,,openalex,Xiang Wang; Xiangnan He; Meng Wang; Fuli Feng; Tat-Seng Chua,http://arxiv.org/abs/1905.08108,2988,,,,,,,,,,,True,cited_by_count>=1321 (top 10.0%); cited_by_count>=1321 (top 10.0%),10.1145/3331184.3331267,,,False,-0.06552791
https://openalex.org/W2901312569,10.1016/j.heliyon.2018.e00938,State-of-the-art in artificial neural network applications: A survey,"This is a survey of neural network applications in the real-world scenario. It provides a taxonomy of artificial neural networks (ANNs) and furnish the reader with knowledge of current and emerging trends in ANN applications research and area of focus for researchers. Additionally, the study presents ANN application challenges, contributions, compare performances and critiques methods. The study covers many applications of ANN techniques in various disciplines which include computing, science, engineering, medicine, environmental, agriculture, mining, technology, climate, business, arts, and nanotechnology, etc. The study assesses ANN contributions, compare performances and critiques methods. The study found that neural-network models such as feedforward and feedback propagation artificial neural networks are performing better in its application to human problems. Therefore, we proposed feedforward and feedback propagation ANN models for research focus based on data analysis factors like accuracy, processing speed, latency, fault tolerance, volume, scalability, convergence, and performance. Moreover, we recommend that instead of applying a single method, future research can focus on combining ANN models into one network-wide application.",2018,neural,neuroscience,True,,,Heliyon,heliyon,True,openalex,Oludare Isaac Abiodun; Aman Jantan; Abiodun Esther Omolara; Kemi Victoria Dada; Nachaat Mohamed; Humaira Arshad,https://doi.org/10.1016/j.heliyon.2018.e00938,2986,,,,30519653,,,,,,,True,cited_by_count>=1321 (top 10.0%); cited_by_count>=1321 (top 10.0%),10.1016/j.heliyon.2018.e00938,,,False,0.10235085
https://openalex.org/W2788388592,10.1016/j.neunet.2019.01.012,Continual lifelong learning with neural networks: A review,"Humans and animals have the ability to continually acquire, fine-tune, and transfer knowledge and skills throughout their lifespan. This ability, referred to as lifelong learning, is mediated by a rich set of neurocognitive mechanisms that together contribute to the development and specialization of our sensorimotor skills as well as to long-term memory consolidation and retrieval. Consequently, lifelong learning capabilities are crucial for computational learning systems and autonomous agents interacting in the real world and processing continuous streams of information. However, lifelong learning remains a long-standing challenge for machine learning and neural network models since the continual acquisition of incrementally available information from non-stationary data distributions generally leads to catastrophic forgetting or interference. This limitation represents a major drawback for state-of-the-art deep neural network models that typically learn representations from stationary batches of training data, thus without accounting for situations in which information becomes incrementally available over time. In this review, we critically summarize the main challenges linked to lifelong learning for artificial learning systems and compare existing neural network approaches that alleviate, to different extents, catastrophic forgetting. Although significant advances have been made in domain-specific learning with neural networks, extensive research efforts are required for the development of robust lifelong learning on autonomous agents and robots. We discuss well-established and emerging research motivated by lifelong learning factors in biological systems such as structural plasticity, memory replay, curriculum and transfer learning, intrinsic motivation, and multisensory integration.",2019,neural,neuroscience,True,,,Neural Networks,neural networks,False,openalex,German I. Parisi; Ronald Kemker; Jose L. Part; Christopher Kanan; Stefan Wermter,https://doi.org/10.1016/j.neunet.2019.01.012,2967,,,,30780045,,,,,,,True,cited_by_count>=1321 (top 10.0%); cited_by_count>=1321 (top 10.0%),10.1016/j.neunet.2019.01.012,,,False,-0.019277308
https://openalex.org/W2786608785,10.1038/nrneurol.2017.188,Blood–brain barrier breakdown in Alzheimer disease and other neurodegenerative disorders,,2018,brain,neuroscience,True,,,Nature Reviews Neurology,nature reviews neurology,False,openalex,Melanie D. Sweeney; Abhay P. Sagare; Berislav V. Zloković,https://www.ncbi.nlm.nih.gov/pmc/articles/5829048,2939,,,,29377008,,,,,,,True,cited_by_count>=1321 (top 10.0%); cited_by_count>=1321 (top 10.0%),10.1038/nrneurol.2017.188,,,False,0.04554181
https://openalex.org/W2963285578,10.4230/lipics.itcs.2018.22,Convergence Results for Neural Networks via Electrodynamics,"We study whether a depth two neural network can learn another depth two network using gradient descent. Assuming a linear output node, we show that the question of whether gradient descent converges to the target function is equivalent to the following question in electrodynamics: Given k fixed protons in R^d, and k electrons, each moving due to the attractive force from the protons and repulsive force from the remaining electrons, whether at equilibrium all the electrons will be matched up with the protons, up to a permutation. Under the standard electrical force, this follows from the classic Earnshaw's theorem. In our setting, the force is determined by the activation function and the input distribution. Building on this equivalence, we prove the existence of an activation function such that gradient descent learns at least one of the hidden nodes in the target network. Iterating, we show that gradient descent can be used to learn the entire network one node at a time.",2018,neural,neuroscience,True,,,arXiv (Cornell University),arxiv (cornell university),True,openalex,"Panigrahy, Rina; Rahimi, Ali; Sachdeva, Sushant; Zhang, Qiuyi",http://arxiv.org/abs/1511.07289,2937,,,,,,,,,,,True,cited_by_count>=1321 (top 10.0%); cited_by_count>=1321 (top 10.0%),10.4230/lipics.itcs.2018.22,,,False,-0.05751309
https://openalex.org/W2767106145,10.1016/j.neunet.2018.07.011,A systematic study of the class imbalance problem in convolutional neural networks,,2018,neural,neuroscience,True,,,Neural Networks,neural networks,False,openalex,Mateusz Buda; Atsuto Maki; Maciej A. Mazurowski,http://arxiv.org/abs/1710.05381,2904,,,,30092410,,,,,,,True,cited_by_count>=1321 (top 10.0%); cited_by_count>=1321 (top 10.0%),10.1016/j.neunet.2018.07.011,,,False,0.07418245
https://openalex.org/W2500751094,10.1109/tgrs.2016.2584107,Deep Feature Extraction and Classification of Hyperspectral Images Based on Convolutional Neural Networks,"Due to the advantages of deep learning, in this paper, a regularized deep feature extraction (FE) method is presented for hyperspectral image (HSI) classification using a convolutional neural network (CNN). The proposed approach employs several convolutional and pooling layers to extract deep features from HSIs, which are nonlinear, discriminant, and invariant. These features are useful for image classification and target detection. Furthermore, in order to address the common issue of imbalance between high dimensionality and limited availability of training samples for the classification of HSI, a few strategies such as L2 regularization and dropout are investigated to avoid overfitting in class data modeling. More importantly, we propose a 3-D CNN-based FE model with combined regularization to extract effective spectral-spatial features of hyperspectral imagery. Finally, in order to further improve the performance, a virtual sample enhanced method is proposed. The proposed approaches are carried out on three widely used hyperspectral data sets: Indian Pines, University of Pavia, and Kennedy Space Center. The obtained results reveal that the proposed models with sparse constraints provide competitive results to state-of-the-art methods. In addition, the proposed deep FE opens a new window for further research.",2016,neural,neuroscience,False,,,IEEE Transactions on Geoscience and Remote Sensing,ieee transactions on geoscience and remote sensing,False,openalex,Yushi Chen; Hanlu Jiang; Chunyang Li; Xiuping Jia; Pedram Ghamisi,,2895,,,,,,,,,,,True,cited_by_count>=1321 (top 10.0%); cited_by_count>=1321 (top 10.0%),10.1109/tgrs.2016.2584107,,,False,0.05553908
https://openalex.org/W2902644322,10.1038/s41591-018-0268-3,Cardiologist-level arrhythmia detection and classification in ambulatory electrocardiograms using a deep neural network,,2018,neural,neuroscience,False,,,Nature Medicine,nature medicine,False,openalex,Awni Hannun; Pranav Rajpurkar; Masoumeh Haghpanahi; Geoffrey H. Tison; Codie Bourn; Mintu P. Turakhia; Andrew Y. Ng,,2890,,,,30617320,,,,,,,True,cited_by_count>=1321 (top 10.0%); cited_by_count>=1321 (top 10.0%),10.1038/s41591-018-0268-3,,,False,0.029518936
https://openalex.org/W3003912482,10.3389/fendo.2020.00025,The Role of Short-Chain Fatty Acids From Gut Microbiota in Gut-Brain Communication,"A substantial body of evidence supports that the gut microbiota plays a pivotal role in the regulation of metabolic, endocrine and immune functions. In recent years, there has been growing recognition of the involvement of the gut microbiota in the modulation of multiple neurochemical pathways through the highly interconnected gut-brain axis. Although amazing scientific breakthroughs over the last few years have expanded our knowledge on the communication between microbes and their hosts, the underpinnings of microbiota-gut-brain crosstalk remain to be determined. Short-chain fatty acids (SCFAs), the main metabolites produced in the colon by bacterial fermentation of dietary fibers and resistant starch, are speculated to play a key role in neuro-immunoendocrine regulation. However, the underlying mechanisms through which SCFAs might influence brain physiology and behavior have not been fully elucidated. In this review, we outline the current knowledge about the involvement of SCFAs in microbiota-gut-brain interactions. We also highlight how the development of future treatments for central nervous system (CNS) disorders can take advantage of the intimate and mutual interactions of the gut microbiota with the brain by exploring the role of SCFAs in the regulation of neuro-immunoendocrine function.",2020,brain,neuroscience,True,,,Frontiers in Endocrinology,frontiers in endocrinology,True,openalex,Ygor Parladore Silva; Andressa Bernardi; Rudimar Luiz Frozza,https://doi.org/10.3389/fendo.2020.00025,2828,,,,32082260,,,,,,,True,cited_by_count>=1321 (top 10.0%); cited_by_count>=1321 (top 10.0%),10.3389/fendo.2020.00025,,,False,0.033561558
https://openalex.org/W1857884451,10.1109/cvpr.2016.465,Learning Multi-domain Convolutional Neural Networks for Visual Tracking,"We propose a novel visual tracking algorithm based on the representations from a discriminatively trained Convolutional Neural Network (CNN). Our algorithm pretrains a CNN using a large set of videos with tracking ground-truths to obtain a generic target representation. Our network is composed of shared layers and multiple branches of domain-specific layers, where domains correspond to individual training sequences and each branch is responsible for binary classification to identify target in each domain. We train each domain in the network iteratively to obtain generic target representations in the shared layers. When tracking a target in a new sequence, we construct a new network by combining the shared layers in the pretrained CNN with a new binary classification layer, which is updated online. Online tracking is performed by evaluating the candidate windows randomly sampled around the previous target state. The proposed algorithm illustrates outstanding performance in existing tracking benchmarks.",2016,neural,neuroscience,False,,,,,,openalex,Hyeonseob Nam; Bohyung Han,,2821,,,,,,,,,,,True,cited_by_count>=1321 (top 10.0%); cited_by_count>=1321 (top 10.0%),10.1109/cvpr.2016.465,,,False,-0.060637474
https://openalex.org/W1994530392,10.52202/079017,Advances in Neural Information Processing Systems 37,,2024,neural,neuroscience,False,,,,,,openalex,David S. Touretzky,,2799,,,,,,,,,,,True,cited_by_count>=1321 (top 10.0%); cited_by_count>=1321 (top 10.0%),10.52202/079017,,,False,0.06951721
https://openalex.org/W2911487850,10.1038/s41593-018-0326-7,Genome-wide meta-analysis of depression identifies 102 independent variants and highlights the importance of the prefrontal brain regions,"Major depression is a debilitating psychiatric illness that is typically associated with low mood and anhedonia. Depression has a heritable component that has remained difficult to elucidate with current sample sizes due to the polygenic nature of the disorder. To maximize sample size, we meta-analyzed data on 807,553 individuals (246,363 cases and 561,190 controls) from the three largest genome-wide association studies of depression. We identified 102 independent variants, 269 genes, and 15 genesets associated with depression, including both genes and gene pathways associated with synaptic structure and neurotransmission. An enrichment analysis provided further evidence of the importance of prefrontal brain regions. In an independent replication sample of 1,306,354 individuals (414,055 cases and 892,299 controls), 87 of the 102 associated variants were significant after multiple testing correction. These findings advance our understanding of the complex genetic architecture of depression and provide several future avenues for understanding etiology and developing new treatment approaches.",2019,brain,neuroscience,True,,,Nature Neuroscience,nature neuroscience,False,openalex,David M. Howard; Mark J. Adams; Toni‐Kim Clarke; Jonathan D. Hafferty; Jude Gibson; Masoud Shirali; Jonathan R. I. Coleman; Saskia P. Hagenaars; Joey Ward; Eleanor M. Wigmore; Clara Alloza; Xueyi Shen; Miruna C. Barbu; Eileen Y. Xu; Heather C. Whalley; Riccardo E. Marioni; David J. Porteous; Gail Davies; Ian J. Deary; Gibran Hemani; Klaus Berger; Henning Teismann; Rajesh Rawal; Volker Arolt; Bernhard T. Baune; Udo Dannlowski; Katharina Domschke; Chao Tian; David A. Hinds; Maciej Trzaskowski; Enda M. Byrne; Stephan Ripke; Daniel J. Smıth; Patrick F. Sullivan; Naomi R. Wray; Gerome Breen; Cathryn M. Lewis; Andrew M. McIntosh,https://research-information.bris.ac.uk/en/publications/bf2f465d-de24-426a-961b-3d7ca00871bd,2771,,,,30718901,,,,,,,True,cited_by_count>=1321 (top 10.0%); cited_by_count>=1321 (top 10.0%),10.1038/s41593-018-0326-7,,,False,0.1261757
https://openalex.org/W2807021761,10.1145/3219819.3219890,Graph Convolutional Neural Networks for Web-Scale Recommender Systems,"Recent advancements in deep neural networks for graph-structured data have led to state-of-the-art performance on recommender system benchmarks. However, making these methods practical and scalable to web-scale recommendation tasks with billions of items and hundreds of millions of users remains an unsolved challenge. Here we describe a large-scale deep recommendation engine that we developed and deployed at Pinterest. We develop a data-efficient Graph Convolutional Network (GCN) algorithm, which combines efficient random walks and graph convolutions to generate embeddings of nodes (i.e., items) that incorporate both graph structure as well as node feature information. Compared to prior GCN approaches, we develop a novel method based on highly efficient random walks to structure the convolutions and design a novel training strategy that relies on harder-and-harder training examples to improve robustness and convergence of the model. We also develop an efficient MapReduce model inference algorithm to generate embeddings using a trained model. Overall, we can train on and embed graphs that are four orders of magnitude larger than typical GCN implementations. We show how GCN embeddings can be used to make high-quality recommendations in various settings at Pinterest, which has a massive underlying graph with 3 billion nodes representing pins and boards, and 17 billion edges. According to offline metrics, user studies, as well as A/B tests, our approach generates higher-quality recommendations than comparable deep learning based systems. To our knowledge, this is by far the largest application of deep graph embeddings to date and paves the way for a new generation of web-scale recommender systems based on graph convolutional architectures.",2018,neural,neuroscience,True,,,,,,openalex,Rex Ying; Ruining He; Kaifeng Chen; Pong Eksombatchai; William L. Hamilton; Jure Leskovec,http://arxiv.org/abs/1806.01973,2740,,,,,,,,,,,True,cited_by_count>=1321 (top 10.0%); cited_by_count>=1321 (top 10.0%),10.1145/3219819.3219890,,,False,-0.05403667
https://openalex.org/W2605102758,10.1109/iros.2017.8202133,Domain randomization for transferring deep neural networks from simulation to the real world,"Bridging the `reality gap' that separates simulated robotics from experiments on hardware could accelerate robotic research through improved data availability. This paper explores domain randomization, a simple technique for training models on simulated images that transfer to real images by randomizing rendering in the simulator. With enough variability in the simulator, the real world may appear to the model as just another variation. We focus on the task of object localization, which is a stepping stone to general robotic manipulation skills. We find that it is possible to train a real-world object detector that is accurate to 1.5 cm and robust to distractors and partial occlusions using only data from a simulator with non-realistic random textures. To demonstrate the capabilities of our detectors, we show they can be used to perform grasping in a cluttered environment. To our knowledge, this is the first successful transfer of a deep neural network trained only on simulated RGB images (without pre-training on real images) to the real world for the purpose of robotic control.",2017,neural,neuroscience,False,,,,,,openalex,Josh Tobin; Rachel Fong; Alex Ray; Jonas Schneider; Wojciech Zaremba; Pieter Abbeel,,2727,,,,,,,,,,,True,cited_by_count>=1321 (top 10.0%); cited_by_count>=1321 (top 10.0%),10.1109/iros.2017.8202133,,,False,0.012678872
https://openalex.org/W2746314669,10.48550/arxiv.1708.04552,Improved Regularization of Convolutional Neural Networks with Cutout,"Convolutional neural networks are capable of learning powerful representational spaces, which are necessary for tackling complex learning tasks. However, due to the model capacity required to capture such representations, they are often susceptible to overfitting and therefore require proper regularization in order to generalize well. In this paper, we show that the simple regularization technique of randomly masking out square regions of input during training, which we call cutout, can be used to improve the robustness and overall performance of convolutional neural networks. Not only is this method extremely easy to implement, but we also demonstrate that it can be used in conjunction with existing forms of data augmentation and other regularizers to further improve model performance. We evaluate this method by applying it to current state-of-the-art architectures on the CIFAR-10, CIFAR-100, and SVHN datasets, yielding new state-of-the-art results of 2.56%, 15.20%, and 1.30% test error respectively. Code is available at https://github.com/uoguelph-mlrg/Cutout",2017,neural,neuroscience,True,,,arXiv (Cornell University),arxiv (cornell university),True,openalex,Terrance DeVries; Graham W. Taylor,http://arxiv.org/abs/1708.04552,2721,https://github.com/uoguelph-mlrg/Cutout,,,,https://github.com/uoguelph-mlrg/Cutout,https://github.com/uoguelph-mlrg/Cutout,,,,,True,cited_by_count>=1321 (top 10.0%); cited_by_count>=1321 (top 10.0%),10.48550/arxiv.1708.04552,,,False,0.0015808642
https://openalex.org/W4223520055,10.1038/s41586-022-04434-5,Mapping genomic loci implicates genes and synaptic biology in schizophrenia,,2022,synaptic,neuroscience,True,,,Nature,nature,False,openalex,Vassily Trubetskoy; Antonio F. Pardiñas; Ting Qi; Georgia Panagiotaropoulou; Swapnil Awasthi; Tim B. Bigdeli; Julien Bryois; Chia‐Yen Chen; Charlotte Dennison; Lynsey S. Hall; Max Lam; Kyoko Watanabe; Oleksandr Frei; Tian Ge; Janet Harwood; Frank Koopmans; Sigurður H. Magnússon; Alexander Richards; Julia Sidorenko; Yang Wu; Jian Zeng; Jakob Grove; Minsoo Kim; Zhiqiang Li; Georgios Voloudakis; Wen Zhang; Mark J. Adams; Ingrid Agartz; Elizabeth G. Atkinson; Esben Agerbo; Mariam Al Eissa; Margot Albus; Madeline Alexander; Behrooz Z. Alizadeh; Köksal Alptekın; Thomas D. Als; Farooq Amin; Volker Arolt; Manuel Arrojo; Lavinia Athanasiu; M.H. Azevedo; Silviu‐Alin Bacanu; Nicholas Bass; Martin Begemann; Richard A. Belliveau; Judit Bene; Beben Benyamin; Sarah E. Bergen; Giuseppe Blasi; Julio Bobes; Stefano Bonassi; Alice Braun; Rodrigo A. Bressan; Evelyn J. Bromet; Richard Bruggeman; P.F. Buckley; Randy L. Buckner; Jonas Bybjerg‐Grauholm; Wiepke Cahn; Murray J. Cairns; Monica E. Calkins; Vaughan J. Carr; David Castle; Stanley V. Catts; Kimberley D. Chambert; Raymond Chan; Boris Chaumette; Wei Cheng; Eric F.C. Cheung; Siow Ann Chong; David Cohen; Angèle Consoli; Quirino Cordeiro; Javier Costas; Charles Curtis; Michael Davidson; Kenneth L. Davis; Lieuwe de Haan; Franziska Degenhardt; Lynn E. DeLisi; Ditte Demontis; Faith Dickerson; Dimitris Dikeos; Timothy G. Dinan; Srdjan Djurovic; Jubao Duan; Giuseppe Ducci; Frank Dudbridge; Johan G. Eriksson; Lourdes Fañanás; Stephen V. Faraone; Alessia Fiorentino; Andreas J. Forstner; Josef Frank; Nelson B. Freimer; Menachem Fromer; Alessandra Frustaci; Ary Gadelha; Giulio Genovese; Elliot S. Gershon,https://kclpure.kcl.ac.uk/portal/en/publications/a973309b-b56f-42b6-a492-f60d84e278f3,2718,,,,35396580,,,,,,,True,cited_by_count>=1321 (top 10.0%); cited_by_count>=1321 (top 10.0%),10.1038/s41586-022-04434-5,,,False,0.14892486
https://openalex.org/W2657631929,10.1016/j.dsp.2017.10.011,Methods for interpreting and understanding deep neural networks,"This paper provides an entry point to the problem of interpreting a deep neural network model and explaining its predictions. It is based on a tutorial given at ICASSP 2017. As a tutorial paper, the set of methods covered here is not exhaustive, but sufficiently representative to discuss a number of questions in interpretability, technical challenges, and possible applications. The second part of the tutorial focuses on the recently proposed layer-wise relevance propagation (LRP) technique, for which we provide theory, recommendations, and tricks, to make most efficient use of it on real data.",2017,neural,neuroscience,True,,,Digital Signal Processing,digital signal processing,False,openalex,Grégoire Montavon; Wojciech Samek; Klaus‐Robert Müller,https://doi.org/10.1016/j.dsp.2017.10.011,2687,,,,,,,,,,,True,cited_by_count>=1321 (top 10.0%); cited_by_count>=1321 (top 10.0%),10.1016/j.dsp.2017.10.011,,,False,0.013477839
https://openalex.org/W3017855299,10.1016/j.compbiomed.2020.103792,Automated detection of COVID-19 cases using deep neural networks with X-ray images,,2020,neural,neuroscience,True,,,Computers in Biology and Medicine,computers in biology and medicine,False,openalex,Tülin Öztürk; Muhammed Talo; Eylul Azra Yildirim; Ulaş Baran Baloğlu; Özal Yıldırım; U. Rajendra Acharya,https://hdl.handle.net/1983/e609b4df-ec27-4452-b0de-e36d55446451,2672,,,,32568675,,,,,,,True,cited_by_count>=1321 (top 10.0%); cited_by_count>=1321 (top 10.0%),10.1016/j.compbiomed.2020.103792,,,False,0.022746723
https://openalex.org/W2026267776,10.1038/nrn3916,The neuroscience of mindfulness meditation,,2015,neuroscience,neuroscience,False,,,Nature reviews. Neuroscience,nature reviews. neuroscience,False,openalex,Yi-Yuan Tang; Britta K. Hölzel; Michael I. Posner,,2672,,,,25783612,,,,,,,True,cited_by_count>=1321 (top 10.0%); cited_by_count>=1321 (top 10.0%),10.1038/nrn3916,,,False,0.05011784
https://openalex.org/W2310992461,10.1109/tmi.2016.2538465,Brain Tumor Segmentation Using Convolutional Neural Networks in MRI Images,"Among brain tumors, gliomas are the most common and aggressive, leading to a very short life expectancy in their highest grade. Thus, treatment planning is a key stage to improve the quality of life of oncological patients. Magnetic resonance imaging (MRI) is a widely used imaging technique to assess these tumors, but the large amount of data produced by MRI prevents manual segmentation in a reasonable time, limiting the use of precise quantitative measurements in the clinical practice. So, automatic and reliable segmentation methods are required; however, the large spatial and structural variability among brain tumors make automatic segmentation a challenging problem. In this paper, we propose an automatic segmentation method based on Convolutional Neural Networks (CNN), exploring small 3 ×3 kernels. The use of small kernels allows designing a deeper architecture, besides having a positive effect against overfitting, given the fewer number of weights in the network. We also investigated the use of intensity normalization as a pre-processing step, which though not common in CNN-based segmentation methods, proved together with data augmentation to be very effective for brain tumor segmentation in MRI images. Our proposal was validated in the Brain Tumor Segmentation Challenge 2013 database (BRATS 2013), obtaining simultaneously the first position for the complete, core, and enhancing regions in Dice Similarity Coefficient metric (0.88, 0.83, 0.77) for the Challenge data set. Also, it obtained the overall first position by the online evaluation platform. We also participated in the on-site BRATS 2015 Challenge using the same model, obtaining the second place, with Dice Similarity Coefficient metric of 0.78, 0.65, and 0.75 for the complete, core, and enhancing regions, respectively.",2016,brain,neuroscience,False,,,IEEE Transactions on Medical Imaging,ieee transactions on medical imaging,False,openalex,Sérgio Pereira; Adriano Pinto; Victor Alves; Carlos A. Silva,,2654,,,,26960222,,,,,,,True,cited_by_count>=1321 (top 10.0%); cited_by_count>=1321 (top 10.0%),10.1109/tmi.2016.2538465,,,False,0.0843078
https://openalex.org/W2270470215,10.3390/s16010115,Deep Convolutional and LSTM Recurrent Neural Networks for Multimodal Wearable Activity Recognition,"Human activity recognition (HAR) tasks have traditionally been solved using engineered features obtained by heuristic processes. Current research suggests that deep convolutional neural networks are suited to automate feature extraction from raw sensor inputs. However, human activities are made of complex sequences of motor movements, and capturing this temporal dynamics is fundamental for successful HAR. Based on the recent success of recurrent neural networks for time series domains, we propose a generic deep framework for activity recognition based on convolutional and LSTM recurrent units, which: (i) is suitable for multimodal wearable sensors; (ii) can perform sensor fusion naturally; (iii) does not require expert knowledge in designing features; and (iv) explicitly models the temporal dynamics of feature activations. We evaluate our framework on two datasets, one of which has been used in a public activity recognition challenge. Our results show that our framework outperforms competing deep non-recurrent networks on the challenge dataset by 4% on average; outperforming some of the previous reported results by up to 9%. Our results show that the framework can be applied to homogeneous sensor modalities, but can also fuse multimodal sensors to improve performance. We characterise key architectural hyperparameters' influence on performance to provide insights about their optimisation.",2016,neural,neuroscience,True,,,Sensors,sensors,True,openalex,Francisco Ordóñez; Daniel Roggen,https://doi.org/10.3390/s16010115,2622,,,,26797612,,,,,,,True,cited_by_count>=1321 (top 10.0%); cited_by_count>=1321 (top 10.0%),10.3390/s16010115,,,False,0.074011475
https://openalex.org/W4211132876,10.1093/neuonc/noz150,CBTRUS Statistical Report: Primary Brain and Other Central Nervous System Tumors Diagnosed in the United States in 2012–2016,"The Central Brain Tumor Registry of the United States (CBTRUS), in collaboration with the Centers for Disease Control and Prevention and National Cancer Institute, is the largest population-based registry focused exclusively on primary brain and other central nervous system (CNS) tumors in the United States (US) and represents the entire US population. This report contains the most up-to-date population-based data on primary brain tumors available and supersedes all previous reports in terms of completeness and accuracy. All rates are age-adjusted using the 2000 US standard population and presented per 100,000 population. The average annual age-adjusted incidence rate (AAAIR) of all malignant and non-malignant brain and other CNS tumors was 23.41 (Malignant AAAIR = 7.08, non-Malignant AAAIR = 16.33). This rate was higher in females compared to males (25.84 versus 20.82), Whites compared to Blacks (23.50 versus 23.34), and non-Hispanics compared to Hispanics (23.84 versus 21.28). The most commonly occurring malignant brain and other CNS tumor was glioblastoma (14.6% of all tumors), and the most common non-malignant tumor was meningioma (37.6% of all tumors). Glioblastoma was more common in males, and meningioma was more common in females. In children and adolescents (age 0-19 years), the incidence rate of all primary brain and other CNS tumors was 6.06. An estimated 86,010 new cases of malignant and non-malignant brain and other CNS tumors are expected to be diagnosed in the US in 2019 (25,510 malignant and 60,490 non-malignant). There were 79,718 deaths attributed to malignant brain and other CNS tumors between 2012 and 2016. This represents an average annual mortality rate of 4.42. The five-year relative survival rate following diagnosis of a malignant brain and other CNS tumor was 35.8%, and the five-year relative survival rate following diagnosis of a non-malignant brain and other CNS tumors was 91.5%.",2019,brain,neuroscience,True,,,Neuro-Oncology,neuro-oncology,False,openalex,Quinn T. Ostrom; Gino Cioffi; Haley Gittleman; Nirav Patil; Kristin Waite; Carol Kruchko; Jill S. Barnholtz‐Sloan,https://doi.org/10.1093/neuonc/noz150,2619,,,,31675094,,,,,,,True,cited_by_count>=1321 (top 10.0%); cited_by_count>=1321 (top 10.0%),10.1093/neuonc/noz150,,,False,0.049081318
https://openalex.org/W1991082489,10.1016/j.molcel.2015.03.027,"Circular RNAs in the Mammalian Brain Are Highly Abundant, Conserved, and Dynamically Expressed",,2015,brain,neuroscience,True,,,Molecular Cell,molecular cell,False,openalex,Agnieszka Rybak‐Wolf; Christin Stottmeister; Petar Glažar; Marvin Jens; Natalia S. Pino; Sebastián A. Giusti; Mor Hanan; Mikaela Behm; Osnat Bartok; Reut Ashwal-Fluss; Margareta Herzog; Luisa Schreyer; Panagiotis Papavasileiou; Andranik Ivanov; Marie Öhman; Damián Refojo; Sebastián Kadener; Nikolaus Rajewsky,https://doi.org/10.1016/j.molcel.2015.03.027,2618,,,,25921068,,,,,,,True,cited_by_count>=1321 (top 10.0%); cited_by_count>=1321 (top 10.0%),10.1016/j.molcel.2015.03.027,,,False,-0.054747917
https://openalex.org/W2562637781,10.1109/tci.2016.2644865,Loss Functions for Image Restoration With Neural Networks,"Neural networks are becoming central in several areas of computer vision and image processing and different architectures have been proposed to solve specific problems. The impact of the loss layer of neural networks, however, has not received much attention in the context of image processing: the default and virtually only choice is ℓ <sub xmlns:mml=""http://www.w3.org/1998/Math/MathML"" xmlns:xlink=""http://www.w3.org/1999/xlink"">2</sub> . In this paper, we bring attention to alternative choices for image restoration. In particular, we show the importance of perceptually-motivated losses when the resulting image is to be evaluated by a human observer. We compare the performance of several losses, and propose a novel, differentiable error function. We show that the quality of the results improves significantly with better loss functions, even when the network architecture is left unchanged.",2016,neural,neuroscience,False,,,IEEE Transactions on Computational Imaging,ieee transactions on computational imaging,False,openalex,Hang Zhao; Orazio Gallo; Iuri Frosio; Jan Kautz,,2615,,,,,,,,,,,True,cited_by_count>=1321 (top 10.0%); cited_by_count>=1321 (top 10.0%),10.1109/tci.2016.2644865,,,False,-0.038280196
https://openalex.org/W2766856748,10.1103/physrevlett.120.145301,Crystal Graph Convolutional Neural Networks for an Accurate and Interpretable Prediction of Material Properties,"The use of machine learning methods for accelerating the design of crystalline materials usually requires manually constructed feature vectors or complex transformation of atom coordinates to input the crystal structure, which either constrains the model to certain crystal types or makes it difficult to provide chemical insights. Here, we develop a crystal graph convolutional neural networks framework to directly learn material properties from the connection of atoms in the crystal, providing a universal and interpretable representation of crystalline materials. Our method provides a highly accurate prediction of density functional theory calculated properties for eight different properties of crystals with various structure types and compositions after being trained with 10^{4} data points. Further, our framework is interpretable because one can extract the contributions from local chemical environments to global properties. Using an example of perovskites, we show how this information can be utilized to discover empirical rules for materials design.",2018,neural,neuroscience,True,,,Physical Review Letters,physical review letters,False,openalex,Tian Xie; Jeffrey C. Grossman,https://doi.org/10.1103/physrevlett.120.145301,2611,,,,29694125,,,,,,,True,cited_by_count>=1321 (top 10.0%); cited_by_count>=1321 (top 10.0%),10.1103/physrevlett.120.145301,,,False,0.13072854
https://openalex.org/W3100777112,10.1016/j.ymssp.2020.107398,1D convolutional neural networks and applications: A survey,"During the last decade, Convolutional Neural Networks (CNNs) have become the de facto standard for various Computer Vision and Machine Learning operations. CNNs are feed-forward Artificial Neural Networks (ANNs) with alternating convolutional and subsampling layers. Deep 2D CNNs with many hidden layers and millions of parameters have the ability to learn complex objects and patterns providing that they can be trained on a massive size visual database with ground-truth labels. With a proper training, this unique ability makes them the primary tool for various engineering applications for 2D signals such as images and video frames. Yet, this may not be a viable option in numerous applications over 1D signals especially when the training data is scarce or application specific. To address this issue, 1D CNNs have recently been proposed and immediately achieved the state-of-the-art performance levels in several applications such as personalized biomedical data classification and early diagnosis, structural health monitoring, anomaly detection and identification in power electronics and electrical motor fault detection. Another major advantage is that a real-time and low-cost hardware implementation is feasible due to the simple and compact configuration of 1D CNNs that perform only 1D convolutions (scalar multiplications and additions). This paper presents a comprehensive review of the general architecture and principals of 1D CNNs along with their major engineering applications, especially focused on the recent progress in this field. Their state-of-the-art performance is highlighted concluding with their unique properties. The benchmark datasets and the principal 1D CNN software used in those applications are also publicly shared in a dedicated website. While there has not been a paper on the review of 1D CNNs and its applications in the literature, this paper fulfills this gap.",2022,neural,neuroscience,False,,,Qatar University QSpace (Qatar University),qatar university qspace (qatar university),False,openalex,"Kiranyaz, Mustafa Serkan; Onur Avcı; Osama Abdeljaber; Türker İnce; Moncef Gabbouj; Daniel J. Inman",,2608,,,,,,,,,,,True,cited_by_count>=1321 (top 10.0%); cited_by_count>=1321 (top 10.0%),10.1016/j.ymssp.2020.107398,,,False,-0.043740653
https://openalex.org/W1663623302,,"The gut-brain axis: interactions between enteric microbiota, central and enteric nervous systems.","The gut-brain axis (GBA) consists of bidirectional communication between the central and the enteric nervous system, linking emotional and cognitive centers of the brain with peripheral intestinal functions. Recent advances in research have described the importance of gut microbiota in influencing these interactions. This interaction between microbiota and GBA appears to be bidirectional, namely through signaling from gut-microbiota to brain and from brain to gut-microbiota by means of neural, endocrine, immune, and humoral links. In this review we summarize the available evidence supporting the existence of these interactions, as well as the possible pathophysiological mechanisms involved. Most of the data have been acquired using technical strategies consisting in germ-free animal models, probiotics, antibiotics, and infection studies. In clinical practice, evidence of microbiota-GBA interactions comes from the association of dysbiosis with central nervous disorders (i.e. autism, anxiety-depressive behaviors) and functional gastrointestinal disorders. In particular, irritable bowel syndrome can be considered an example of the disruption of these complex relationships, and a better understanding of these alterations might provide new targeted therapies.",2015,brain,neuroscience,True,,,PubMed,pubmed,False,openalex,Marilia Carabotti; Annunziata Scirocco; M.A. Maselli; Carola Severi,,2591,,,,25830558,,,,,,,True,cited_by_count>=1321 (top 10.0%); cited_by_count>=1321 (top 10.0%),,,,False,0.03675826
https://openalex.org/W4200327950,10.1093/neuonc/noab200,CBTRUS Statistical Report: Primary Brain and Other Central Nervous System Tumors Diagnosed in the United States in 2014–2018,"Abstract The Central Brain Tumor Registry of the United States (CBTRUS), in collaboration with the Centers for Disease Control and Prevention (CDC) and National Cancer Institute (NCI), is the largest population-based cancer registry focused exclusively on primary brain and other central nervous system (CNS) tumors in the United States (US) and represents the entire US population. This report contains the most up-to-date population-based data on primary brain tumors available and supersedes all previous reports in terms of completeness and accuracy and is the first CBTRUS Report to provide the distribution of molecular markers for selected brain and CNS tumor histologies. All rates are age-adjusted using the 2000 US standard population and presented per 100,000 population. The average annual age-adjusted incidence rate (AAAIR) of all malignant and non-malignant brain and other CNS tumors was 24.25 (Malignant AAAIR=7.06, Non-malignant AAAIR=17.18). This overall rate was higher in females compared to males (26.95 versus 21.35) and non-Hispanics compared to Hispanics (24.68 versus 22.12). The most commonly occurring malignant brain and other CNS tumor was glioblastoma (14.3% of all tumors and 49.1% of malignant tumors), and the most common non-malignant tumor was meningioma (39.0% of all tumors and 54.5% of non-malignant tumors). Glioblastoma was more common in males, and meningioma was more common in females. In children and adolescents (age 0–19 years), the incidence rate of all primary brain and other CNS tumors was 6.21. An estimated 88,190 new cases of malignant and non-malignant brain and other CNS tumors are expected to be diagnosed in the US population in 2021 (25,690 malignant and 62,500 non-malignant). There were 83,029 deaths attributed to malignant brain and other CNS tumors between 2014 and 2018. This represents an average annual mortality rate of 4.43 per 100,000 and an average of 16,606 deaths per year. The five-year relative survival rate following diagnosis of a malignant brain and other CNS tumor was 35.6%, for a non-malignant brain and other CNS tumors the five-year relative survival rate was 91.8%.",2021,brain,neuroscience,True,,,Neuro-Oncology,neuro-oncology,False,openalex,Quinn T. Ostrom; Gino Cioffi; Kristin Waite; Carol Kruchko; Jill S. Barnholtz‐Sloan,https://doi.org/10.1093/neuonc/noab200,2540,,,,,,,,,,,True,cited_by_count>=1321 (top 10.0%); cited_by_count>=1321 (top 10.0%),10.1093/neuonc/noab200,,,False,0.06595493
https://openalex.org/W2963363373,10.1109/iccv.2017.155,Channel Pruning for Accelerating Very Deep Neural Networks,"In this paper, we introduce a new channel pruning method to accelerate very deep convolutional neural networks. Given a trained CNN model, we propose an iterative two-step algorithm to effectively prune each layer, by a LASSO regression based channel selection and least square reconstruction. We further generalize this algorithm to multi-layer and multi-branch cases. Our method reduces the accumulated error and enhance the compatibility with various architectures. Our pruned VGG-16 achieves the state-of-the-art results by 5× speed-up along with only 0.3% increase of error. More importantly, our method is able to accelerate modern networks like ResNet, Xception and suffers only 1.4%, 1.0% accuracy loss under 2× speedup respectively, which is significant.",2017,neural,neuroscience,False,,,,,,openalex,Yihui He; Xiangyu Zhang; Jian Sun,,2535,,,,,,,,,,,True,cited_by_count>=1321 (top 10.0%); cited_by_count>=1321 (top 10.0%),10.1109/iccv.2017.155,,,False,0.00045216084
https://openalex.org/W2767813783,10.1016/s1474-4422(17)30371-x,"Traumatic brain injury: integrated approaches to improve prevention, clinical care, and research","A concerted effort to tackle the global health problem posed by traumatic brain injury (TBI) is long overdue. TBI is a public health challenge of vast, but insufficiently recognised, proportions. Worldwide, more than 50 million people have a TBI each year, and it is estimated that about half the world's population will have one or more TBIs over their lifetime. TBI is the leading cause of mortality in young adults and a major cause of death and disability across all ages in all countries, with a disproportionate burden of disability and death occurring in low-income and middle-income countries (LMICs). It has been estimated that TBI costs the global economy approximately $US400 billion annually. Deficiencies in prevention, care, and research urgently need to be addressed to reduce the huge burden and societal costs of TBI. This Commission highlights priorities and provides expert recommendations for all stakeholders—policy makers, funders, health-care professionals, researchers, and patient representatives—on clinical and research strategies to reduce this growing public health problem and improve the lives of people with TBI.",2017,brain,neuroscience,True,,,The Lancet Neurology,the lancet neurology,False,openalex,Andrew I.R. Maas; David Menon; P. David Adelson; Nada Anđelić; M. J. Bell; Antonio Belli; Peter Bragge; Alexandra Bražinová; András Büki; Randall M. Chesnut; Giuseppe Citerio; Mark Coburn; D. James Cooper; A. Tamara Crowder; Endre Czeiter; Marek Czosnyka; Ramon Diaz‐Arrastia; Jens P. Dreier; Ann‐Christine Duhaime; Ari Ercole; Thomas A. van Essen; Valery L. Feigin; Guoyi Gao; Joseph T. Giacino; Laura E. González-Lara; Russell L. Gruen; Deepak Gupta; Jed A. Hartings; Sean Hill; Jiyao Jiang; Naomi Ketharanathan; Erwin J. O. Kompanje; Linda Lanyon; Steven Laureys; Fiona Lecky; Harvey S. Levin; Hester F. Lingsma; Marc Maegele; Marek Majdán; Geoffrey T. Manley; Jill A. Marsteller; Luciana Mascia; Charles McFadyen; Stefania Mondello; Virginia Newcombe; Aarno Palotie; Paul M. Parizel; Wilco C. Peul; James Piercy; Suzanne Polinder; Louis Puybasset; Todd E. Rasmussen; Rolf Rossaint; Peter Smielewski; Jeannette A. E. Söderberg; Simon Stanworth; Murray B. Stein; Nicole von Steinbüchel; William Stewart; Ewout W. Steyerberg; Nino Stocchetti; Anneliese Synnot; Braden Te Ao; Olli Tenovuo; Alice Theadom; Dick Tibboel; Walter Videtta; Kevin Wang; W. Huw Williams; Lindsay Wilson; Kristine Yaffe; Hadie Adams; Vanni Agnoletti; Judith Allanson; Krisztina Amrein; Norberto Andaluz; Audny Anke; Anna Degli Antoni; Arjan Bastiaan van As; Gérard Audibert; A. Azaševac; Philippe Azouvi; Maria Luisa Azzolini; Camelia Baciu; Rafael Badenes; Karen Barlow; Ronald Bartels; Ursula Bauerfeind; Miriam H. Beauchamp; Darcy Beer; Ronny Beer; F. J. Belda; Bo‐Michael Bellander; Rémy Bellier; Habib Benali; Thierry Bénard; Valzerda Beqiri; Luigi Beretta; Françis Bernard; Guido Bertolini,https://doi.org/10.1016/s1474-4422(17)30371-x,2512,,,,29122524,,,,,,,True,cited_by_count>=1321 (top 10.0%); cited_by_count>=1321 (top 10.0%),10.1016/s1474-4422(17)30371-x,,,False,0.07045923
https://openalex.org/W2574952845,10.1109/tip.2017.2713099,Deep Convolutional Neural Network for Inverse Problems in Imaging,"In this paper, we propose a novel deep convolutional neural network (CNN)-based algorithm for solving ill-posed inverse problems. Regularized iterative algorithms have emerged as the standard approach to ill-posed inverse problems in the past few decades. These methods produce excellent results, but can be challenging to deploy in practice due to factors including the high computational cost of the forward and adjoint operators and the difficulty of hyperparameter selection. The starting point of this paper is the observation that unrolled iterative methods have the form of a CNN (filtering followed by pointwise nonlinearity) when the normal operator (H*H, where H* is the adjoint of the forward imaging operator, H) of the forward model is a convolution. Based on this observation, we propose using direct inversion followed by a CNN to solve normal-convolutional inverse problems. The direct inversion encapsulates the physical model of the system, but leads to artifacts when the problem is ill posed; the CNN combines multiresolution decomposition and residual learning in order to learn to remove these artifacts while preserving image structure. We demonstrate the performance of the proposed network in sparse-view reconstruction (down to 50 views) on parallel beam X-ray computed tomography in synthetic phantoms as well as in real experimental sinograms. The proposed network outperforms total variation-regularized iterative reconstruction for the more realistic phantoms and requires less than a second to reconstruct a 512 × 512 image on the GPU.",2017,neural,neuroscience,True,,,IEEE Transactions on Image Processing,ieee transactions on image processing,False,openalex,Kyong Hwan Jin; Michael T. McCann; Emmanuel Froustey; Michaël Unser,http://arxiv.org/abs/1611.03679,2503,,,,28641250,,,,,,,True,cited_by_count>=1321 (top 10.0%); cited_by_count>=1321 (top 10.0%),10.1109/tip.2017.2713099,,,False,-0.056960665
https://openalex.org/W2896556344,10.1007/978-3-319-94463-0,Neural Networks and Deep Learning,,2018,neural,neuroscience,False,,,,,,openalex,Charų C. Aggarwal,,2499,,,,,,,,,,,True,cited_by_count>=1321 (top 10.0%); cited_by_count>=1321 (top 10.0%),10.1007/978-3-319-94463-0,,,False,0.10010305
https://openalex.org/W2754252319,10.1109/tsg.2017.2753802,Short-Term Residential Load Forecasting Based on LSTM Recurrent Neural Network,"As the power system is facing a transition toward a more intelligent, flexible, and interactive system with higher penetration of renewable energy generation, load forecasting, especially short-term load forecasting for individual electric customers plays an increasingly essential role in the future grid planning and operation. Other than aggregated residential load in a large scale, forecasting an electric load of a single energy user is fairly challenging due to the high volatility and uncertainty involved. In this paper, we propose a long short-term memory (LSTM) recurrent neural network-based framework, which is the latest and one of the most popular techniques of deep learning, to tackle this tricky issue. The proposed framework is tested on a publicly available set of real residential smart meter data, of which the performance is comprehensively compared to various benchmarks including the state-of-the-arts in the field of load forecasting. As a result, the proposed LSTM approach outperforms the other listed rival algorithms in the task of short-term load forecasting for individual residential households.",2017,neural,neuroscience,False,,,IEEE Transactions on Smart Grid,ieee transactions on smart grid,False,openalex,Weicong Kong; Zhao Yang Dong; Youwei Jia; David J. Hill; Yan Xu; Yuan Zhang,,2488,,,,,,,,,,,True,cited_by_count>=1321 (top 10.0%); cited_by_count>=1321 (top 10.0%),10.1109/tsg.2017.2753802,,,False,0.0065279286
https://openalex.org/W4211091012,10.1038/nn.4502,Network neuroscience,,2017,neuroscience,neuroscience,False,,,Nature Neuroscience,nature neuroscience,False,openalex,Danielle S. Bassett; Olaf Sporns,,2423,,,,28230844,,,,,,,True,cited_by_count>=1321 (top 10.0%); cited_by_count>=1321 (top 10.0%),10.1038/nn.4502,,,False,0.0567853
https://openalex.org/W2624871570,10.48550/arxiv.1706.05098,An Overview of Multi-Task Learning in Deep Neural Networks,"Multi-task learning (MTL) has led to successes in many applications of machine learning, from natural language processing and speech recognition to computer vision and drug discovery. This article aims to give a general overview of MTL, particularly in deep neural networks. It introduces the two most common methods for MTL in Deep Learning, gives an overview of the literature, and discusses recent advances. In particular, it seeks to help ML practitioners apply MTL by shedding light on how MTL works and providing guidelines for choosing appropriate auxiliary tasks.",2017,neural,neuroscience,True,,,arXiv (Cornell University),arxiv (cornell university),True,openalex,Sebastian Ruder,http://arxiv.org/abs/1706.05098,2420,,,,,,,,,,,True,cited_by_count>=1321 (top 10.0%); cited_by_count>=1321 (top 10.0%),10.48550/arxiv.1706.05098,,,False,-0.03774508
https://openalex.org/W4310895557,,Advances in Neural Information Processing Systems 32 (NeurIPS 2019),International audience,2020,neural,neuroscience,False,,,HAL (Le Centre pour la Communication Scientifique Directe),hal (le centre pour la communication scientifique directe),False,openalex,Hanna Wallach; Hugo Larochelle; Alina Beygelzimer; Florence d’Alché–Buc; Emily B. Fox; Roman Garnett,,2419,,,,,,,,,,,True,cited_by_count>=1321 (top 10.0%); cited_by_count>=1321 (top 10.0%),,,,False,0.110181704
https://openalex.org/W2124592697,10.1109/iccv.2015.179,Conditional Random Fields as Recurrent Neural Networks,"Pixel-level labelling tasks, such as semantic segmentation, play a central role in image understanding. Recent approaches have attempted to harness the capabilities of deep learning techniques for image recognition to tackle pixel-level labelling tasks. One central issue in this methodology is the limited capacity of deep learning techniques to delineate visual objects. To solve this problem, we introduce a new form of convolutional neural network that combines the strengths of Convolutional Neural Networks (CNNs) and Conditional Random Fields (CRFs)-based probabilistic graphical modelling. To this end, we formulate Conditional Random Fields with Gaussian pairwise potentials and mean-field approximate inference as Recurrent Neural Networks. This network, called CRF-RNN, is then plugged in as a part of a CNN to obtain a deep network that has desirable properties of both CNNs and CRFs. Importantly, our system fully integrates CRF modelling with CNNs, making it possible to train the whole deep network end-to-end with the usual back-propagation algorithm, avoiding offline post-processing methods for object delineation. We apply the proposed method to the problem of semantic image segmentation, obtaining top results on the challenging Pascal VOC 2012 segmentation benchmark.",2015,neural,neuroscience,True,,,,,,openalex,Shuai Zheng; Sadeep Jayasumana; Bernardino Romera‐Paredes; Vibhav Vineet; Zhizhong Su; Dalong Du; Chang Huang; Philip H. S. Torr,http://arxiv.org/abs/1502.03240,2415,,,,,,,,,,,True,cited_by_count>=1321 (top 10.0%); cited_by_count>=1321 (top 10.0%),10.1109/iccv.2015.179,,,False,-0.033640236
https://openalex.org/W2396930286,10.1002/cmdc.201600182,A BOILED‐Egg To Predict Gastrointestinal Absorption and Brain Penetration of Small Molecules,"Apart from efficacy and toxicity, many drug development failures are imputable to poor pharmacokinetics and bioavailability. Gastrointestinal absorption and brain access are two pharmacokinetic behaviors crucial to estimate at various stages of the drug discovery processes. To this end, the Brain Or IntestinaL EstimateD permeation method (BOILED-Egg) is proposed as an accurate predictive model that works by computing the lipophilicity and polarity of small molecules. Concomitant predictions for both brain and intestinal permeation are obtained from the same two physicochemical descriptors and straightforwardly translated into molecular design, owing to the speed, accuracy, conceptual simplicity and clear graphical output of the model. The BOILED-Egg can be applied in a variety of settings, from the filtering of chemical libraries at the early steps of drug discovery, to the evaluation of drug candidates for development.",2016,brain,neuroscience,True,,,ChemMedChem,chemmedchem,False,openalex,Antoine Daina; Vincent Zoete,https://doi.org/10.1002/cmdc.201600182,2409,,,,27218427,,,,,,,True,cited_by_count>=1321 (top 10.0%); cited_by_count>=1321 (top 10.0%),10.1002/cmdc.201600182,,,False,0.21796721
https://openalex.org/W2910121883,10.1007/s10462-020-09825-6,A survey of the recent architectures of deep convolutional neural networks,,2020,neural,neuroscience,True,,,Artificial Intelligence Review,artificial intelligence review,False,openalex,Asifullah Khan; Anabia Sohail; Umme Zahoora; Aqsa Saeed Qureshi,http://arxiv.org/abs/1901.06032,2404,,,,,,,,,,,True,cited_by_count>=1321 (top 10.0%); cited_by_count>=1321 (top 10.0%),10.1007/s10462-020-09825-6,,,False,0.024300124
https://openalex.org/W1947251450,10.1109/tamd.2015.2431497,Investigating Critical Frequency Bands and Channels for EEG-Based Emotion Recognition with Deep Neural Networks,"To investigate critical frequency bands and channels, this paper introduces deep belief networks (DBNs) to constructing EEG-based emotion recognition models for three emotions: positive, neutral and negative. We develop an EEG dataset acquired from 15 subjects. Each subject performs the experiments twice at the interval of a few days. DBNs are trained with differential entropy features extracted from multichannel EEG data. We examine the weights of the trained DBNs and investigate the critical frequency bands and channels. Four different profiles of 4, 6, 9, and 12 channels are selected. The recognition accuracies of these four profiles are relatively stable with the best accuracy of 86.65%, which is even better than that of the original 62 channels. The critical frequency bands and channels determined by using the weights of trained DBNs are consistent with the existing observations. In addition, our experiment results show that neural signatures associated with different emotions do exist and they share commonality across sessions and individuals. We compare the performance of deep models with shallow models. The average accuracies of DBN, SVM, LR, and KNN are 86.08%, 83.99%, 82.70%, and 72.60%, respectively.",2015,neural,neuroscience,False,,,IEEE Transactions on Autonomous Mental Development,ieee transactions on autonomous mental development,False,openalex,Wei‐Long Zheng; Bao‐Liang Lu,,2398,,,,,,,,,,,True,cited_by_count>=1321 (top 10.0%); cited_by_count>=1321 (top 10.0%),10.1109/tamd.2015.2431497,,,False,0.051484287
https://openalex.org/W3013601031,10.1007/s13246-020-00865-4,Covid-19: automatic detection from X-ray images utilizing transfer learning with convolutional neural networks,,2020,neural,neuroscience,True,,,Physical and Engineering Sciences in Medicine,physical and engineering sciences in medicine,False,openalex,Ioannis D. Apostolopoulos; Tzani A. Mpesiana,https://doi.org/10.1007/s13246-020-00865-4,2394,,,,32524445,,,,,,,True,cited_by_count>=1321 (top 10.0%); cited_by_count>=1321 (top 10.0%),10.1007/s13246-020-00865-4,,,False,0.05126818
https://openalex.org/W2798701005,10.1126/science.aat8084,All-optical machine learning using diffractive deep neural networks,"All-optical deep learning Deep learning uses multilayered artificial neural networks to learn digitally from large datasets. It then performs advanced identification and classification tasks. To date, these multilayered neural networks have been implemented on a computer. Lin et al. demonstrate all-optical machine learning that uses passive optical components that can be patterned and fabricated with 3D-printing. Their hardware approach comprises stacked layers of diffractive optical elements analogous to an artificial neural network that can be trained to execute complex functions at the speed of light. Science , this issue p. 1004",2018,neural,neuroscience,True,,,Science,science,False,openalex,Xing Lin; Yair Rivenson; Nezih Tolga Yardimci; Muhammed Veli; Yi Luo; Mona Jarrahi; Aydogan Özcan,http://arxiv.org/abs/1804.08711,2392,,,,30049787,,,,,,,True,cited_by_count>=1321 (top 10.0%); cited_by_count>=1321 (top 10.0%),10.1126/science.aat8084,,,False,0.005523937
https://openalex.org/W2767493192,10.1038/nature24636,Fully integrated silicon probes for high-density recording of neural activity,,2017,neural,neuroscience,True,,,Nature,nature,False,openalex,James J. Jun; Nicholas A. Steinmetz; Joshua H. Siegle; Daniel J. Denman; Marius Bauža; Brian Barbarits; Albert K. Lee; Costas A. Anastassiou; Alexandru Andrei; Çağatay Aydın; Mladen Barbic; Timothy J. Blanche; Vincent Bonin; João Couto; B. Dutta; Sergey L. Gratiy; Diego A. Gutnisky; Michael Häusser; Bill Karsh; Peter Ledochowitsch; Carolina Mora López; Catalin Mitelut; Silke Musa; Michael Okun; Marius Pachitariu; Jan Putzeys; Phil Rich; Cyrille Rossant; Wei-lung Sun; Karel Svoboda; Matteo Carandini; Kenneth D. Harris; Christof Koch; John O’Keefe; T.D. Harris,https://figshare.com/articles/journal_contribution/Fully_integrated_silicon_probes_for_high-density_recording_of_neural_activity/10228214,2372,,,,29120427,https://figshare.com/articles/journal_contribution/Fully_integrated_silicon_probes_for_high-density_recording_of_neural_activity/10228214,,https://figshare.com/articles/journal_contribution/Fully_integrated_silicon_probes_for_high-density_recording_of_neural_activity/10228214,,,,True,cited_by_count>=1321 (top 10.0%); cited_by_count>=1321 (top 10.0%),10.1038/nature24636,https://figshare.com/articles/journal_contribution/Fully_integrated_silicon_probes_for_high-density_recording_of_neural_activity/10228214,figshare,True,0.07584837
https://openalex.org/W2789530810,10.1016/j.dcn.2018.03.001,The Adolescent Brain Cognitive Development (ABCD) study: Imaging acquisition across 21 sites,"The ABCD study is recruiting and following the brain development and health of over 10,000 9-10 year olds through adolescence. The imaging component of the study was developed by the ABCD Data Analysis and Informatics Center (DAIC) and the ABCD Imaging Acquisition Workgroup. Imaging methods and assessments were selected, optimized and harmonized across all 21 sites to measure brain structure and function relevant to adolescent development and addiction. This article provides an overview of the imaging procedures of the ABCD study, the basis for their selection and preliminary quality assurance and results that provide evidence for the feasibility and age-appropriateness of procedures and generalizability of findings to the existent literature.",2018,brain,neuroscience,True,,,Developmental Cognitive Neuroscience,developmental cognitive neuroscience,True,openalex,B.J. Casey; Tariq Cannonier; May I. Conley; Alexandra O. Cohen; Deanna M. Barch; Mary M. Heitzeg; Mary Soules; Theresa Teslovich; Danielle V. Dellarco; Hugh Garavan; Catherine Orr; Tor D. Wager; Marie T. Banich; Nicole K. Speer; Matthew T. Sutherland; Michael C. Riedel; Anthony Steven Dick; James M. Bjork; Kathleen M. Thomas; Bader Chaarani; Margie Hernandez Mejia; Donald J. Hagler; M. Daniela Cornejo; Chelsea S. Sicat; Michael P. Harms; Nico U.F. Dosenbach; Monica D. Rosenberg; Eric Earl; Hauke Bartsch; Richard Watts; Jon̈athan R. Polimeni; Joshua Kuperman; Damien A. Fair; Anders M. Dale,https://doi.org/10.1016/j.dcn.2018.03.001,2360,,,,29567376,,,,,,,True,cited_by_count>=1321 (top 10.0%); cited_by_count>=1321 (top 10.0%),10.1016/j.dcn.2018.03.001,,,False,0.079066455
https://openalex.org/W2908473373,,How emotions are made: The secret life of the brain.,"Introduction - i: Introduction: The Two Thousand Year Old Assumption Chapter - 1: The Search For Emotion's ''Fingerprints'' Chapter - 2: Emotions Are Constructed Chapter - 3: The Myth of Universal Emotions Chapter - 4: The Origin of Feeling Chapter - 5: Concepts, Goals, and Words Chapter - 6: How the Brain Makes Emotions Chapter - 7: Emotions As A Social Reality Chapter - 8: A New View of Human Nature Chapter - 9: Mastering Your Emotions Chapter - 10: Emotions and Illness Chapter - 11: Emotion and the Law Chapter - 12: Is a Growling Dog Angry? Chapter - 13: From Brain to Mind: The New Frontier Acknowledgements - ii: Acknowledgments Section - iii: Appendix A: Brain Basics Section - iv: Appendix B: Supplement for Chapter 2 Section - v: Appendix C: Supplement for Chapter 3 Section - vi: Appendix D: Evidence for the Concept Cascade Section - vii: Bibliography Section - viii: Notes Section - ix: Illustration Credits Index - x: Index",2017,brain,neuroscience,False,,,,,,openalex,Lisa Feldman Barrett,,2357,,,,,,,,,,,True,cited_by_count>=1321 (top 10.0%); cited_by_count>=1321 (top 10.0%),,,,False,0.071348906
https://openalex.org/W2327501763,10.1109/icassp.2016.7472621,"Listen, attend and spell: A neural network for large vocabulary conversational speech recognition","We present Listen, Attend and Spell (LAS), a neural speech recognizer that transcribes speech utterances directly to characters without pronunciation models, HMMs or other components of traditional speech recognizers. In LAS, the neural network architecture subsumes the acoustic, pronunciation and language models making it not only an end-to-end trained system but an end-to-end model. In contrast to DNN-HMM, CTC and most other models, LAS makes no independence assumptions about the probability distribution of the output character sequences given the acoustic sequence. Our system has two components: a listener and a speller. The listener is a pyramidal recurrent network encoder that accepts filter bank spectra as inputs. The speller is an attention-based recurrent network decoder that emits each character conditioned on all previous characters, and the entire acoustic sequence. On a Google voice search task, LAS achieves a WER of 14.1% without a dictionary or an external language model and 10.3% with language model rescoring over the top 32 beams. In comparison, the state-of-the-art CLDNN-HMM model achieves a WER of 8.0% on the same set.",2016,neural,neuroscience,False,,,,,,openalex,William Chan; Navdeep Jaitly; Quoc V. Le; Oriol Vinyals,,2340,,,,,,,,,,,True,cited_by_count>=1321 (top 10.0%); cited_by_count>=1321 (top 10.0%),10.1109/icassp.2016.7472621,,,False,0.024962753
https://openalex.org/W2595085771,10.15585/mmwr.ss6609a1,"Traumatic Brain Injury–Related Emergency Department Visits, Hospitalizations, and Deaths — United States, 2007 and 2013","PROBLEM/CONDITION: Traumatic brain injury (TBI) has short- and long-term adverse clinical outcomes, including death and disability. TBI can be caused by a number of principal mechanisms, including motor-vehicle crashes, falls, and assaults. This report describes the estimated incidence of TBI-related emergency department (ED) visits, hospitalizations, and deaths during 2013 and makes comparisons to similar estimates from 2007. REPORTING PERIOD: 2007 and 2013. DESCRIPTION OF SYSTEM: State-based administrative health care data were used to calculate estimates of TBI-related ED visits and hospitalizations by principal mechanism of injury, age group, sex, and injury intent. Categories of injury intent included unintentional (motor-vehicle crashes, falls, being struck by or against an object, mechanism unspecified), intentional (self-harm and assault/homicide), and undetermined intent. These health records come from the Healthcare Cost and Utilization Project's National Emergency Department Sample and National Inpatient Sample. TBI-related death analyses used CDC multiple-cause-of-death public-use data files, which contain death certificate data from all 50 states and the District of Columbia. RESULTS: In 2013, a total of approximately 2.8 million TBI-related ED visits, hospitalizations, and deaths (TBI-EDHDs) occurred in the United States. This consisted of approximately 2.5 million TBI-related ED visits, approximately 282,000 TBI-related hospitalizations, and approximately 56,000 TBI-related deaths. TBIs were diagnosed in nearly 2.8 million (1.9%) of the approximately 149 million total injury- and noninjury-related EDHDs that occurred in the United States during 2013. Rates of TBI-EDHDs varied by age, with the highest rates observed among persons aged ≥75 years (2,232.2 per 100,000 population), 0-4 years (1,591.5), and 15-24 years (1,080.7). Overall, males had higher age-adjusted rates of TBI-EDHDs (959.0) compared with females (810.8) and the most common principal mechanisms of injury for all age groups included falls (413.2, age-adjusted), being struck by or against an object (142.1, age-adjusted), and motor-vehicle crashes (121.7, age-adjusted). The age-adjusted rate of ED visits was higher in 2013 (787.1) versus 2007 (534.4), with fall-related TBIs among persons aged ≥75 years accounting for 17.9% of the increase in the number of TBI-related ED visits. The number and rate of TBI-related hospitalizations also increased among persons aged ≥75 years (from 356.9 in 2007 to 454.4 in 2013), primarily because of falls. Whereas motor-vehicle crashes were the leading cause of TBI-related deaths in 2007 in both number and rate, in 2013, intentional self-harm was the leading cause in number and rate. The overall age-adjusted rate of TBI-related deaths for all ages decreased from 17.9 in 2007 to 17.0 in 2013; however, age-adjusted TBI-related death rates attributable to falls increased from 3.8 in 2007 to 4.5 in 2013, primarily among older adults. Although the age-adjusted rate of TBI-related deaths attributable to motor-vehicle crashes decreased from 5.0 in 2007 to 3.4 in 2013, the age-adjusted rate of TBI-related ED visits attributable to motor-vehicle crashes increased from 83.8 in 2007 to 99.5 in 2013. The age-adjusted rate of TBI-related hospitalizations attributable to motor-vehicle crashes decreased from 23.5 in 2007 to 18.8 in 2013. INTERPRETATION: Progress has been made to prevent motor-vehicle crashes, resulting in a decrease in the number of TBI-related hospitalizations and deaths from 2007 to 2013. However, during the same time, the number and rate of older adult fall-related TBIs have increased substantially. Although considerable public interest has focused on sports-related concussion in youth, the findings in this report suggest that TBIs attributable to older adult falls, many of which result in hospitalization and death, should receive public health attention. PUBLIC HEALTH ACTIONS: The increase in the number of fall-related TBIs in older adults suggests an urgent need to enhance fall-prevention efforts in that population. Multiple effective interventions have been identified, and CDC has developed the STEADI initiative (Stopping Elderly Accidents Deaths and Injuries) as a comprehensive strategy that incorporates empirically supported clinical guidelines and scientifically tested interventions to help primary care providers address their patients' fall risk through the identification of modifiable risk factors and implementation of effective interventions (e.g., exercise, medication management, and Vitamin D supplementation).",2017,brain,neuroscience,True,,,MMWR Surveillance Summaries,mmwr surveillance summaries,False,openalex,Christopher A. Taylor; Jeneita M. Bell; Matthew J. Breiding; Likang Xu,https://doi.org/10.15585/mmwr.ss6609a1,2316,,,,28301451,,,,,,,True,cited_by_count>=1321 (top 10.0%); cited_by_count>=1321 (top 10.0%),10.15585/mmwr.ss6609a1,,,False,0.033598058
https://openalex.org/W2901838561,10.1016/j.immuni.2018.11.004,Single-Cell RNA Sequencing of Microglia throughout the Mouse Lifespan and in the Injured Brain Reveals Complex Cell-State Changes,,2018,brain,neuroscience,True,,,Immunity,immunity,False,openalex,Timothy R. Hammond; Connor Dufort; Lasse Dissing‐Olesen; Stefanie Giera; Adam M. H. Young; Alec Wysoker; Alec J. Walker; Frederick W. Gergits; Michael Segel; James Nemesh; Samuel E. Marsh; Arpiar Saunders; Evan Z. Macosko; Florent Ginhoux; Jinmiao Chen; Robin J.M. Franklin; Xianhua Piao; Steven A. McCarroll; Beth Stevens,https://doi.org/10.1016/j.immuni.2018.11.004,2305,,,,30471926,,,,,,,True,cited_by_count>=1321 (top 10.0%); cited_by_count>=1321 (top 10.0%),10.1016/j.immuni.2018.11.004,,,False,0.00687203
https://openalex.org/W3110151578,10.1038/s41593-020-00744-x,Parameterizing neural power spectra into periodic and aperiodic components,,2020,neural,neuroscience,True,,,Nature Neuroscience,nature neuroscience,False,openalex,Thomas Donoghue; Matar Haller; Erik Peterson; Paroma Varma; Priyadarshini Sebastian; Richard Gao; Torben Noto; Antonio H. Lara; Joni D. Wallis; Robert T. Knight; Avgusta Y. Shestyuk; Bradley Voytek,https://www.ncbi.nlm.nih.gov/pmc/articles/8106550,2303,,,,33230329,,,,,,,True,cited_by_count>=1321 (top 10.0%); cited_by_count>=1321 (top 10.0%),10.1038/s41593-020-00744-x,,,False,0.071973115
https://openalex.org/W2265846598,10.1609/aaai.v29i1.9513,Recurrent Convolutional Neural Networks for Text Classification,"Text classification is a foundational task in many NLP applications. Traditional text classifiers often rely on many human-designed features, such as dictionaries, knowledge bases and special tree kernels. In contrast to traditional methods, we introduce a recurrent convolutional neural network for text classification without human-designed features. In our model, we apply a recurrent structure to capture contextual information as far as possible when learning word representations, which may introduce considerably less noise compared to traditional window-based neural networks. We also employ a max-pooling layer that automatically judges which words play key roles in text classification to capture the key components in texts. We conduct experiments on four commonly used datasets. The experimental results show that the proposed method outperforms the state-of-the-art methods on several datasets, particularly on document-level datasets.",2015,neural,neuroscience,True,,,Proceedings of the AAAI Conference on Artificial Intelligence,proceedings of the aaai conference on artificial intelligence,True,openalex,Siwei Lai; Liheng Xu; Kang Liu; Jun Zhao,https://doi.org/10.1609/aaai.v29i1.9513,2301,,,,,,,,,,,True,cited_by_count>=1321 (top 10.0%); cited_by_count>=1321 (top 10.0%),10.1609/aaai.v29i1.9513,,,False,0.0784175
https://openalex.org/W2526646482,10.1038/nmat4756,Memristors with diffusive dynamics as synaptic emulators for neuromorphic computing,,2016,synaptic,neuroscience,True,,,Nature Materials,nature materials,False,openalex,Zhongrui Wang; Saumil Joshi; Sergey Savel’ev; Hao Jiang; Rivu Midya; Peng Lin; Miao Hu; Ning Ge; John Paul Strachan; Zhiyong Li; Qing Wu; Mark Barnell; Geng‐Lin Li; Huolin L. Xin; R. Stanley Williams; Qiangfei Xia; J. Joshua Yang,https://www.osti.gov/biblio/1336121,2287,,,,27669052,,,,,,,True,cited_by_count>=1321 (top 10.0%); cited_by_count>=1321 (top 10.0%),10.1038/nmat4756,,,False,-0.09399611
https://openalex.org/W2522628945,10.1038/nn.4393,Multimodal population brain imaging in the UK Biobank prospective epidemiological study,,2016,brain,neuroscience,True,,,Nature Neuroscience,nature neuroscience,False,openalex,Karla L. Miller; Fidel Alfaro‐Almagro; Neal K. Bangerter; David L. Thomas; Essa Yacoub; Junqian Xu; Andreas J. Bartsch; Saâd Jbabdi; Stamatios N. Sotiropoulos; Jesper Andersson; Ludovica Griffanti; Gwenaëlle Douaud; Thomas W. Okell; Peter Weale; Iulius Dragonu; Steve Garratt; Sarah Hudson; Rory Collins; Mark Jenkinson; Paul M. Matthews; Stephen M. Smith,https://nottingham-repository.worktribe.com/output/817017,2270,,,,27643430,,,,,,,True,cited_by_count>=1321 (top 10.0%); cited_by_count>=1321 (top 10.0%),10.1038/nn.4393,,,False,0.10631411
https://openalex.org/W2560533888,10.1109/cvpr.2017.35,Deep Multi-scale Convolutional Neural Network for Dynamic Scene Deblurring,"Non-uniform blind deblurring for general dynamic scenes is a challenging computer vision problem as blurs arise not only from multiple object motions but also from camera shake, scene depth variation. To remove these complicated motion blurs, conventional energy optimization based methods rely on simple assumptions such that blur kernel is partially uniform or locally linear. Moreover, recent machine learning based methods also depend on synthetic blur datasets generated under these assumptions. This makes conventional deblurring methods fail to remove blurs where blur kernel is difficult to approximate or parameterize (e.g. object motion boundaries). In this work, we propose a multi-scale convolutional neural network that restores sharp images in an end-to-end manner where blur is caused by various sources. Together, we present multi-scale loss function that mimics conventional coarse-to-fine approaches. Furthermore, we propose a new large-scale dataset that provides pairs of realistic blurry image and the corresponding ground truth sharp image that are obtained by a high-speed camera. With the proposed model trained on this dataset, we demonstrate empirically that our method achieves the state-of-the-art performance in dynamic scene deblurring not only qualitatively, but also quantitatively.",2017,neural,neuroscience,False,,,,,,openalex,Seungjun Nah; Tae Hyun Kim; Kyoung Mu Lee,,2250,,,,,,,,,,,True,cited_by_count>=1321 (top 10.0%); cited_by_count>=1321 (top 10.0%),10.1109/cvpr.2017.35,,,False,-0.04966337
https://openalex.org/W2463631526,10.1109/cvpr.2016.70,Single-Image Crowd Counting via Multi-Column Convolutional Neural Network,"This paper aims to develop a method than can accurately estimate the crowd count from an individual image with arbitrary crowd density and arbitrary perspective. To this end, we have proposed a simple but effective Multi-column Convolutional Neural Network (MCNN) architecture to map the image to its crowd density map. The proposed MCNN allows the input image to be of arbitrary size or resolution. By utilizing filters with receptive fields of different sizes, the features learned by each column CNN are adaptive to variations in people/head size due to perspective effect or image resolution. Furthermore, the true density map is computed accurately based on geometry-adaptive kernels which do not need knowing the perspective map of the input image. Since exiting crowd counting datasets do not adequately cover all the challenging situations considered in our work, we have collected and labelled a large new dataset that includes 1198 images with about 330,000 heads annotated. On this challenging new dataset, as well as all existing datasets, we conduct extensive experiments to verify the effectiveness of the proposed model and method. In particular, with the proposed simple MCNN model, our method outperforms all existing methods. In addition, experiments show that our model, once trained on one dataset, can be readily transferred to a new dataset.",2016,neural,neuroscience,False,,,,,,openalex,Yingying Zhang; Desen Zhou; Siqin Chen; Shenghua Gao; Yi Ma,,2236,,,,,,,,,,,True,cited_by_count>=1321 (top 10.0%); cited_by_count>=1321 (top 10.0%),10.1109/cvpr.2016.70,,,False,0.021572702
https://openalex.org/W2604662567,10.24963/ijcai.2017/239,DeepFM: A Factorization-Machine based Neural Network for CTR Prediction,"Learning sophisticated feature interactions behind user behaviors is critical in maximizing CTR for recommender systems. Despite great progress, existing methods seem to have a strong bias towards low- or high-order interactions, or require expertise feature engineering. In this paper, we show that it is possible to derive an end-to-end learning model that emphasizes both low- and high-order feature interactions. The proposed model, DeepFM, combines the power of factorization machines for recommendation and deep learning for feature learning in a new neural network architecture. Compared to the latest Wide &amp; Deep model from Google, DeepFM has a shared input to its ""wide"" and ""deep"" parts, with no need of feature engineering besides raw features. Comprehensive experiments are conducted to demonstrate the effectiveness and efficiency of DeepFM over the existing models for CTR prediction, on both benchmark data and commercial data.",2017,neural,neuroscience,True,,,,,,openalex,Huifeng Guo; Ruiming Tang; Yunming Ye; Zhenguo Li; Xiuqiang He,https://doi.org/10.24963/ijcai.2017/239,2228,,,,,,,,,,,True,cited_by_count>=1321 (top 10.0%); cited_by_count>=1321 (top 10.0%),10.24963/ijcai.2017/239,,,False,0.04812146
https://openalex.org/W2419175238,10.1126/science.aag2302,Solving the quantum many-body problem with artificial neural networks,The challenge posed by the many-body problem in quantum physics originates from the difficulty of describing the nontrivial correlations encoded in the exponential complexity of the many-body wave function. Here we demonstrate that systematic machine learning of the wave function can reduce this complexity to a tractable computational form for some notable cases of physical interest. We introduce a variational representation of quantum states based on artificial neural networks with a variable number of hidden neurons. A reinforcement-learning scheme we demonstrate is capable of both finding the ground state and describing the unitary time evolution of complex interacting quantum systems. Our approach achieves high accuracy in describing prototypical interacting spins models in one and two dimensions.,2017,neural,neuroscience,True,,,Science,science,False,openalex,Giuseppe Carleo; Matthias Troyer,http://arxiv.org/abs/1606.02318,2224,,,,28183973,,,,,,,True,cited_by_count>=1321 (top 10.0%); cited_by_count>=1321 (top 10.0%),10.1126/science.aag2302,,,False,0.005794416
https://openalex.org/W4288039037,10.1007/s10915-022-01939-z,Scientific Machine Learning Through Physics–Informed Neural Networks: Where we are and What’s Next,"Abstract Physics-Informed Neural Networks (PINN) are neural networks (NNs) that encode model equations, like Partial Differential Equations (PDE), as a component of the neural network itself. PINNs are nowadays used to solve PDEs, fractional equations, integral-differential equations, and stochastic PDEs. This novel methodology has arisen as a multi-task learning framework in which a NN must fit observed data while reducing a PDE residual. This article provides a comprehensive review of the literature on PINNs: while the primary goal of the study was to characterize these networks and their related advantages and disadvantages. The review also attempts to incorporate publications on a broader range of collocation-based physics informed neural networks, which stars form the vanilla PINN, as well as many other variants, such as physics-constrained neural networks (PCNN), variational hp-VPINN, and conservative PINN (CPINN). The study indicates that most research has focused on customizing the PINN through different activation functions, gradient optimization techniques, neural network structures, and loss function structures. Despite the wide range of applications for which PINNs have been used, by demonstrating their ability to be more feasible in some contexts than classical numerical techniques like Finite Element Method (FEM), advancements are still possible, most notably theoretical issues that remain unresolved.",2022,neural,neuroscience,True,,,Journal of Scientific Computing,journal of scientific computing,False,openalex,Salvatore Cuomo; Vincenzo Schiano Di Cola; Fabio Giampaolo; Gianluigi Rozza; Maziar Raissi; Francesco Piccialli,https://doi.org/10.1007/s10915-022-01939-z,2216,,,,,,,,,,,True,cited_by_count>=1321 (top 10.0%); cited_by_count>=1321 (top 10.0%),10.1007/s10915-022-01939-z,,,False,0.16194716
https://openalex.org/W2547965192,10.7812/tpp/14-211,"The Body Keeps the Score: Brain, Mind, and Body in the Healing of Trauma",,2015,brain,neuroscience,False,,,The Permanente Journal,the permanente journal,False,openalex,Albert Ray,,2214,,,,,,,,,,,True,cited_by_count>=1321 (top 10.0%); cited_by_count>=1321 (top 10.0%),10.7812/tpp/14-211,,,False,0.014862929
https://openalex.org/W4234865248,10.1093/neuonc/noy131,CBTRUS Statistical Report: Primary Brain and Other Central Nervous System Tumors Diagnosed in the United States in 2011–2015,Prostate (male only),2018,brain,neuroscience,True,,,Neuro-Oncology,neuro-oncology,False,openalex,Quinn T. Ostrom; Haley Gittleman; Gabrielle Truitt; Alexander L. Boscia; Carol Kruchko; Jill S. Barnholtz‐Sloan,https://doi.org/10.1093/neuonc/noy131,2212,,,,30445539,,,,,,,True,cited_by_count>=1321 (top 10.0%); cited_by_count>=1321 (top 10.0%),10.1093/neuonc/noy131,,,False,0.018554296
https://openalex.org/W2319920447,10.48550/arxiv.1602.02830,Binarized Neural Networks: Training Deep Neural Networks with Weights and Activations Constrained to +1 or -1,"We introduce a method to train Binarized Neural Networks (BNNs) - neural networks with binary weights and activations at run-time. At training-time the binary weights and activations are used for computing the parameters gradients. During the forward pass, BNNs drastically reduce memory size and accesses, and replace most arithmetic operations with bit-wise operations, which is expected to substantially improve power-efficiency. To validate the effectiveness of BNNs we conduct two sets of experiments on the Torch7 and Theano frameworks. On both, BNNs achieved nearly state-of-the-art results over the MNIST, CIFAR-10 and SVHN datasets. Last but not least, we wrote a binary matrix multiplication GPU kernel with which it is possible to run our MNIST BNN 7 times faster than with an unoptimized GPU kernel, without suffering any loss in classification accuracy. The code for training and running our BNNs is available on-line.",2016,neural,neuroscience,True,,,arXiv (Cornell University),arxiv (cornell university),True,openalex,Matthieu Courbariaux; Itay Hubara; Daniel Soudry; Ran El‐Yaniv; Yoshua Bengio,http://arxiv.org/abs/1602.02830,2201,,,,,,,,,,,True,cited_by_count>=1321 (top 10.0%); cited_by_count>=1321 (top 10.0%),10.48550/arxiv.1602.02830,,,False,0.047867037
https://openalex.org/W4245392732,10.1093/neuonc/nov189,CBTRUS Statistical Report: Primary Brain and Central Nervous System Tumors Diagnosed in the United States in 2008-2012,"CBTRUS does not collect data directly from patients' medical records. As noted, data for CBTRUS analyses come from the NPCR and SEER programs. By law, all primary malignant and non-malignant brain tumors are reportable diseases. Hence, tumor registrars in treatment centers collect these data and send this information to CCR in their states where they are collated and de-identified and sent to NPCR and SEER. Brain and CNS tumors are reported using the site definition described in Public Law 107-260. On an annual basis, NPCR secures permission from CCR to release their data on brain and CNS tumors to CBTRUS. CCR plays an essential role in the collection process, diagrammatically presented in Figure These data are population-based and, therefore, by definition, represent a comprehensive documentation of all cancers diagnosed within a geographic region over a period of time.",2015,brain,neuroscience,True,,,Neuro-Oncology,neuro-oncology,False,openalex,Quinn T. Ostrom; Haley Gittleman; Jordonna Fulop; Max Liu; Rachel Blanda; Courtney Kromer; Yingli Wolinsky; Carol Kruchko; Jill S. Barnholtz‐Sloan,https://doi.org/10.1093/neuonc/nov189,2156,,,,26511214,,,,,,,True,cited_by_count>=1321 (top 10.0%); cited_by_count>=1321 (top 10.0%),10.1093/neuonc/nov189,,,False,0.136106
https://openalex.org/W2341041396,10.1016/j.cell.2016.04.032,Brain-Region-Specific Organoids Using Mini-bioreactors for Modeling ZIKV Exposure,,2016,brain,neuroscience,True,,,Cell,cell,False,openalex,Xuyu Qian; Ha Nam Nguyen; Mingxi M. Song; Christopher Hadiono; Sarah C. Ogden; Christy Hammack; Bing Yao; Gregory R. Hamersky; Fadi Jacob; Chun Zhong; Ki‐Jun Yoon; William J. Jeang; Li Lin; Yujing Li; Jai Thakor; Daniel A. Berg; Ce Zhang; Eunchai Kang; Michael Chickering; David W. Nauen; Cheng‐Ying Ho; Zhexing Wen; Kimberly M. Christian; Pei‐Yong Shi; Brady J. Maher; Hao Wu; Peng Jin; Hengli Tang; Hongjun Song; Guo‐li Ming,https://doi.org/10.1016/j.cell.2016.04.032,2144,,,,27118425,,,,,,,True,cited_by_count>=1321 (top 10.0%); cited_by_count>=1321 (top 10.0%),10.1016/j.cell.2016.04.032,,,False,0.2195057
https://openalex.org/W2127716652,10.1084/jem.20142290,A dural lymphatic vascular system that drains brain interstitial fluid and macromolecules,"The central nervous system (CNS) is considered an organ devoid of lymphatic vasculature. Yet, part of the cerebrospinal fluid (CSF) drains into the cervical lymph nodes (LNs). The mechanism of CSF entry into the LNs has been unclear. Here we report the surprising finding of a lymphatic vessel network in the dura mater of the mouse brain. We show that dural lymphatic vessels absorb CSF from the adjacent subarachnoid space and brain interstitial fluid (ISF) via the glymphatic system. Dural lymphatic vessels transport fluid into deep cervical LNs (dcLNs) via foramina at the base of the skull. In a transgenic mouse model expressing a VEGF-C/D trap and displaying complete aplasia of the dural lymphatic vessels, macromolecule clearance from the brain was attenuated and transport from the subarachnoid space into dcLNs was abrogated. Surprisingly, brain ISF pressure and water content were unaffected. Overall, these findings indicate that the mechanism of CSF flow into the dcLNs is directly via an adjacent dural lymphatic network, which may be important for the clearance of macromolecules from the brain. Importantly, these results call for a reexamination of the role of the lymphatic system in CNS physiology and disease.",2015,brain,neuroscience,True,,,The Journal of Experimental Medicine,the journal of experimental medicine,False,openalex,Aleksanteri Aspelund; Salli Antila; Steven T. Proulx; Tine V. Karlsen; Sinem Karaman; Michael Detmar; Helge Wiig; Kari Alitalo,https://doi.org/10.1084/jem.20142290,2134,,,,26077718,,,,,,,True,cited_by_count>=1321 (top 10.0%); cited_by_count>=1321 (top 10.0%),10.1084/jem.20142290,,,False,0.001027531
https://openalex.org/W2895430781,10.1152/physrev.00050.2017,Blood-Brain Barrier: From Physiology to Disease and Back,"The blood-brain barrier (BBB) prevents neurotoxic plasma components, blood cells, and pathogens from entering the brain. At the same time, the BBB regulates transport of molecules into and out of the central nervous system (CNS), which maintains tightly controlled chemical composition of the neuronal milieu that is required for proper neuronal functioning. In this review, we first examine molecular and cellular mechanisms underlying the establishment of the BBB. Then, we focus on BBB transport physiology, endothelial and pericyte transporters, and perivascular and paravascular transport. Next, we discuss rare human monogenic neurological disorders with the primary genetic defect in BBB-associated cells demonstrating the link between BBB breakdown and neurodegeneration. Then, we review the effects of genes underlying inheritance and/or increased susceptibility for Alzheimer's disease (AD), Parkinson's disease (PD), Huntington's disease, and amyotrophic lateral sclerosis (ALS) on BBB in relation to other pathologies and neurological deficits. We next examine how BBB dysfunction relates to neurological deficits and other pathologies in the majority of sporadic AD, PD, and ALS cases, multiple sclerosis, other neurodegenerative disorders, and acute CNS disorders such as stroke, traumatic brain injury, spinal cord injury, and epilepsy. Lastly, we discuss BBB-based therapeutic opportunities. We conclude with lessons learned and future directions, with emphasis on technological advances to investigate the BBB functions in the living human brain, and at the molecular and cellular level, and address key unanswered questions.",2018,brain,neuroscience,True,,,Physiological Reviews,physiological reviews,False,openalex,Melanie D. Sweeney; Zhen Zhao; Axel Montagne; Amy R. Nelson; Berislav V. Zloković,https://doi.org/10.1152/physrev.00050.2017,2131,,,,30280653,,,,,,,True,cited_by_count>=1321 (top 10.0%); cited_by_count>=1321 (top 10.0%),10.1152/physrev.00050.2017,,,False,0.050334882
https://openalex.org/W2004353783,10.1016/j.trc.2015.03.014,Long short-term memory neural network for traffic speed prediction using remote microwave sensor data,,2015,neural,neuroscience,False,,,Transportation Research Part C Emerging Technologies,transportation research part c emerging technologies,False,openalex,Xiaolei Ma; Zhimin Tao; Yinhai Wang; Haiyang Yu; Yunpeng Wang,,2131,,,,,,,,,,,True,cited_by_count>=1321 (top 10.0%); cited_by_count>=1321 (top 10.0%),10.1016/j.trc.2015.03.014,,,False,0.059670817
https://openalex.org/W2094756095,10.1145/2684746.2689060,Optimizing FPGA-based Accelerator Design for Deep Convolutional Neural Networks,"Convolutional neural network (CNN) has been widely employed for image recognition because it can achieve high accuracy by emulating behavior of optic nerves in living creatures. Recently, rapid growth of modern applications based on deep learning algorithms has further improved research and implementations. Especially, various accelerators for deep CNN have been proposed based on FPGA platform because it has advantages of high performance, reconfigurability, and fast development round, etc. Although current FPGA accelerators have demonstrated better performance over generic processors, the accelerator design space has not been well exploited. One critical problem is that the computation throughput may not well match the memory bandwidth provided an FPGA platform. Consequently, existing approaches cannot achieve best performance due to under-utilization of either logic resource or memory bandwidth. At the same time, the increasing complexity and scalability of deep learning applications aggravate this problem. In order to overcome this problem, we propose an analytical design scheme using the roofline model. For any solution of a CNN design, we quantitatively analyze its computing throughput and required memory bandwidth using various optimization techniques, such as loop tiling and transformation. Then, with the help of rooine model, we can identify the solution with best performance and lowest FPGA resource requirement. As a case study, we implement a CNN accelerator on a VC707 FPGA board and compare it to previous approaches. Our implementation achieves a peak performance of 61.62 GFLOPS under 100MHz working frequency, which outperform previous approaches significantly.",2015,neural,neuroscience,False,,,,,,openalex,Chen Zhang; Peng Li; Guangyu Sun; Yijin Guan; Bingjun Xiao; Jason Cong,,2122,,,,,,,,,,,True,cited_by_count>=1321 (top 10.0%); cited_by_count>=1321 (top 10.0%),10.1145/2684746.2689060,,,False,-0.02142445
https://openalex.org/W3003821665,10.1038/s41586-020-1942-4,Fully hardware-implemented memristor convolutional neural network,,2020,neural,neuroscience,False,,,Nature,nature,False,openalex,Peng Yao; Huaqiang Wu; Bin Gao; Jianshi Tang; Qingtian Zhang; Wenqiang Zhang; J. Joshua Yang; He Qian,,2113,,,,31996818,,,,,,,True,cited_by_count>=1321 (top 10.0%); cited_by_count>=1321 (top 10.0%),10.1038/s41586-020-1942-4,,,False,-0.044760764
https://openalex.org/W2964010366,10.1038/s41598-018-24271-9,Recurrent Neural Networks for Multivariate Time Series with Missing Values,"Multivariate time series data in practical applications, such as health care, geoscience, and biology, are characterized by a variety of missing values. In time series prediction and other related tasks, it has been noted that missing values and their missing patterns are often correlated with the target labels, a.k.a., informative missingness. There is very limited work on exploiting the missing patterns for effective imputation and improving prediction performance. In this paper, we develop novel deep learning models, namely GRU-D, as one of the early attempts. GRU-D is based on Gated Recurrent Unit (GRU), a state-of-the-art recurrent neural network. It takes two representations of missing patterns, i.e., masking and time interval, and effectively incorporates them into a deep model architecture so that it not only captures the long-term temporal dependencies in time series, but also utilizes the missing patterns to achieve better prediction results. Experiments of time series classification tasks on real-world clinical datasets (MIMIC-III, PhysioNet) and synthetic datasets demonstrate that our models achieve state-of-the-art performance and provide useful insights for better understanding and utilization of missing values in time series analysis.",2018,neural,neuroscience,True,,,Scientific Reports,scientific reports,True,openalex,Zhengping Che; Sanjay Purushotham; Kyunghyun Cho; David Sontag; Yan Liu,https://doi.org/10.1038/s41598-018-24271-9,2098,,,,29666385,,,,,,,True,cited_by_count>=1321 (top 10.0%); cited_by_count>=1321 (top 10.0%),10.1038/s41598-018-24271-9,,,False,0.108841725
https://openalex.org/W2794345050,10.1088/1741-2552/aab2f2,A review of classification algorithms for EEG-based brain–computer interfaces: a 10 year update,"OBJECTIVE: Most current electroencephalography (EEG)-based brain-computer interfaces (BCIs) are based on machine learning algorithms. There is a large diversity of classifier types that are used in this field, as described in our 2007 review paper. Now, approximately ten years after this review publication, many new algorithms have been developed and tested to classify EEG signals in BCIs. The time is therefore ripe for an updated review of EEG classification algorithms for BCIs. APPROACH: We surveyed the BCI and machine learning literature from 2007 to 2017 to identify the new classification approaches that have been investigated to design BCIs. We synthesize these studies in order to present such algorithms, to report how they were used for BCIs, what were the outcomes, and to identify their pros and cons. MAIN RESULTS: We found that the recently designed classification algorithms for EEG-based BCIs can be divided into four main categories: adaptive classifiers, matrix and tensor classifiers, transfer learning and deep learning, plus a few other miscellaneous classifiers. Among these, adaptive classifiers were demonstrated to be generally superior to static ones, even with unsupervised adaptation. Transfer learning can also prove useful although the benefits of transfer learning remain unpredictable. Riemannian geometry-based methods have reached state-of-the-art performances on multiple BCI problems and deserve to be explored more thoroughly, along with tensor-based methods. Shrinkage linear discriminant analysis and random forests also appear particularly useful for small training samples settings. On the other hand, deep learning methods have not yet shown convincing improvement over state-of-the-art BCI methods. SIGNIFICANCE: This paper provides a comprehensive overview of the modern classification algorithms used in EEG-based BCIs, presents the principles of these methods and guidelines on when and how to use them. It also identifies a number of challenges to further advance EEG classification in BCI.",2018,brain,neuroscience,False,,,Journal of Neural Engineering,journal of neural engineering,False,openalex,Fabien Lotte; Laurent Bougrain; Andrzej Cichocki; Maureen Clerc; Marco Congedo; Alain Rakotomamonjy; Florian Yger,,2093,,,,29488902,,,,,,,True,cited_by_count>=1321 (top 10.0%); cited_by_count>=1321 (top 10.0%),10.1088/1741-2552/aab2f2,,,False,-0.0040032724
https://openalex.org/W2768753204,10.1109/tie.2017.2774777,A New Convolutional Neural Network-Based Data-Driven Fault Diagnosis Method,"Fault diagnosis is vital in manufacturing system, since early detections on the emerging problem can save invaluable time and cost. With the development of smart manufacturing, the data-driven fault diagnosis becomes a hot topic. However, the traditional data-driven fault diagnosis methods rely on the features extracted by experts. The feature extraction process is an exhausted work and greatly impacts the final result. Deep learning (DL) provides an effective way to extract the features of raw data automatically. Convolutional neural network (CNN) is an effective DL method. In this study, a new CNN based on LeNet-5 is proposed for fault diagnosis. Through a conversion method converting signals into two-dimensional (2-D) images, the proposed method can extract the features of the converted 2-D images and eliminate the effect of handcrafted features. The proposed method which is tested on three famous datasets, including motor bearing dataset, self-priming centrifugal pump dataset, and axial piston hydraulic pump dataset, has achieved prediction accuracy of 99.79%, 99.481%, and 100%, respectively. The results have been compared with other DL and traditional methods, including adaptive deep CNN, sparse filter, deep belief network, and support vector machine. The comparisons show that the proposed CNN-based data-driven fault diagnosis method has achieved significant improvements.",2017,neural,neuroscience,False,,,IEEE Transactions on Industrial Electronics,ieee transactions on industrial electronics,False,openalex,Long Wen; Xinyu Li; Liang Gao; Yuyan Zhang,,2093,,,,,,,,,,,True,cited_by_count>=1321 (top 10.0%); cited_by_count>=1321 (top 10.0%),10.1109/tie.2017.2774777,,,False,-0.015417241
https://openalex.org/W1598796236,10.48550/arxiv.1506.00019,A Critical Review of Recurrent Neural Networks for Sequence Learning,"Countless learning tasks require dealing with sequential data. Image captioning, speech synthesis, and music generation all require that a model produce outputs that are sequences. In other domains, such as time series prediction, video analysis, and musical information retrieval, a model must learn from inputs that are sequences. Interactive tasks, such as translating natural language, engaging in dialogue, and controlling a robot, often demand both capabilities. Recurrent neural networks (RNNs) are connectionist models that capture the dynamics of sequences via cycles in the network of nodes. Unlike standard feedforward neural networks, recurrent networks retain a state that can represent information from an arbitrarily long context window. Although recurrent neural networks have traditionally been difficult to train, and often contain millions of parameters, recent advances in network architectures, optimization techniques, and parallel computation have enabled successful large-scale learning with them. In recent years, systems based on long short-term memory (LSTM) and bidirectional (BRNN) architectures have demonstrated ground-breaking performance on tasks as varied as image captioning, language translation, and handwriting recognition. In this survey, we review and synthesize the research that over the past three decades first yielded and then made practical these powerful learning models. When appropriate, we reconcile conflicting notation and nomenclature. Our goal is to provide a self-contained explication of the state of the art together with a historical perspective and references to primary research.",2015,neural,neuroscience,True,,,arXiv (Cornell University),arxiv (cornell university),True,openalex,Zachary C. Lipton; John Berkowitz; Charles Elkan,http://arxiv.org/abs/1506.00019,2092,,,,,,,,,,,True,cited_by_count>=1321 (top 10.0%); cited_by_count>=1321 (top 10.0%),10.48550/arxiv.1506.00019,,,False,0.00488252
https://openalex.org/W2963188159,10.15607/rss.2018.xiv.019,PoseCNN: A Convolutional Neural Network for 6D Object Pose Estimation in Cluttered Scenes,"Estimating the 6D pose of known objects is important for robots to interact with the real world.The problem is challenging due to the variety of objects as well as the complexity of a scene caused by clutter and occlusions between objects.In this work, we introduce PoseCNN, a new Convolutional Neural Network for 6D object pose estimation.PoseCNN estimates the 3D translation of an object by localizing its center in the image and predicting its distance from the camera.The 3D rotation of the object is estimated by regressing to a quaternion representation.We also introduce a novel loss function that enables PoseCNN to handle symmetric objects.In addition, we contribute a large scale video dataset for 6D object pose estimation named the YCB-Video dataset.Our dataset provides accurate 6D poses of 21 objects from the YCB dataset observed in 92 videos with 133,827 frames.We conduct extensive experiments on our YCB-Video dataset and the OccludedLINEMOD dataset to show that PoseCNN is highly robust to occlusions, can handle symmetric objects, and provide accurate pose estimation using only color images as input.When using depth data to further refine the poses, our approach achieves state-of-the-art results on the challenging OccludedLINEMOD dataset.",2018,neural,neuroscience,True,,,,,,openalex,Xiang Yu; Tanner Schmidt; Venkatraman Narayanan; Dieter Fox,https://doi.org/10.15607/rss.2018.xiv.019,2087,,,,,,,,,,,True,cited_by_count>=1321 (top 10.0%); cited_by_count>=1321 (top 10.0%),10.15607/rss.2018.xiv.019,,,False,-0.011216257
https://openalex.org/W2794444783,10.1038/s41467-018-07090-4,Barren plateaus in quantum neural network training landscapes,"Many experimental proposals for noisy intermediate scale quantum devices involve training a parameterized quantum circuit with a classical optimization loop. Such hybrid quantum-classical algorithms are popular for applications in quantum simulation, optimization, and machine learning. Due to its simplicity and hardware efficiency, random circuits are often proposed as initial guesses for exploring the space of quantum states. We show that the exponential dimension of Hilbert space and the gradient estimation complexity make this choice unsuitable for hybrid quantum-classical algorithms run on more than a few qubits. Specifically, we show that for a wide class of reasonable parameterized quantum circuits, the probability that the gradient along any reasonable direction is non-zero to some fixed precision is exponentially small as a function of the number of qubits. We argue that this is related to the 2-design characteristic of random circuits, and that solutions to this problem must be studied.",2018,neural,neuroscience,True,,,Nature Communications,nature communications,True,openalex,Jarrod R. McClean; Sergio Boixo; Vadim Smelyanskiy; Ryan Babbush; Hartmut Neven,https://doi.org/10.1038/s41467-018-07090-4,2073,,,,30446662,,,,,,,True,cited_by_count>=1321 (top 10.0%); cited_by_count>=1321 (top 10.0%),10.1038/s41467-018-07090-4,,,False,-0.0835678
https://openalex.org/W2034275438,10.1016/j.neuron.2014.12.032,Blood-Brain Barrier Breakdown in the Aging Human Hippocampus,,2015,brain,neuroscience,True,,,Neuron,neuron,False,openalex,Axel Montagne; Samuel Barnes; Melanie D. Sweeney; Matthew R. Halliday; Abhay P. Sagare; Zhen Zhao; Arthur W. Toga; Russell E. Jacobs; Collin Y. Liu; Lilyana Amezcua; Michael G. Harrington; Helena C. Chui; Meng Law; Berislav V. Zloković,https://doi.org/10.1016/j.neuron.2014.12.032,2055,,,,25611508,,,,,,,True,cited_by_count>=1321 (top 10.0%); cited_by_count>=1321 (top 10.0%),10.1016/j.neuron.2014.12.032,,,False,0.018540319
https://openalex.org/W1773565653,10.4324/9780429487354,Attention and Brain Function,"Originally published in 1992, this book presents original psychophysiological research based on computerized techniques of recording and evaluating event-related brain potentials. The application of multichannel magnetoencephalography greatly contributes to exact localization of corresponding neuronal generators responsible for attention. The book contains a bulk of information concerning data obtained by cognitive psychology in the area of study of attention. These results are closely linked with neurophysiological investigation of attention.",2018,brain,neuroscience,False,,,,,,openalex,Näätänen Risto,,2048,,,,,,,,,,,True,cited_by_count>=1321 (top 10.0%); cited_by_count>=1321 (top 10.0%),10.4324/9780429487354,,,False,0.095593855
https://openalex.org/W2604847698,10.1145/3209978.3210006,Modeling Long- and Short-Term Temporal Patterns with Deep Neural Networks,"Multivariate time series forecasting is an important machine learning problem across many domains, including predictions of solar plant energy output, electricity consumption, and traffic jam situation. Temporal data arise in these real-world applications often involves a mixture of long-term and short-term patterns, for which traditional approaches such as Autoregressive models and Gaussian Process may fail. In this paper, we proposed a novel deep learning framework, namely Long- and Short-term Time-series network (LSTNet), to address this open challenge. LSTNet uses the Convolution Neural Network (CNN) and the Recurrent Neural Network (RNN) to extract short-term local dependency patterns among variables and to discover long-term patterns for time series trends. Furthermore, we leverage traditional autoregressive model to tackle the scale insensitive problem of the neural network model. In our evaluation on real-world data with complex mixtures of repetitive patterns, LSTNet achieved significant performance improvements over that of several state-of-the-art baseline methods. All the data and experiment codes are available online.",2018,neural,neuroscience,False,,,,,,openalex,Guokun Lai; Wei-Cheng Chang; Yiming Yang; Hanxiao Liu,,2034,,,,,,,,,,,True,cited_by_count>=1321 (top 10.0%); cited_by_count>=1321 (top 10.0%),10.1145/3209978.3210006,,,False,0.05841829
https://openalex.org/W4386047745,10.1109/cvpr52729.2023.01157,"Run, Don't Walk: Chasing Higher FLOPS for Faster Neural Networks","To design fast neural networks, many works have been focusing on reducing the number of floating-point operations (FLOPs). We observe that such reduction in FLOPs, however, does not necessarily lead to a similar level of re-duction in latency. This mainly stems from inefficiently low floating-point operations per second (FLOPS). To achieve faster networks, we revisit popular operators and demonstrate that such low FLOPS is mainly due to frequent memory access of the operators, especially the depthwise con-volution. We hence propose a novel partial convolution (PConv) that extracts spatial features more efficiently, by cutting down redundant computation and memory access simultaneously. Building upon our PConv, we further propose FasterNet, a new family of neural networks, which attains substantially higher running speed than others on a wide range of devices, without compromising on accuracy for various vision tasks. For example, on ImageNet-lk, our tiny FasterNet-TO is 2.8×, 3.3×, and 2.4× faster than MobileViT-XXS on GPU, CPU, and ARM processors, respectively, while being 2.9% more accurate. Our large FasterNet-L achieves impressive 83.5% top-1 accuracy, on par with the emerging Swin-B, while having 36% higher inference throughput on GPU, as well as saving 37% compute time on CPU. Code is available at https://github.com/JierunChen/FasterNet.",2023,neural,neuroscience,False,,,,,,openalex,Jierun Chen; Shiu-hong Kao; Hao He; Weipeng Zhuo; Wen Song; Chul‐Ho Lee; S.-H. Gary Chan,,2033,https://github.com/JierunChen/FasterNet.,,,,https://github.com/JierunChen/FasterNet.,https://github.com/JierunChen/FasterNet.,,,,,True,cited_by_count>=1321 (top 10.0%); cited_by_count>=1321 (top 10.0%),10.1109/cvpr52729.2023.01157,,,False,-0.044347774
https://openalex.org/W2340656051,10.1126/science.aap8757,Analysis of shared heritability in common disorders of the brain,"Disorders of the brain can exhibit considerable epidemiological comorbidity and often share symptoms, provoking debate about their etiologic overlap. We quantified the genetic sharing of 25 brain disorders from genome-wide association studies of 265,218 patients and 784,643 control participants and assessed their relationship to 17 phenotypes from 1,191,588 individuals. Psychiatric disorders share common variant risk, whereas neurological disorders appear more distinct from one another and from the psychiatric disorders. We also identified significant sharing between disorders and a number of brain phenotypes, including cognitive measures. Further, we conducted simulations to explore how statistical power, diagnostic misclassification, and phenotypic heterogeneity affect genetic correlations. These results highlight the importance of common genetic variation as a risk factor for brain disorders and the value of heritability-based methods in understanding their etiology.",2018,brain,neuroscience,True,,,Science,science,False,openalex,Verneri Anttila; Brendan Bulik‐Sullivan; Hilary K. Finucane; Raymond K. Walters; José Brás; Laramie E. Duncan; Valentina Escott‐Price; Guido J. Falcone; Padhraig Gormley; Rainer Malik; Nikolaos A. Patsopoulos; Stephan Ripke; Zhi Wei; Dongmei Yu; Phil H. Lee; Patrick Turley; Benjamin Grenier‐Boley; Vincent Chouraki; Yoichiro Kamatani; Claudine Berr; Luc Letenneur; Didier Hannequin; Philippe Amouyel; Anne Boland; Jean‐François Deleuze; Emmanuelle Duron; Badri N. Vardarajan; Christiane Reitz; Alison Goate; Matthew J. Huentelman; M. Ilyas Kamboh; Eric B. Larson; Ekaterina Rogaeva; Peter St George‐Hyslop; Håkon Håkonarson; Walter A. Kukull; Lindsay A. Farrer; Lisa L. Barnes; Thomas G. Beach; F. Yesim Demirci; Elizabeth Head; Christine M. Hulette; Gregory A. Jicha; John S.K. Kauwe; Jeffrey A. Kaye; James B. Leverenz; Allan I. Levey; Andrew P. Lieberman; V. Shane Pankratz; Wayne W. Poon; Joseph F. Quinn; Andrew J. Saykin; Lon S. Schneider; Amanda Smith; Joshua A. Sonnen; Robert A. Stern; Vivianna M. Van Deerlin; Linda J. Van Eldik; Denise Harold; Giancarlo Russo; David C. Rubinsztein; Anthony Bayer; Magda Tsolaki; Petra Proitsi; Nick C. Fox; Harald Hampel; Michael J. Owen; Simon Mead; Peter Passmore; Kevin Morgan; Markus M. Nöthen; Jonathan M. Schott; Martin N. Rossor; Michelle K. Lupton; Per Hoffmann; Johannes Kornhuber; Brian Lawlor; Andrew McQuillin; Ammar Al‐Chalabi; Joshua C Bis; Agustı́n Ruiz; Merçé Boada; Sudha Seshadri; Alexa Beiser; Kenneth Rice; Sven J. van der Lee; Philip L. De Jager; Daniel H. Geschwind; Matthias Riemenschneider; Steffi G. Riedel‐Heller; Jerome I. Rotter; Gerhard Ransmayr; Bradley T. Hyman; Carlos Cruchaga; Montserrat Alegret; Bendik S. Winsvold; Priit Palta; Kai-How Farh; Ester Cuenca-León; Nicholas A. Furlotte,https://cris.maastrichtuniversity.nl/en/publications/5010f792-0a38-42cd-a549-dea6c307561a,2021,,,,29930110,,,,,,,True,cited_by_count>=1321 (top 10.0%); cited_by_count>=1321 (top 10.0%),10.1126/science.aap8757,,,False,0.10605864
https://openalex.org/W3094330590,10.1038/s41579-020-00460-0,The gut microbiota–brain axis in behaviour and brain disorders,,2020,brain,neuroscience,False,,,Nature Reviews Microbiology,nature reviews microbiology,False,openalex,Lívia H. Morais; Henry L. Schreiber; Sarkis K. Mazmanian,,2017,,,,33093662,,,,,,,True,cited_by_count>=1321 (top 10.0%); cited_by_count>=1321 (top 10.0%),10.1038/s41579-020-00460-0,,,False,0.0523737
https://openalex.org/W2963206148,10.18653/v1/n16-1014,A Diversity-Promoting Objective Function for Neural Conversation Models,"Jiwei Li, Michel Galley, Chris Brockett, Jianfeng Gao, Bill Dolan. Proceedings of the 2016 Conference of the North American Chapter of the Association for Computational Linguistics: Human Language Technologies. 2016.",2016,neural,neuroscience,True,,,,,,openalex,Jiwei Li; Michel Galley; Chris Brockett; Jianfeng Gao; Bill Dolan,https://doi.org/10.18653/v1/n16-1014,2015,,,,,,,,,,,True,cited_by_count>=1321 (top 10.0%); cited_by_count>=1321 (top 10.0%),10.18653/v1/n16-1014,,,False,-0.0485589
https://openalex.org/W2541404351,10.1039/c6sc05720a,ANI-1: an extensible neural network potential with DFT accuracy at force field computational cost,"Deep learning is revolutionizing many areas of science and technology, especially image, text, and speech recognition. In this paper, we demonstrate how a deep neural network (NN) trained on quantum mechanical (QM) DFT calculations can learn an accurate and transferable potential for organic molecules. We introduce ANAKIN-ME (Accurate NeurAl networK engINe for Molecular Energies) or ANI for short. ANI is a new method designed with the intent of developing transferable neural network potentials that utilize a highly-modified version of the Behler and Parrinello symmetry functions to build single-atom atomic environment vectors (AEV) as a molecular representation. AEVs provide the ability to train neural networks to data that spans both configurational and conformational space, a feat not previously accomplished on this scale. We utilized ANI to build a potential called ANI-1, which was trained on a subset of the GDB databases with up to 8 heavy atoms in order to predict total energies for organic molecules containing four atom types: H, C, N, and O. To obtain an accelerated but physically relevant sampling of molecular potential surfaces, we also proposed a Normal Mode Sampling (NMS) method for generating molecular conformations. Through a series of case studies, we show that ANI-1 is chemically accurate compared to reference DFT calculations on much larger molecular systems (up to 54 atoms) than those included in the training data set.",2017,neural,neuroscience,True,,,Chemical Science,chemical science,True,openalex,Justin S. Smith; Olexandr Isayev; Adrián E. Roitberg,https://doi.org/10.1039/c6sc05720a,2013,,,,28507695,,,,,,,True,cited_by_count>=1321 (top 10.0%); cited_by_count>=1321 (top 10.0%),10.1039/c6sc05720a,,,False,0.11991112
https://openalex.org/W2551393996,10.1109/ijcnn.2017.7966039,Time series classification from scratch with deep neural networks: A strong baseline,"We propose a simple but strong baseline for time series classification from scratch with deep neural networks. Our proposed baseline models are pure end-to-end without any heavy preprocessing on the raw data or feature crafting. The proposed Fully Convolutional Network (FCN) achieves premium performance to other state-of-the-art approaches and our exploration of the very deep neural networks with the ResNet structure is also competitive. The global average pooling in our convolutional model enables the exploitation of the Class Activation Map (CAM) to find out the contributing region in the raw data for the specific labels. Our models provides a simple choice for the real world application and a good starting point for the future research. An overall analysis is provided to discuss the generalization capability of our models, learned features, network structures and the classification semantics.",2017,neural,neuroscience,False,,,,,,openalex,Zhiguang Wang; Weizhong Yan; Tim Oates,,2007,,,,,,,,,,,True,cited_by_count>=1321 (top 10.0%); cited_by_count>=1321 (top 10.0%),10.1109/ijcnn.2017.7966039,,,False,0.15417628
https://openalex.org/W2769071992,10.1038/nri.2017.125,Microglia and macrophages in brain homeostasis and disease,,2017,brain,neuroscience,False,,,Nature reviews. Immunology,nature reviews. immunology,False,openalex,Qingyun Li; Ben A. Barres,,2000,,,,29151590,,,,,,,True,cited_by_count>=1321 (top 10.0%); cited_by_count>=1321 (top 10.0%),10.1038/nri.2017.125,,,False,0.037951868
https://openalex.org/W4220838968,10.1038/s41586-022-04492-9,Reproducible brain-wide association studies require thousands of individuals,"Abstract Magnetic resonance imaging (MRI) has transformed our understanding of the human brain through well-replicated mapping of abilities to specific structures (for example, lesion studies) and functions 1–3 (for example, task functional MRI (fMRI)). Mental health research and care have yet to realize similar advances from MRI. A primary challenge has been replicating associations between inter-individual differences in brain structure or function and complex cognitive or mental health phenotypes (brain-wide association studies (BWAS)). Such BWAS have typically relied on sample sizes appropriate for classical brain mapping 4 (the median neuroimaging study sample size is about 25), but potentially too small for capturing reproducible brain–behavioural phenotype associations 5,6 . Here we used three of the largest neuroimaging datasets currently available—with a total sample size of around 50,000 individuals—to quantify BWAS effect sizes and reproducibility as a function of sample size. BWAS associations were smaller than previously thought, resulting in statistically underpowered studies, inflated effect sizes and replication failures at typical sample sizes. As sample sizes grew into the thousands, replication rates began to improve and effect size inflation decreased. More robust BWAS effects were detected for functional MRI (versus structural), cognitive tests (versus mental health questionnaires) and multivariate methods (versus univariate). Smaller than expected brain–phenotype associations and variability across population subsamples can explain widespread BWAS replication failures. In contrast to non-BWAS approaches with larger effects (for example, lesions, interventions and within-person), BWAS reproducibility requires samples with thousands of individuals.",2022,brain,neuroscience,True,,,Nature,nature,False,openalex,Scott Marek; Brenden Tervo‐Clemmens; Finnegan J. Calabro; David F. Montez; Benjamin P. Kay; Alexander S. Hatoum; Meghan Rose Donohue; William Foran; Ryland L. Miller; Timothy Hendrickson; Stephen M. Malone; Sridhar Kandala; Eric Feczko; Óscar Miranda-Domínguez; Alice M. Graham; Eric Earl; Anders Perrone; Michaela Cordova; Olivia Doyle; Lucille A. Moore; Greg Conan; Johnny Uriarte; Kathy Snider; Benjamin J. Lynch; James C. Wilgenbusch; Thomas Pengo; Angela Tam; Jianzhong Chen; Dillan J. Newbold; Annie Zheng; Nicole A. Seider; Andrew N. Van; Athanasia Metoki; Roselyne J. Chauvin; Timothy O. Laumann; Deanna J. Greene; Steven E. Petersen; Hugh Garavan; Wesley K. Thompson; Thomas E. Nichols; B.T. Thomas Yeo; Deanna M. Barch; Beatríz Luna; Damien A. Fair; Nico U.F. Dosenbach,https://doi.org/10.1038/s41586-022-04492-9,1997,,,,35296861,,,,,,,True,cited_by_count>=1321 (top 10.0%); cited_by_count>=1321 (top 10.0%),10.1038/s41586-022-04492-9,,,False,0.08756434
https://openalex.org/W2786318872,10.1038/nature25739,A molecular atlas of cell types and zonation in the brain vasculature,,2018,brain,neuroscience,True,,,Nature,nature,False,openalex,Michael Vanlandewijck; Liqun He; Maarja Andaloussi Mäe; Johanna Andræ; Koji Ando; Francesca Del Gaudio; Khayrun Nahar; Thibaud Lebouvier; Bàrbara Laviña; Leonor Gouveia; Ying Sun; Elisabeth Raschperger; Markus Räsänen; Yvette Zarb; Naoki Mochizuki; Annika Keller; Urban Lendahl; Christer Betsholtz,http://hdl.handle.net/10138/301079,1978,,,,29443965,,,,,,,True,cited_by_count>=1321 (top 10.0%); cited_by_count>=1321 (top 10.0%),10.1038/nature25739,,,False,0.065893956
https://openalex.org/W2963821229,10.1007/978-3-030-01246-5_2,Progressive Neural Architecture Search,,2018,neural,neuroscience,False,,,Lecture notes in computer science,lecture notes in computer science,False,openalex,Chenxi Liu; Barret Zoph; Maxim Neumann; Jonathon Shlens; Hua Wei; Li-Jia Li; Li Fei-Fei; Alan Yuille; Jonathan Huang; Kevin Murphy,,1975,,,,,,,,,,,True,cited_by_count>=1321 (top 10.0%); cited_by_count>=1321 (top 10.0%),10.1007/978-3-030-01246-5_2,,,False,0.022997582
https://openalex.org/W2752796333,,Neural Discrete Representation Learning.,"Learning useful representations without supervision remains a key challenge in machine learning. In this paper, we propose a simple yet powerful generative model that learns such discrete representations. Our model, the Vector Quantised-Variational AutoEncoder (VQ-VAE), differs from VAEs in two key ways: the encoder network outputs discrete, rather than continuous, codes; and the prior is learnt rather than static. In order to learn a discrete latent representation, we incorporate ideas from vector quantisation (VQ). Using the VQ method allows the model to circumvent issues of posterior collapse -- where the latents are ignored when they are paired with a powerful autoregressive decoder -- typically observed in the VAE framework. Pairing these representations with an autoregressive prior, the model can generate high quality images, videos, and speech as well as doing high quality speaker conversion and unsupervised learning of phonemes, providing further evidence of the utility of the learnt representations.",2017,neural,neuroscience,True,,,arXiv (Cornell University),arxiv (cornell university),True,openalex,Aäron van den Oord; Oriol Vinyals; Koray Kavukcuoglu,http://export.arxiv.org/pdf/1711.00937,1969,,,,,,,,,,,True,cited_by_count>=1321 (top 10.0%); cited_by_count>=1321 (top 10.0%),,,,False,-0.09688388
https://openalex.org/W2903325146,10.1016/s1474-4422(18)30415-0,"Global, regional, and national burden of traumatic brain injury and spinal cord injury, 1990–2016: a systematic analysis for the Global Burden of Disease Study 2016","BACKGROUND: Traumatic brain injury (TBI) and spinal cord injury (SCI) are increasingly recognised as global health priorities in view of the preventability of most injuries and the complex and expensive medical care they necessitate. We aimed to measure the incidence, prevalence, and years of life lived with disability (YLDs) for TBI and SCI from all causes of injury in every country, to describe how these measures have changed between 1990 and 2016, and to estimate the proportion of TBI and SCI cases caused by different types of injury. METHODS: We used results from the Global Burden of Diseases, Injuries, and Risk Factors (GBD) Study 2016 to measure the global, regional, and national burden of TBI and SCI by age and sex. We measured the incidence and prevalence of all causes of injury requiring medical care in inpatient and outpatient records, literature studies, and survey data. By use of clinical record data, we estimated the proportion of each cause of injury that required medical care that would result in TBI or SCI being considered as the nature of injury. We used literature studies to establish standardised mortality ratios and applied differential equations to convert incidence to prevalence of long-term disability. Finally, we applied GBD disability weights to calculate YLDs. We used a Bayesian meta-regression tool for epidemiological modelling, used cause-specific mortality rates for non-fatal estimation, and adjusted our results for disability experienced with comorbid conditions. We also analysed results on the basis of the Socio-demographic Index, a compound measure of income per capita, education, and fertility. FINDINGS: In 2016, there were 27·08 million (95% uncertainty interval [UI] 24·30-30·30 million) new cases of TBI and 0·93 million (0·78-1·16 million) new cases of SCI, with age-standardised incidence rates of 369 (331-412) per 100 000 population for TBI and 13 (11-16) per 100 000 for SCI. In 2016, the number of prevalent cases of TBI was 55·50 million (53·40-57·62 million) and of SCI was 27·04 million (24·98-30·15 million). From 1990 to 2016, the age-standardised prevalence of TBI increased by 8·4% (95% UI 7·7 to 9·2), whereas that of SCI did not change significantly (-0·2% [-2·1 to 2·7]). Age-standardised incidence rates increased by 3·6% (1·8 to 5·5) for TBI, but did not change significantly for SCI (-3·6% [-7·4 to 4·0]). TBI caused 8·1 million (95% UI 6·0-10·4 million) YLDs and SCI caused 9·5 million (6·7-12·4 million) YLDs in 2016, corresponding to age-standardised rates of 111 (82-141) per 100 000 for TBI and 130 (90-170) per 100 000 for SCI. Falls and road injuries were the leading causes of new cases of TBI and SCI in most regions. INTERPRETATION: TBI and SCI constitute a considerable portion of the global injury burden and are caused primarily by falls and road injuries. The increase in incidence of TBI over time might continue in view of increases in population density, population ageing, and increasing use of motor vehicles, motorcycles, and bicycles. The number of individuals living with SCI is expected to increase in view of population growth, which is concerning because of the specialised care that people with SCI can require. Our study was limited by data sparsity in some regions, and it will be important to invest greater resources in collection of data for TBI and SCI to improve the accuracy of future assessments. FUNDING: Bill & Melinda Gates Foundation.",2018,brain,neuroscience,True,,,The Lancet Neurology,the lancet neurology,False,openalex,Spencer L James; Alice Theadom; Richard G. Ellenbogen; Marlena S. Bannick; Wcliff Montjoy-Venning; Lydia R Lucchesi; Nooshin Abbasi; Rizwan Suliankatchi Abdulkader; Haftom Niguse Abraha; José Carmelo Adsuar; Mohsen Afarideh; Sutapa Agrawal; Alireza Ahmadi; Muktar Beshir Ahmed; Amani Nidhal Aichour; Ibtihel Aichour; Miloud Taki Eddine Aichour; Rufus Akinyemi; Nadia Akseer; Fares Alahdab; Animut Alebel; Suliman Alghnam; Beriwan Abdulqadir Ali; Ubai Alsharif; Khalid A Altirkawi; Cătălina Liliana Andrei; Mina Anjomshoa; Hossein Ansari; Mustafa Geleto Ansha; Carl Abelardo T. Antonio; Seth Christopher Yaw Appiah; Filippo Ariani; Nigus Gebremedhin Asefa; Solomon Weldegebreal Asgedom; Suleman Atique; Ashish Awasthi; Beatriz Paulina Ayala Quintanilla; Ayuk Betrand Tambe; Peter Azzopardi; Hamid Badali; Alaa Badawi; Shivanthi Balalla; Amrit Banstola; Suzanne Barker‐Collo; Till Bärnighausen; Neeraj Bedi; Masoud Behzadifar; Meysam Behzadifar; Bayu Begashaw Bekele; Abate Bekele Belachew; Yihalem Abebe Belay; Derrick Bennett; Isabela M. Benseñor; Adugnaw Berhane; Mircea Beuran; Ashish Bhalla; Soumyadeeep Bhaumik; Zulfiqar A Bhutta; Belete Biadgo; Marco Biffino; Ali Bijani; Nigus Bililign; Charles Birungi; Soufiane Boufous; Alexandra Bražinová; Allen W. Brown; Mate Car; Rosario Cárdenas; Juan Jesús Carrero; Félix Carvalho; Carlos A Castañeda-Orjuela; Ferrán Catalá-López; Yazan Chaiah; Ana Paula Silva Champs; Jung‐Chen Chang; Jee-Young Jasmine Choi; Devasahayam Jesudas Christopher; Cyrus Cooper; Christopher S. Crowe; Lalit Dandona; Rakhi Dandona; Ahmad Daryani; Dragoş Virgil Daviţoiu; Meaza Girma Degefa; Gebre Teklemariam Demoz; Kebede Deribe; Shirin Djalalinia; Huyen Phuc; David Teye Doku; Thomas M Drake; Manisha Dubey; Eleonora Dubljanin; Ziad El‐Khatib; Richard Ofori‐Asenso; Sharareh Eskandarieh; Alireza Esteghamati; Sadaf Esteghamati; André Faro; Farshad Farzadfar; Mohammad Hosein Farzaei,https://doi.org/10.1016/s1474-4422(18)30415-0,1964,,,,30497965,,,,,,,True,cited_by_count>=1321 (top 10.0%); cited_by_count>=1321 (top 10.0%),10.1016/s1474-4422(18)30415-0,,,False,0.0876453
https://openalex.org/W1950788856,10.1109/cvpr.2015.7298714,Hierarchical recurrent neural network for skeleton based action recognition,"Human actions can be represented by the trajectories of skeleton joints. Traditional methods generally model the spatial structure and temporal dynamics of human skeleton with hand-crafted features and recognize human actions by well-designed classifiers. In this paper, considering that recurrent neural network (RNN) can model the long-term contextual information of temporal sequences well, we propose an end-to-end hierarchical RNN for skeleton based action recognition. Instead of taking the whole skeleton as the input, we divide the human skeleton into five parts according to human physical structure, and then separately feed them to five subnets. As the number of layers increases, the representations extracted by the subnets are hierarchically fused to be the inputs of higher layers. The final representations of the skeleton sequences are fed into a single-layer perceptron, and the temporally accumulated output of the perceptron is the final decision. We compare with five other deep RNN architectures derived from our model to verify the effectiveness of the proposed network, and also compare with several other methods on three publicly available datasets. Experimental results demonstrate that our model achieves the state-of-the-art performance with high computational efficiency.",2015,neural,neuroscience,False,,,,,,openalex,Y. Du; Wei Wang; Liang Wang,,1960,,,,,,,,,,,True,cited_by_count>=1321 (top 10.0%); cited_by_count>=1321 (top 10.0%),10.1109/cvpr.2015.7298714,,,False,0.03819744
https://openalex.org/W4211220688,10.1093/neuonc/noaa200,CBTRUS Statistical Report: Primary Brain and Other Central Nervous System Tumors Diagnosed in the United States in 2013–2017,"The Central Brain Tumor Registry of the United States (CBTRUS), in collaboration with the Centers for Disease Control (CDC) and National Cancer Institute (NCI), is the largest population-based registry focused exclusively on primary brain and other central nervous system (CNS) tumors in the United States (US) and represents the entire US population. This report contains the most up-to-date population-based data on primary brain tumors (malignant and non-malignant) and supersedes all previous CBTRUS reports in terms of completeness and accuracy. All rates (incidence and mortality) are age-adjusted using the 2000 US standard population and presented per 100,000 population. The average annual age-adjusted incidence rate (AAAIR) of all malignant and non-malignant brain and other CNS tumors was 23.79 (Malignant AAAIR=7.08, non-Malignant AAAIR=16.71). This rate was higher in females compared to males (26.31 versus 21.09), Blacks compared to Whites (23.88 versus 23.83), and non-Hispanics compared to Hispanics (24.23 versus 21.48). The most commonly occurring malignant brain and other CNS tumor was glioblastoma (14.5% of all tumors), and the most common non-malignant tumor was meningioma (38.3% of all tumors). Glioblastoma was more common in males, and meningioma was more common in females. In children and adolescents (age 0-19 years), the incidence rate of all primary brain and other CNS tumors was 6.14. An estimated 83,830 new cases of malignant and non-malignant brain and other CNS tumors are expected to be diagnosed in the US in 2020 (24,970 malignant and 58,860 non-malignant). There were 81,246 deaths attributed to malignant brain and other CNS tumors between 2013 and 2017. This represents an average annual mortality rate of 4.42. The 5-year relative survival rate following diagnosis of a malignant brain and other CNS tumor was 23.5% and for a non-malignant brain and other CNS tumor was 82.4%.",2020,brain,neuroscience,True,,,Neuro-Oncology,neuro-oncology,False,openalex,Quinn T. Ostrom; Nirav Patil; Gino Cioffi; Kristin Waite; Carol Kruchko; Jill S. Barnholtz‐Sloan,https://doi.org/10.1093/neuonc/noaa200,1957,,,,33123732,,,,,,,True,cited_by_count>=1321 (top 10.0%); cited_by_count>=1321 (top 10.0%),10.1093/neuonc/noaa200,,,False,0.06035641
https://openalex.org/W2556590024,10.1038/nrn.2016.150,The neural and computational bases of semantic cognition,,2016,neural,neuroscience,True,,,Nature reviews. Neuroscience,nature reviews. neuroscience,False,openalex,Matthew A. Lambon Ralph; Elizabeth Jefferies; Karalyn Patterson; Timothy T. Rogers,https://research.manchester.ac.uk/en/publications/59ce11b3-fb04-495b-a51a-0ed39f550bc1,1955,,,,27881854,,,,,,,True,cited_by_count>=1321 (top 10.0%); cited_by_count>=1321 (top 10.0%),10.1038/nrn.2016.150,,,False,-0.011381213
https://openalex.org/W2964233199,10.1109/iccv.2017.541,ThiNet: A Filter Level Pruning Method for Deep Neural Network Compression,"We propose an efficient and unified framework, namely ThiNet, to simultaneously accelerate and compress CNN models in both training and inference stages. We focus on the filter level pruning, i.e., the whole filter would be discarded if it is less important. Our method does not change the original network structure, thus it can be perfectly supported by any off-the-shelf deep learning libraries. We formally establish filter pruning as an optimization problem, and reveal that we need to prune filters based on statistics information computed from its next layer, not the current layer, which differentiates ThiNet from existing methods. Experimental results demonstrate the effectiveness of this strategy, which has advanced the state-of-the-art. We also show the performance of ThiNet on ILSVRC-12 benchmark. ThiNet achieves 3.31 x FLOPs reduction and 16.63× compression on VGG-16, with only 0.52% top-5 accuracy drop. Similar experiments with ResNet-50 reveal that even for a compact network, ThiNet can also reduce more than half of the parameters and FLOPs, at the cost of roughly 1% top-5 accuracy drop. Moreover, the original VGG-16 model can be further pruned into a very small model with only 5.05MB model size, preserving AlexNet level accuracy but showing much stronger generalization ability.",2017,neural,neuroscience,False,,,,,,openalex,Jian-Hao Luo; Jianxin Wu; Weiyao Lin,,1955,,,,,,,,,,,True,cited_by_count>=1321 (top 10.0%); cited_by_count>=1321 (top 10.0%),10.1109/iccv.2017.541,,,False,-0.013656285
https://openalex.org/W2762776925,10.1109/access.2017.2762418,A Deep Learning Approach for Intrusion Detection Using Recurrent Neural Networks,"Intrusion detection plays an important role in ensuring information security, and the key technology is to accurately identify various attacks in the network. In this paper, we explore how to model an intrusion detection system based on deep learning, and we propose a deep learning approach for intrusion detection using recurrent neural networks (RNN-IDS). Moreover, we study the performance of the model in binary classification and multiclass classification, and the number of neurons and different learning rate impacts on the performance of the proposed model. We compare it with those of J48, artificial neural network, random forest, support vector machine, and other machine learning methods proposed by previous researchers on the benchmark data set. The experimental results show that RNN-IDS is very suitable for modeling a classification model with high accuracy and that its performance is superior to that of traditional machine learning classification methods in both binary and multiclass classification. The RNN-IDS model improves the accuracy of the intrusion detection and provides a new research method for intrusion detection.",2017,neural,neuroscience,True,,,IEEE Access,ieee access,True,openalex,Chuanlong Yin; Yuefei Zhu; Jinlong Fei; Xinzheng He,https://doi.org/10.1109/access.2017.2762418,1954,,,,,,,,,,,True,cited_by_count>=1321 (top 10.0%); cited_by_count>=1321 (top 10.0%),10.1109/access.2017.2762418,,,False,0.015248422
https://openalex.org/W3023371261,10.1109/tpami.2020.2992393,Self-Supervised Visual Feature Learning With Deep Neural Networks: A Survey,"Large-scale labeled data are generally required to train deep neural networks in order to obtain better performance in visual feature learning from images or videos for computer vision applications. To avoid extensive cost of collecting and annotating large-scale datasets, as a subset of unsupervised learning methods, self-supervised learning methods are proposed to learn general image and video features from large-scale unlabeled data without using any human-annotated labels. This paper provides an extensive review of deep learning-based self-supervised general visual feature learning methods from images or videos. First, the motivation, general pipeline, and terminologies of this field are described. Then the common deep neural network architectures that used for self-supervised learning are summarized. Next, the schema and evaluation metrics of self-supervised learning methods are reviewed followed by the commonly used datasets for images, videos, audios, and 3D data, as well as the existing self-supervised visual feature learning methods. Finally, quantitative performance comparisons of the reviewed methods on benchmark datasets are summarized and discussed for both image and video feature learning. At last, this paper is concluded and lists a set of promising future directions for self-supervised visual feature learning.",2020,neural,neuroscience,False,,,IEEE Transactions on Pattern Analysis and Machine Intelligence,ieee transactions on pattern analysis and machine intelligence,False,openalex,Longlong Jing; Yingli Tian,,1928,,,,32386141,,,,,,,True,cited_by_count>=1321 (top 10.0%); cited_by_count>=1321 (top 10.0%),10.1109/tpami.2020.2992393,,,False,-0.033540238
https://openalex.org/W2963799213,10.48550/arxiv.1711.00937,Neural Discrete Representation Learning,"Learning useful representations without supervision remains a key challenge in machine learning. In this paper, we propose a simple yet powerful generative model that learns such discrete representations. Our model, the Vector Quantised-Variational AutoEncoder (VQ-VAE), differs from VAEs in two key ways: the encoder network outputs discrete, rather than continuous, codes; and the prior is learnt rather than static. In order to learn a discrete latent representation, we incorporate ideas from vector quantisation (VQ). Using the VQ method allows the model to circumvent issues of ""posterior collapse"" -- where the latents are ignored when they are paired with a powerful autoregressive decoder -- typically observed in the VAE framework. Pairing these representations with an autoregressive prior, the model can generate high quality images, videos, and speech as well as doing high quality speaker conversion and unsupervised learning of phonemes, providing further evidence of the utility of the learnt representations.",2017,neural,neuroscience,True,,,arXiv (Cornell University),arxiv (cornell university),True,openalex,Aäron van den Oord; Oriol Vinyals; Koray Kavukcuoglu,http://arxiv.org/abs/1711.00937,1925,,,,,,,,,,,True,cited_by_count>=1321 (top 10.0%); cited_by_count>=1321 (top 10.0%),10.48550/arxiv.1711.00937,,,False,-0.09851061
https://openalex.org/W2470368200,10.1155/2016/3289801,Deep Neural Networks Based Recognition of Plant Diseases by Leaf Image Classification,"The latest generation of convolutional neural networks (CNNs) has achieved impressive results in the field of image classification. This paper is concerned with a new approach to the development of plant disease recognition model, based on leaf image classification, by the use of deep convolutional networks. Novel way of training and the methodology used facilitate a quick and easy system implementation in practice. The developed model is able to recognize 13 different types of plant diseases out of healthy leaves, with the ability to distinguish plant leaves from their surroundings. According to our knowledge, this method for plant disease recognition has been proposed for the first time. All essential steps required for implementing this disease recognition model are fully described throughout the paper, starting from gathering images in order to create a database, assessed by agricultural experts. Caffe, a deep learning framework developed by Berkley Vision and Learning Centre, was used to perform the deep CNN training. The experimental results on the developed model achieved precision between 91% and 98%, for separate class tests, on average 96.3%.",2016,neural,neuroscience,True,,,Computational Intelligence and Neuroscience,computational intelligence and neuroscience,False,openalex,Srdjan Sladojević; Marko Arsenović; Andraš Anderla; Dubravko Ćulibrk; Darko Stefanović,https://doi.org/10.1155/2016/3289801,1903,,,,27418923,,,,,,,True,cited_by_count>=1321 (top 10.0%); cited_by_count>=1321 (top 10.0%),10.1155/2016/3289801,,,False,0.07134777
https://openalex.org/W2914721378,10.1145/3308558.3313488,Graph Neural Networks for Social Recommendation,"In recent years, Graph Neural Networks (GNNs), which can naturally integrate node information and topological structure, have been demonstrated to be powerful in learning on graph data. These advantages of GNNs provide great potential to advance social recommendation since data in social recommender systems can be represented as user-user social graph and user-item graph; and learning latent factors of users and items is the key. However, building social recommender systems based on GNNs faces challenges. For example, the user-item graph encodes both interactions and their associated opinions; social relations have heterogeneous strengths; users involve in two graphs (e.g., the user-user social graph and the user-item graph). To address the three aforementioned challenges simultaneously, in this paper, we present a novel graph neural network framework (GraphRec) for social recommendations. In particular, we provide a principled approach to jointly capture interactions and opinions in the user-item graph and propose the framework GraphRec, which coherently models two graphs and heterogeneous strengths. Extensive experiments on two real-world datasets demonstrate the effectiveness of the proposed framework GraphRec.",2019,neural,neuroscience,True,,,,,,openalex,Wenqi Fan; Yao Ma; Qing Li; Yuan He; Eric Zhao; Jiliang Tang; Dawei Yin,https://doi.org/10.1145/3308558.3313488,1901,,,,,,,,,,,True,cited_by_count>=1321 (top 10.0%); cited_by_count>=1321 (top 10.0%),10.1145/3308558.3313488,,,False,-0.027855437
https://openalex.org/W2951103577,10.1038/sdata.2016.44,"The brain imaging data structure, a format for organizing and describing outputs of neuroimaging experiments","The development of magnetic resonance imaging (MRI) techniques has defined modern neuroimaging. Since its inception, tens of thousands of studies using techniques such as functional MRI and diffusion weighted imaging have allowed for the non-invasive study of the brain. Despite the fact that MRI is routinely used to obtain data for neuroscience research, there has been no widely adopted standard for organizing and describing the data collected in an imaging experiment. This renders sharing and reusing data (within or between labs) difficult if not impossible and unnecessarily complicates the application of automatic pipelines and quality assurance protocols. To solve this problem, we have developed the Brain Imaging Data Structure (BIDS), a standard for organizing and describing MRI datasets. The BIDS standard uses file formats compatible with existing software, unifies the majority of practices already common in the field, and captures the metadata necessary for most common data processing operations.",2016,brain,neuroscience,True,,,Scientific Data,scientific data,True,openalex,Krzysztof J. Gorgolewski; Tibor Auer; Vince D. Calhoun; R. Cameron Craddock; Samir Das; Eugene Duff; Guillaume Flandin; Satrajit Ghosh; Tristan Glatard; Yaroslav O. Halchenko; Daniel A. Handwerker; Michael Hanke; David B. Keator; Xiangrui Li; Zachary Michael; Camille Maumet; B. Nolan Nichols; Thomas E. Nichols; John Pellman; Jean‐Baptiste Poline; Ariel Rokem; Gunnar Schaefer; Vanessa Sochat; William Triplett; Jessica A. Turner; Gaël Varoquaux; Russell A. Poldrack,https://doi.org/10.1038/sdata.2016.44,1890,,,,27326542,,,,,,,True,cited_by_count>=1321 (top 10.0%); cited_by_count>=1321 (top 10.0%),10.1038/sdata.2016.44,,,False,0.17233358
https://openalex.org/W2747592475,10.1038/nature25978,Planning chemical syntheses with deep neural networks and symbolic AI,,2018,neural,neuroscience,True,,,Nature,nature,False,openalex,Marwin Segler; Mike Preuß; Mark P. Waller,http://arxiv.org/abs/1708.04202,1888,,,,29595767,,,,,,,True,cited_by_count>=1321 (top 10.0%); cited_by_count>=1321 (top 10.0%),10.1038/nature25978,,,False,0.14303786
https://openalex.org/W2962834855,10.1016/j.neunet.2017.12.012,Sigmoid-weighted linear units for neural network function approximation in reinforcement learning,"In recent years, neural networks have enjoyed a renaissance as function approximators in reinforcement learning. Two decades after Tesauro's TD-Gammon achieved near top-level human performance in backgammon, the deep reinforcement learning algorithm DQN achieved human-level performance in many Atari 2600 games. The purpose of this study is twofold. First, we propose two activation functions for neural network function approximation in reinforcement learning: the sigmoid-weighted linear unit (SiLU) and its derivative function (dSiLU). The activation of the SiLU is computed by the sigmoid function multiplied by its input. Second, we suggest that the more traditional approach of using on-policy learning with eligibility traces, instead of experience replay, and softmax action selection can be competitive with DQN, without the need for a separate target network. We validate our proposed approach by, first, achieving new state-of-the-art results in both stochastic SZ-Tetris and Tetris with a small 10 × 10 board, using TD(λ) learning and shallow dSiLU network agents, and, then, by outperforming DQN in the Atari 2600 domain by using a deep Sarsa(λ) agent with SiLU and dSiLU hidden units.",2018,neural,neuroscience,True,,,Neural Networks,neural networks,False,openalex,Stefan Elfwing; Eiji Uchibe; Kenji Doya,https://doi.org/10.1016/j.neunet.2017.12.012,1878,,,,29395652,,,,,,,True,cited_by_count>=1321 (top 10.0%); cited_by_count>=1321 (top 10.0%),10.1016/j.neunet.2017.12.012,,,False,-0.020119347
https://openalex.org/W2283026346,10.1056/nejmra1511480,Neurobiologic Advances from the Brain Disease Model of Addiction,"This article reviews scientific advances in the prevention and treatment of substance-use disorder and related developments in public policy. In the past two decades, research has increasingly supported the view that addiction is a disease of the brain. Although the brain disease model of addiction has yielded effective preventive measures, treatment interventions, and public health policies to address substance-use disorders, the underlying concept of substance abuse as a brain disease continues to be questioned, perhaps because the aberrant, impulsive, and compulsive behaviors that are characteristic of addiction have not been clearly tied to neurobiology. Here we review recent advances in the neurobiology of addiction to clarify the link between addiction and brain function and to broaden the understanding of addiction as a brain disease. We review findings on the desensitization of reward circuits, which dampens the ability to feel pleasure and the motivation to pursue everyday activities; the increasing strength of conditioned responses and stress reactivity, which results in increased cravings for alcohol and other drugs and negative emotions when these cravings are not sated; and the weakening of the brain regions involved in executive functions such as decision making, inhibitory control, and self-regulation that leads to repeated relapse. We also review the ways in which social environments, developmental stages, and genetics are intimately linked to and influence vulnerability and recovery. We conclude that neuroscience continues to support the brain disease model of addiction. Neuroscience research in this area not only offers new opportunities for the prevention and treatment of substance addictions and related behavioral addictions (e.g., to food, sex, and gambling) but may also improve our understanding of the fundamental biologic processes involved in voluntary behavioral control. In the United States, 8 to 10% of people 12 years of age or older, or 20 to 22 million people, are addicted to alcohol or other drugs. 1 The abuse of tobacco, alcohol, and illicit drugs in the United States exacts more than $700 billion annually in costs related to crime, lost work productivity, and health care. 2-4 After centuries of efforts to reduce addiction and its related costs by punishing addictive behaviors failed to produce adequate results, recent basic and clinical research has provided clear evidence that addiction might be better considered and treated as an acquired disease of the brain (see Box 1 for definitions of substance-use disorder and addiction). Research guided by the brain disease model of addiction has led to the development of more effective methods of prevention and treatment and to more informed public health policies. Notable examples include the Mental Health Parity and Addiction Equity Act of 2008, which requires medical insurance plans to provide the same coverage for substance-use disorders and other mental illnesses that is provided for other illnesses, 5 and the proposed bipartisan Senate legislation that From the National Institute on Drug Abuse (N.D.V.) and the National Institute of Alcohol Abuse and Alcoholism (G.F.K.) — both in Bethesda, MD; and the Treatment Research Institute, Philadelphia (A.T.M.). Address reprint requests to Dr. Volkow at the National Institute on Drug Abuse, 6001 Executive Bld., Rm. 5274, Bethesda, MD 20892, or at nvolkow@ nida . nih . gov.",2016,brain,neuroscience,True,,,New England Journal of Medicine,new england journal of medicine,False,openalex,Nora D. Volkow; George F. Koob; A. Thomas McLellan,https://doi.org/10.1056/nejmra1511480,1878,,,,26816013,,,,,,,True,cited_by_count>=1321 (top 10.0%); cited_by_count>=1321 (top 10.0%),10.1056/nejmra1511480,,,False,0.0060020126
https://openalex.org/W2753919178,10.1186/s12874-018-0482-1,DeepSurv: personalized treatment recommender system using a Cox proportional hazards deep neural network,"BACKGROUND: Medical practitioners use survival models to explore and understand the relationships between patients' covariates (e.g. clinical and genetic features) and the effectiveness of various treatment options. Standard survival models like the linear Cox proportional hazards model require extensive feature engineering or prior medical knowledge to model treatment interaction at an individual level. While nonlinear survival methods, such as neural networks and survival forests, can inherently model these high-level interaction terms, they have yet to be shown as effective treatment recommender systems. METHODS: We introduce DeepSurv, a Cox proportional hazards deep neural network and state-of-the-art survival method for modeling interactions between a patient's covariates and treatment effectiveness in order to provide personalized treatment recommendations. RESULTS: We perform a number of experiments training DeepSurv on simulated and real survival data. We demonstrate that DeepSurv performs as well as or better than other state-of-the-art survival models and validate that DeepSurv successfully models increasingly complex relationships between a patient's covariates and their risk of failure. We then show how DeepSurv models the relationship between a patient's features and effectiveness of different treatment options to show how DeepSurv can be used to provide individual treatment recommendations. Finally, we train DeepSurv on real clinical studies to demonstrate how it's personalized treatment recommendations would increase the survival time of a set of patients. CONCLUSIONS: The predictive and modeling capabilities of DeepSurv will enable medical researchers to use deep neural networks as a tool in their exploration, understanding, and prediction of the effects of a patient's characteristics on their risk of failure.",2018,neural,neuroscience,True,,,BMC Medical Research Methodology,bmc medical research methodology,True,openalex,Jared Katzman; Uri Shaham; Alexander Cloninger; Jonathan Bates; Tingting Jiang; Yuval Kluger,https://doi.org/10.1186/s12874-018-0482-1,1876,,,,29482517,,,,,,,True,cited_by_count>=1321 (top 10.0%); cited_by_count>=1321 (top 10.0%),10.1186/s12874-018-0482-1,,,False,0.061333988
https://openalex.org/W1521436688,10.1155/2015/258619,Deep Convolutional Neural Networks for Hyperspectral Image Classification,"Recently, convolutional neural networks have demonstrated excellent performance on various visual tasks, including the classification of common two-dimensional images. In this paper, deep convolutional neural networks are employed to classify hyperspectral images directly in spectral domain. More specifically, the architecture of the proposed classifier contains five layers with weights which are the input layer, the convolutional layer, the max pooling layer, the full connection layer, and the output layer. These five layers are implemented on each spectral signature to discriminate against others. Experimental results based on several hyperspectral image data sets demonstrate that the proposed method can achieve better classification performance than some traditional methods, such as support vector machines and the conventional deep learning-based methods.",2015,neural,neuroscience,True,,,Journal of Sensors,journal of sensors,False,openalex,Wei Hu; Yangyu Huang; Li Wei; Fan Zhang; Heng-Chao Li,https://doi.org/10.1155/2015/258619,1874,,,,,,,,,,,True,cited_by_count>=1321 (top 10.0%); cited_by_count>=1321 (top 10.0%),10.1155/2015/258619,,,False,0.042979717
https://openalex.org/W1517236425,10.1201/9781003062714,Neural Network Control Of Robot Manipulators And Non-Linear Systems,"There has been great interest in ""universal controllers"" that mimic the functions of human processes to learn about the systems they are controlling on-line so that performance improves automatically. Neural network controllers are derived for robot manipulators in a variety of applications including position control, force control, link flexibility stabilization and the management of high-frequency joint and motor dynamics.The first chapter provides a background on neural networks and the second on dynamical systems and control. Chapter three introduces the robot control problem and standard techniques such as torque, adaptive and robust control. Subsequent chapters give design techniques and Stability Proofs For NN Controllers For Robot Arms, Practical Robotic systems with high frequency vibratory modes, force control and a general class of non-linear systems. The last chapters are devoted to discrete- time NN controllers. Throughout the text, worked examples are provided.",2020,neural,neuroscience,False,,,,,,openalex,Frank L. Lewis; Suresh Jagannathan; A Yesildirak,,1850,,,,,,,,,,,True,cited_by_count>=1321 (top 10.0%); cited_by_count>=1321 (top 10.0%),10.1201/9781003062714,,,False,0.020604258
https://openalex.org/W2889664156,10.1038/nbt.4235,A universal SNP and small-indel variant caller using deep neural networks,,2018,neural,neuroscience,False,,,Nature Biotechnology,nature biotechnology,False,openalex,Ryan Poplin; Pi-Chuan Chang; David H. Alexander; Scott Schwartz; Thomas Colthurst; Alexander Ku; Dan Newburger; Jojo Dijamco; Nam V. Nguyen; Pegah Tootoonchi Afshar; Sam Gross; Lizzie Dorfman; Cory Y. McLean; Mark A. DePristo,,1847,,,,30247488,,,,,,,True,cited_by_count>=1321 (top 10.0%); cited_by_count>=1321 (top 10.0%),10.1038/nbt.4235,,,False,0.05221145
https://openalex.org/W2291961022,10.1109/tbme.2015.2468589,Real-Time Patient-Specific ECG Classification by 1-D Convolutional Neural Networks,"GOAL: This paper presents a fast and accurate patient-specific electrocardiogram (ECG) classification and monitoring system. METHODS: An adaptive implementation of 1-D convolutional neural networks (CNNs) is inherently used to fuse the two major blocks of the ECG classification into a single learning body: feature extraction and classification. Therefore, for each patient, an individual and simple CNN will be trained by using relatively small common and patient-specific training data, and thus, such patient-specific feature extraction ability can further improve the classification performance. Since this also negates the necessity to extract hand-crafted manual features, once a dedicated CNN is trained for a particular patient, it can solely be used to classify possibly long ECG data stream in a fast and accurate manner or alternatively, such a solution can conveniently be used for real-time ECG monitoring and early alert system on a light-weight wearable device. RESULTS: The results over the MIT-BIH arrhythmia benchmark database demonstrate that the proposed solution achieves a superior classification performance than most of the state-of-the-art methods for the detection of ventricular ectopic beats and supraventricular ectopic beats. CONCLUSION: Besides the speed and computational efficiency achieved, once a dedicated CNN is trained for an individual patient, it can solely be used to classify his/her long ECG records such as Holter registers in a fast and accurate manner. SIGNIFICANCE: Due to its simple and parameter invariant nature, the proposed system is highly generic, and, thus, applicable to any ECG dataset.",2015,neural,neuroscience,False,,,IEEE Transactions on Biomedical Engineering,ieee transactions on biomedical engineering,False,openalex,Serkan Kıranyaz; Türker İnce; Moncef Gabbouj,,1841,,,,26285054,,,,,,,True,cited_by_count>=1321 (top 10.0%); cited_by_count>=1321 (top 10.0%),10.1109/tbme.2015.2468589,,,False,0.037896443
https://openalex.org/W4230172521,10.1093/neuonc/nox158,CBTRUS Statistical Report: Primary brain and other central nervous system tumors diagnosed in the United States in 2010–2014,,2017,brain,neuroscience,True,,,Neuro-Oncology,neuro-oncology,False,openalex,Quinn T. Ostrom; Haley Gittleman; Peter Liao; Toni Vecchione-Koval; Yingli Wolinsky; Carol Kruchko; Jill S. Barnholtz‐Sloan,https://doi.org/10.1093/neuonc/nox158,1839,,,,29117289,,,,,,,True,cited_by_count>=1321 (top 10.0%); cited_by_count>=1321 (top 10.0%),10.1093/neuonc/nox158,,,False,0.045916423
https://openalex.org/W2607219512,10.14722/ndss.2018.23198,Feature Squeezing: Detecting Adversarial Examples in Deep Neural Networks,"Although deep neural networks (DNNs) have achieved great success in many tasks, they can often be fooled by adversarial examples that are generated by adding small but purposeful distortions to natural examples. Previous studies to defend against adversarial examples mostly focused on refining the DNN models, but have either shown limited success or required expensive computation. We propose a new strategy, feature squeezing, that can be used to harden DNN models by detecting adversarial examples. Feature squeezing reduces the search space available to an adversary by coalescing samples that correspond to many different feature vectors in the original space into a single sample. By comparing a DNN model's prediction on the original input with that on squeezed inputs, feature squeezing detects adversarial examples with high accuracy and few false positives.",2018,neural,neuroscience,True,,,,,,openalex,Weilin Xu; David Evans; Yanjun Qi,https://doi.org/10.14722/ndss.2018.23198,1839,,,,,,,,,,,True,cited_by_count>=1321 (top 10.0%); cited_by_count>=1321 (top 10.0%),10.14722/ndss.2018.23198,,,False,-0.07463708
https://openalex.org/W2595863515,10.1016/j.ccell.2017.02.009,The Microenvironmental Landscape of Brain Tumors,,2017,brain,neuroscience,True,,,Cancer Cell,cancer cell,False,openalex,Daniela F. Quail; Johanna A. Joyce,https://doi.org/10.1016/j.ccell.2017.02.009,1837,,,,28292436,,,,,,,True,cited_by_count>=1321 (top 10.0%); cited_by_count>=1321 (top 10.0%),10.1016/j.ccell.2017.02.009,,,False,0.076955706
https://openalex.org/W1902934009,10.48550/arxiv.1511.00363,BinaryConnect: Training Deep Neural Networks with binary weights during propagations,"Deep Neural Networks (DNN) have achieved state-of-the-art results in a wide range of tasks, with the best results obtained with large training sets and large models. In the past, GPUs enabled these breakthroughs because of their greater computational speed. In the future, faster computation at both training and test time is likely to be crucial for further progress and for consumer applications on low-power devices. As a result, there is much interest in research and development of dedicated hardware for Deep Learning (DL). Binary weights, i.e., weights which are constrained to only two possible values (e.g. -1 or 1), would bring great benefits to specialized DL hardware by replacing many multiply-accumulate operations by simple accumulations, as multipliers are the most space and power-hungry components of the digital implementation of neural networks. We introduce BinaryConnect, a method which consists in training a DNN with binary weights during the forward and backward propagations, while retaining precision of the stored weights in which gradients are accumulated. Like other dropout schemes, we show that BinaryConnect acts as regularizer and we obtain near state-of-the-art results with BinaryConnect on the permutation-invariant MNIST, CIFAR-10 and SVHN.",2015,neural,neuroscience,True,,,PolyPublie (École Polytechnique de Montréal),polypublie (école polytechnique de montréal),False,openalex,Matthieu Courbariaux; Yoshua Bengio; Jean‐Pierre David,http://arxiv.org/abs/1511.00363,1833,,,,,,,,,,,True,cited_by_count>=1321 (top 10.0%); cited_by_count>=1321 (top 10.0%),10.48550/arxiv.1511.00363,,,False,-0.08247491
https://openalex.org/W2584483805,10.1109/tmi.2017.2715284,Low-Dose CT With a Residual Encoder-Decoder Convolutional Neural Network,"Given the potential risk of X-ray radiation to the patient, low-dose CT has attracted a considerable interest in the medical imaging field. Currently, the main stream low-dose CT methods include vendor-specific sinogram domain filtration and iterative reconstruction algorithms, but they need to access raw data, whose formats are not transparent to most users. Due to the difficulty of modeling the statistical characteristics in the image domain, the existing methods for directly processing reconstructed images cannot eliminate image noise very well while keeping structural details. Inspired by the idea of deep learning, here we combine the autoencoder, deconvolution network, and shortcut connections into the residual encoder-decoder convolutional neural network (RED-CNN) for low-dose CT imaging. After patch-based training, the proposed RED-CNN achieves a competitive performance relative to the-state-of-art methods in both simulated and clinical cases. Especially, our method has been favorably evaluated in terms of noise suppression, structural preservation, and lesion detection.",2017,neural,neuroscience,True,,,IEEE Transactions on Medical Imaging,ieee transactions on medical imaging,False,openalex,Hu Chen; Yi Zhang; Mannudeep K. Kalra; Feng Lin; Yang Chen; Peixi Liao; Jiliu Zhou; Ge Wang,http://arxiv.org/abs/1702.00288,1813,,,,28622671,,,,,,,True,cited_by_count>=1321 (top 10.0%); cited_by_count>=1321 (top 10.0%),10.1109/tmi.2017.2715284,,,False,0.041845325
https://openalex.org/W2523665179,10.1038/nrn.2016.111,"The effects of childhood maltreatment on brain structure, function and connectivity",,2016,brain,neuroscience,False,,,Nature reviews. Neuroscience,nature reviews. neuroscience,False,openalex,Martin H. Teicher; J Samson; Carl M. Anderson; Kyoko Ohashi,,1808,,,,27640984,,,,,,,True,cited_by_count>=1321 (top 10.0%); cited_by_count>=1321 (top 10.0%),10.1038/nrn.2016.111,,,False,-0.018085297
https://openalex.org/W2963358464,10.48550/arxiv.1707.01926,Diffusion Convolutional Recurrent Neural Network: Data-Driven Traffic\n Forecasting,"Spatiotemporal forecasting has various applications in neuroscience, climate\nand transportation domain. Traffic forecasting is one canonical example of such\nlearning task. The task is challenging due to (1) complex spatial dependency on\nroad networks, (2) non-linear temporal dynamics with changing road conditions\nand (3) inherent difficulty of long-term forecasting. To address these\nchallenges, we propose to model the traffic flow as a diffusion process on a\ndirected graph and introduce Diffusion Convolutional Recurrent Neural Network\n(DCRNN), a deep learning framework for traffic forecasting that incorporates\nboth spatial and temporal dependency in the traffic flow. Specifically, DCRNN\ncaptures the spatial dependency using bidirectional random walks on the graph,\nand the temporal dependency using the encoder-decoder architecture with\nscheduled sampling. We evaluate the framework on two real-world large scale\nroad network traffic datasets and observe consistent improvement of 12% - 15%\nover state-of-the-art baselines.\n",2017,neural,neuroscience,True,,,arXiv (Cornell University),arxiv (cornell university),True,openalex,Yaguang Li; Rose Yu; Cyrus Shahabi; Yan Liu,http://arxiv.org/abs/1707.01926,1806,,,,,,,,,,,True,cited_by_count>=1321 (top 10.0%); cited_by_count>=1321 (top 10.0%),10.48550/arxiv.1707.01926,,,False,0.020677112
https://openalex.org/W2469490737,10.48550/arxiv.1606.06160,DoReFa-Net: Training Low Bitwidth Convolutional Neural Networks with Low Bitwidth Gradients,"We propose DoReFa-Net, a method to train convolutional neural networks that have low bitwidth weights and activations using low bitwidth parameter gradients. In particular, during backward pass, parameter gradients are stochastically quantized to low bitwidth numbers before being propagated to convolutional layers. As convolutions during forward/backward passes can now operate on low bitwidth weights and activations/gradients respectively, DoReFa-Net can use bit convolution kernels to accelerate both training and inference. Moreover, as bit convolutions can be efficiently implemented on CPU, FPGA, ASIC and GPU, DoReFa-Net opens the way to accelerate training of low bitwidth neural network on these hardware. Our experiments on SVHN and ImageNet datasets prove that DoReFa-Net can achieve comparable prediction accuracy as 32-bit counterparts. For example, a DoReFa-Net derived from AlexNet that has 1-bit weights, 2-bit activations, can be trained from scratch using 6-bit gradients to get 46.1\% top-1 accuracy on ImageNet validation set. The DoReFa-Net AlexNet model is released publicly.",2016,neural,neuroscience,True,,,arXiv (Cornell University),arxiv (cornell university),True,openalex,Shuchang Zhou; Yuxin Wu; Zekun Ni; Xinyu Zhou; He Wen; Yuheng Zou,http://arxiv.org/abs/1606.06160,1804,,,,,,,,,,,True,cited_by_count>=1321 (top 10.0%); cited_by_count>=1321 (top 10.0%),10.48550/arxiv.1606.06160,,,False,-0.0017380994
https://openalex.org/W2014022174,10.1038/nrn3901,The connectomics of brain disorders,,2015,brain,neuroscience,False,,,Nature reviews. Neuroscience,nature reviews. neuroscience,False,openalex,Alex Fornito; Andrew Zalesky; Michael Breakspear,,1791,,,,25697159,,,,,,,True,cited_by_count>=1321 (top 10.0%); cited_by_count>=1321 (top 10.0%),10.1038/nrn3901,,,False,0.14691024
https://openalex.org/W2342528407,10.1053/j.gastro.2016.03.035,Rome IV—Functional GI Disorders: Disorders of Gut-Brain Interaction,,2016,brain,neuroscience,False,,,Gastroenterology,gastroenterology,False,openalex,Douglas A. Drossman; William L. Hasler,,1790,,,,27147121,,,,,,,True,cited_by_count>=1321 (top 10.0%); cited_by_count>=1321 (top 10.0%),10.1053/j.gastro.2016.03.035,,,False,0.039175466
https://openalex.org/W2885927965,10.1016/j.cell.2018.07.028,Molecular Diversity and Specializations among the Cells of the Adult Mouse Brain,,2018,brain,neuroscience,True,,,Cell,cell,False,openalex,Arpiar Saunders; Evan Z. Macosko; Alec Wysoker; Melissa Goldman; Fenna M. Krienen; Heather de Rivera; Elizabeth Bien; Matthew L. Baum; Laura Bortolin; Shuyu Wang; Aleksandrina Goeva; James Nemesh; Nolan Kamitaki; Sara A. Brumbaugh; David Kulp; Steven A. McCarroll,https://doi.org/10.1016/j.cell.2018.07.028,1787,,,,30096299,,,,,,,True,cited_by_count>=1321 (top 10.0%); cited_by_count>=1321 (top 10.0%),10.1016/j.cell.2018.07.028,,,False,-0.017920181
https://openalex.org/W4298069009,10.1201/9780429499661,Introduction to the Theory of Neural Computation,,2018,neural,neuroscience,False,,,,,,openalex,John Hertz; Anders Krogh; R. G. Palmer,,1784,,,,,,,,,,,True,cited_by_count>=1321 (top 10.0%); cited_by_count>=1321 (top 10.0%),10.1201/9780429499661,,,False,0.04754438
https://openalex.org/W2519481857,10.1007/978-3-319-46475-6_10,Single Image Dehazing via Multi-scale Convolutional Neural Networks,,2016,neural,neuroscience,False,,,Lecture notes in computer science,lecture notes in computer science,False,openalex,Wenqi Ren; Si Liu; Hua Zhang; Jinshan Pan; Xiaochun Cao; Ming–Hsuan Yang,,1772,,,,,,,,,,,True,cited_by_count>=1321 (top 10.0%); cited_by_count>=1321 (top 10.0%),10.1007/978-3-319-46475-6_10,,,False,0.031626362
https://openalex.org/W4395669330,10.38124/ijisrt/ijisrt24apr651,Fault Detection Method based on Artificial Neural Network for 330kV Nigerian Transmission Line,"This research focused on identifying various types of faults occurring on 330kV transmission lines through the use of artificial neural networks (ANN). A MATLAB model for the Gwagwalada-Katampe 330kV transmission line in Nigeria was implemented to generate fault datasets. Voltage and current fault parameters were utilized to train and simulate the ANN network architecture selected for each stage of fault detection. Four types of faults were considered, along with a fifth condition representing no fault. The results illustrated the success of the developed model in identifying various fault conditions and system parameters on the Gwagwalada-Katampe 330kV transmission line, modelled using MATLAB Simulink.",2024,neural,neuroscience,True,,,International Journal of Innovative Science and Research Technology (IJISRT),international journal of innovative science and research technology (ijisrt),True,openalex,Alhassan Musa Oruma; Ismaila Mahmud; Umar Alhaji Adamu; Simon Yakubu Wakawa; Gambo Idris; Mahmud Mustapha,https://doi.org/10.38124/ijisrt/ijisrt24apr651,1767,,,,,,,,,,,True,cited_by_count>=1321 (top 10.0%); cited_by_count>=1321 (top 10.0%),10.38124/ijisrt/ijisrt24apr651,,,False,-0.030409036
https://openalex.org/W2753593979,10.1038/nm.4397,Microglia emerge as central players in brain disease,,2017,brain,neuroscience,False,,,Nature Medicine,nature medicine,False,openalex,Michael W. Salter; Beth Stevens,,1757,,,,28886007,,,,,,,True,cited_by_count>=1321 (top 10.0%); cited_by_count>=1321 (top 10.0%),10.1038/nm.4397,,,False,0.008978827
https://openalex.org/W4225246927,10.1038/s41586-022-04554-y,Brain charts for the human lifespan,"Abstract Over the past few decades, neuroimaging has become a ubiquitous tool in basic research and clinical studies of the human brain. However, no reference standards currently exist to quantify individual differences in neuroimaging metrics over time, in contrast to growth charts for anthropometric traits such as height and weight 1 . Here we assemble an interactive open resource to benchmark brain morphology derived from any current or future sample of MRI data ( http://www.brainchart.io/ ). With the goal of basing these reference charts on the largest and most inclusive dataset available, acknowledging limitations due to known biases of MRI studies relative to the diversity of the global population, we aggregated 123,984 MRI scans, across more than 100 primary studies, from 101,457 human participants between 115 days post-conception to 100 years of age. MRI metrics were quantified by centile scores, relative to non-linear trajectories 2 of brain structural changes, and rates of change, over the lifespan. Brain charts identified previously unreported neurodevelopmental milestones 3 , showed high stability of individuals across longitudinal assessments, and demonstrated robustness to technical and methodological differences between primary studies. Centile scores showed increased heritability compared with non-centiled MRI phenotypes, and provided a standardized measure of atypical brain structure that revealed patterns of neuroanatomical variation across neurological and psychiatric disorders. In summary, brain charts are an essential step towards robust quantification of individual variation benchmarked to normative trajectories in multiple, commonly used neuroimaging phenotypes.",2022,brain,neuroscience,True,,,Nature,nature,False,openalex,Richard A. I. Bethlehem; Jakob Seidlitz; Simon R. White; Jacob W. Vogel; Karen Anderson; Chris Adamson; Sophie Adler; George S. Alexopoulos; Evdokia Anagnostou; Ariosky Areces-González; Duncan E. Astle; Bonnie Auyeung; Muhammad Ayub; Ji Hyun Bae; Gareth Ball; Simon Baron‐Cohen; Richard Beare; Saashi A. Bedford; Vivek Benegal; Frauke Beyer; John Blangero; Manuel Blesa; J. P. Boardman; Matthew Borzage; Jorge Bosch‐Bayard; Niall Bourke; Vince D. Calhoun; M. Mallar Chakravarty; C. Chen; Casey Chertavian; Gaël Chételat; Yap Seng Chong; James H. Cole; Aiden Corvin; Manuela Costantino; E. Courchesne; Fabrice Crivello; Vanessa Cropley; Jennifer Crosbie; Nicolás Crossley; Marion Delarue; Richard Delorme; Sylvane Desrivières; Gabriel A. Devenyi; Maria A. Di Biase; Raymond J. Dolan; Kirsten A. Donald; Gary Donohoe; Katharine Dunlop; A. David Edwards; Jed T. Elison; Cameron T. Ellis; Jeremy A. Elman; Lisa T. Eyler; Damien A. Fair; Eric Feczko; Paul C. Fletcher; Peter Fonagy; Carol E. Franz; Lídice Galán‐Garcia; Ali Gholipour; Jay N. Giedd; John H. Gilmore; David C. Glahn; Ian Goodyer; P. Ellen Grant; Nynke A. Groenewold; Faith M. Gunning; Ruben C. Gur; R. C. Gur; Christopher Hammill; Oskar Hansson; Trey Hedden; Andreas Heinz; R. N. Henson; Katja Heuer; Jacqueline Hoare; Bharath Holla; Avram J. Holmes; Rosemary Holt; Hao Huang; K. Im; Jonathan Ipser; C. R. Jack; Andrea Parolin Jackowski; Tianye Jia; K. A. Johnson; Peter B. Jones; D. T. Jones; R. S. Kahn; Hasse Karlsson; Linnéa Karlsson; Ryuta Kawashima; Elizabeth W. Kelley; S.J. Kern; Ki Woong Kim; Manfred G. Kitzbichler; William S. Kremen; François Lalonde; Brigitte Landeau,https://doi.org/10.1038/s41586-022-04554-y,1750,,,,35388223,,,,,,,True,cited_by_count>=1321 (top 10.0%); cited_by_count>=1321 (top 10.0%),10.1038/s41586-022-04554-y,,,False,0.1591941
https://openalex.org/W3016970897,10.1038/s42256-020-00257-z,Shortcut learning in deep neural networks,,2020,neural,neuroscience,True,,,Nature Machine Intelligence,nature machine intelligence,False,openalex,Robert Geirhos; Jörn-Henrik Jacobsen; Claudio Michaelis; Richard S. Zemel; Wieland Brendel; Matthias Bethge; Felix A. Wichmann,http://arxiv.org/abs/2004.07780,1749,,,,,,,,,,,True,cited_by_count>=1321 (top 10.0%); cited_by_count>=1321 (top 10.0%),10.1038/s42256-020-00257-z,,,False,-0.0067551695
https://openalex.org/W1620203002,10.1038/nrn3950,Interoceptive predictions in the brain,,2015,brain,neuroscience,True,,,Nature reviews. Neuroscience,nature reviews. neuroscience,False,openalex,Lisa Feldman Barrett; W. Kyle Simmons,https://www.ncbi.nlm.nih.gov/pmc/articles/4731102,1745,,,,,,,,,,,True,cited_by_count>=1321 (top 10.0%); cited_by_count>=1321 (top 10.0%),10.1038/nrn3950,,,False,0.01833235
https://openalex.org/W2607804943,10.1016/j.neuroimage.2017.10.034,"Image processing and Quality Control for the first 10,000 brain imaging datasets from UK Biobank","UK Biobank is a large-scale prospective epidemiological study with all data accessible to researchers worldwide. It is currently in the process of bringing back 100,000 of the original participants for brain, heart and body MRI, carotid ultrasound and low-dose bone/fat x-ray. The brain imaging component covers 6 modalities (T1, T2 FLAIR, susceptibility weighted MRI, Resting fMRI, Task fMRI and Diffusion MRI). Raw and processed data from the first 10,000 imaged subjects has recently been released for general research access. To help convert this data into useful summary information we have developed an automated processing and QC (Quality Control) pipeline that is available for use by other researchers. In this paper we describe the pipeline in detail, following a brief overview of UK Biobank brain imaging and the acquisition protocol. We also describe several quantitative investigations carried out as part of the development of both the imaging protocol and the processing pipeline.",2017,brain,neuroscience,True,,,NeuroImage,neuroimage,False,openalex,Fidel Alfaro‐Almagro; Mark Jenkinson; Neal K. Bangerter; Jesper Andersson; Ludovica Griffanti; Gwenaëlle Douaud; Stamatios N. Sotiropoulos; Saâd Jbabdi; Moisés Hernández-Fernández; Emmanuel Vallée; Diego Vidaurre; Matthew Webster; Paul J. McCarthy; Chris Rorden; Alessandro Daducci; Daniel C. Alexander; Hui Zhang; Iulius Dragonu; Paul M. Matthews; Karla L. Miller; Stephen M. Smith,https://doi.org/10.1016/j.neuroimage.2017.10.034,1744,,,,29079522,,,,,,,True,cited_by_count>=1321 (top 10.0%); cited_by_count>=1321 (top 10.0%),10.1016/j.neuroimage.2017.10.034,,,False,0.14217398
https://openalex.org/W3080253043,10.1145/3394486.3403118,Connecting the Dots: Multivariate Time Series Forecasting with Graph Neural Networks,"Modeling multivariate time series has long been a subject that has attracted researchers from a diverse range of fields including economics, finance, and traffic. A basic assumption behind multivariate time series forecasting is that its variables depend on one another but, upon looking closely, it is fair to say that existing methods fail to fully exploit latent spatial dependencies between pairs of variables. In recent years, meanwhile, graph neural networks (GNNs) have shown high capability in handling relational dependencies. GNNs require well-defined graph structures for information propagation which means they cannot be applied directly for multivariate time series where the dependencies are not known in advance. In this paper, we propose a general graph neural network framework designed specifically for multivariate time series data. Our approach automatically extracts the uni-directed relations among variables through a graph learning module, into which external knowledge like variable attributes can be easily integrated. A novel mix-hop propagation layer and a dilated inception layer are further proposed to capture the spatial and temporal dependencies within the time series. The graph learning, graph convolution, and temporal convolution modules are jointly learned in an end-to-end framework. Experimental results show that our proposed model outperforms the state-of-the-art baseline methods on 3 of 4 benchmark datasets and achieves on-par performance with other approaches on two traffic datasets which provide extra structural information.",2020,neural,neuroscience,True,,,,,,openalex,Zonghan Wu; Shirui Pan; Guodong Long; Jing Jiang; Xiaojun Chang; Chengqi Zhang,http://hdl.handle.net/10072/419620,1738,,,,,,,,,,,True,cited_by_count>=1321 (top 10.0%); cited_by_count>=1321 (top 10.0%),10.1145/3394486.3403118,,,False,-0.013581672
https://openalex.org/W2550821151,10.1162/tacl_a_00065,Google’s Multilingual Neural Machine Translation System: Enabling Zero-Shot Translation,"We propose a simple solution to use a single Neural Machine Translation (NMT) model to translate between multiple languages. Our solution requires no changes to the model architecture from a standard NMT system but instead introduces an artificial token at the beginning of the input sentence to specify the required target language. Using a shared wordpiece vocabulary, our approach enables Multilingual NMT systems using a single model. On the WMT’14 benchmarks, a single multilingual model achieves comparable performance for English→French and surpasses state-of-theart results for English→German. Similarly, a single multilingual model surpasses state-of-the-art results for French→English and German→English on WMT’14 and WMT’15 benchmarks, respectively. On production corpora, multilingual models of up to twelve language pairs allow for better translation of many individual pairs. Our models can also learn to perform implicit bridging between language pairs never seen explicitly during training, showing that transfer learning and zero-shot translation is possible for neural translation. Finally, we show analyses that hints at a universal interlingua representation in our models and also show some interesting examples when mixing languages.",2017,neural,neuroscience,True,,,Transactions of the Association for Computational Linguistics,transactions of the association for computational linguistics,True,openalex,Melvin Johnson; Mike Schuster; Quoc V. Le; Maxim Krikun; Yonghui Wu; Zhifeng Chen; Nikhil Thorat; Fernanda Viégas; Martin Wattenberg; Greg S. Corrado; Macduff Hughes; Jay B. Dean,https://doi.org/10.1162/tacl_a_00065,1738,,,,,,,,,,,True,cited_by_count>=1321 (top 10.0%); cited_by_count>=1321 (top 10.0%),10.1162/tacl_a_00065,,,False,0.02090286
https://openalex.org/W3104682194,10.1186/s12987-020-00230-3,"A blood–brain barrier overview on structure, function, impairment, and biomarkers of integrity","The blood-brain barrier is playing a critical role in controlling the influx and efflux of biological substances essential for the brain's metabolic activity as well as neuronal function. Thus, the functional and structural integrity of the BBB is pivotal to maintain the homeostasis of the brain microenvironment. The different cells and structures contributing to developing this barrier are summarized along with the different functions that BBB plays at the brain-blood interface. We also explained the role of shear stress in maintaining BBB integrity. Furthermore, we elaborated on the clinical aspects that correlate between BBB disruption and different neurological and pathological conditions. Finally, we discussed several biomarkers that can help to assess the BBB permeability and integrity in-vitro or in-vivo and briefly explain their advantages and disadvantages.",2020,brain,neuroscience,True,,,Fluids and Barriers of the CNS,fluids and barriers of the cns,True,openalex,Hossam Kadry; Behnam Noorani; Luca Cucullo,https://doi.org/10.1186/s12987-020-00230-3,1736,,,,33208141,,,,,,,True,cited_by_count>=1321 (top 10.0%); cited_by_count>=1321 (top 10.0%),10.1186/s12987-020-00230-3,,,False,0.06728585
https://openalex.org/W4220717841,10.1007/s10409-021-01148-1,Physics-informed neural networks (PINNs) for fluid mechanics: a review,,2021,neural,neuroscience,True,,,Acta Mechanica Sinica,acta mechanica sinica,False,openalex,Shengze Cai; Zhiping Mao; Zhicheng Wang; Minglang Yin; George Em Karniadakis,https://www.osti.gov/biblio/2282982,1736,,,,,,,,,,,True,cited_by_count>=1321 (top 10.0%); cited_by_count>=1321 (top 10.0%),10.1007/s10409-021-01148-1,,,False,0.17040774
https://openalex.org/W2626967530,10.48550/arxiv.1706.04599,On Calibration of Modern Neural Networks,"Confidence calibration -- the problem of predicting probability estimates representative of the true correctness likelihood -- is important for classification models in many applications. We discover that modern neural networks, unlike those from a decade ago, are poorly calibrated. Through extensive experiments, we observe that depth, width, weight decay, and Batch Normalization are important factors influencing calibration. We evaluate the performance of various post-processing calibration methods on state-of-the-art architectures with image and document classification datasets. Our analysis and experiments not only offer insights into neural network learning, but also provide a simple and straightforward recipe for practical settings: on most datasets, temperature scaling -- a single-parameter variant of Platt Scaling -- is surprisingly effective at calibrating predictions.",2017,neural,neuroscience,True,,,arXiv (Cornell University),arxiv (cornell university),True,openalex,Chuan Guo; Geoff Pleiss; Yu Sun; Kilian Q. Weinberger,http://arxiv.org/abs/1706.04599,1727,,,,,,,,,,,True,cited_by_count>=1321 (top 10.0%); cited_by_count>=1321 (top 10.0%),10.48550/arxiv.1706.04599,,,False,0.12150559
https://openalex.org/W2568450381,10.3233/jad-161088,"Oxidative Stress, Synaptic Dysfunction, and Alzheimer’s Disease","Alzheimer's disease (AD) is a devastating neurodegenerative disorder without a cure. Most AD cases are sporadic where age represents the greatest risk factor. Lack of understanding of the disease mechanism hinders the development of efficacious therapeutic approaches. The loss of synapses in the affected brain regions correlates best with cognitive impairment in AD patients and has been considered as the early mechanism that precedes neuronal loss. Oxidative stress has been recognized as a contributing factor in aging and in the progression of multiple neurodegenerative diseases including AD. Increased production of reactive oxygen species (ROS) associated with age- and disease-dependent loss of mitochondrial function, altered metal homeostasis, and reduced antioxidant defense directly affect synaptic activity and neurotransmission in neurons leading to cognitive dysfunction. In addition, molecular targets affected by ROS include nuclear and mitochondrial DNA, lipids, proteins, calcium homeostasis, mitochondrial dynamics and function, cellular architecture, receptor trafficking and endocytosis, and energy homeostasis. Abnormal cellular metabolism in turn could affect the production and accumulation of amyloid-β (Aβ) and hyperphosphorylated Tau protein, which independently could exacerbate mitochondrial dysfunction and ROS production, thereby contributing to a vicious cycle. While mounting evidence implicates ROS in the AD etiology, clinical trials with antioxidant therapies have not produced consistent results. In this review, we will discuss the role of oxidative stress in synaptic dysfunction in AD, innovative therapeutic strategies evolved based on a better understanding of the complexity of molecular mechanisms of AD, and the dual role ROS play in health and disease.",2017,synaptic,neuroscience,True,,,Journal of Alzheimer s Disease,journal of alzheimer s disease,False,openalex,Eric Tönnies; Eugenia Trushina,https://doi.org/10.3233/jad-161088,1716,,,,28059794,,,,,,,True,cited_by_count>=1321 (top 10.0%); cited_by_count>=1321 (top 10.0%),10.3233/jad-161088,,,False,0.14531729
https://openalex.org/W2793402357,10.1038/s41592-019-0575-8,Positive-unlabeled convolutional neural networks for particle picking in cryo-electron micrographs,,2019,neural,neuroscience,True,,,Nature Methods,nature methods,False,openalex,Tristan Bepler; Andrew Morin; Micah Rapp; Julia Brasch; Lawrence Shapiro; Alex J. Noble; Bonnie Berger,http://arxiv.org/abs/1803.08207,1715,,,,31591578,,,,,,,True,cited_by_count>=1321 (top 10.0%); cited_by_count>=1321 (top 10.0%),10.1038/s41592-019-0575-8,,,False,0.061290257
https://openalex.org/W2979984433,10.1038/s41568-019-0205-x,The blood–brain barrier and blood–tumour barrier in brain tumours and metastases,,2019,brain,neuroscience,True,,,Nature reviews. Cancer,nature reviews. cancer,False,openalex,Costas Arvanitis; Gino B. Ferraro; Rakesh K. Jain,https://www.ncbi.nlm.nih.gov/pmc/articles/8246629,1707,,,,31601988,,,,,,,True,cited_by_count>=1321 (top 10.0%); cited_by_count>=1321 (top 10.0%),10.1038/s41568-019-0205-x,,,False,-0.00074089505
https://openalex.org/W2468907370,10.48550/arxiv.1606.09375,Convolutional Neural Networks on Graphs with Fast Localized Spectral Filtering,"In this work, we are interested in generalizing convolutional neural networks (CNNs) from low-dimensional regular grids, where image, video and speech are represented, to high-dimensional irregular domains, such as social networks, brain connectomes or words' embedding, represented by graphs. We present a formulation of CNNs in the context of spectral graph theory, which provides the necessary mathematical background and efficient numerical schemes to design fast localized convolutional filters on graphs. Importantly, the proposed technique offers the same linear computational complexity and constant learning complexity as classical CNNs, while being universal to any graph structure. Experiments on MNIST and 20NEWS demonstrate the ability of this novel deep learning system to learn local, stationary, and compositional features on graphs.",2016,neural,neuroscience,True,,,arXiv (Cornell University),arxiv (cornell university),True,openalex,Michaël Defferrard; Xavier Bresson; Pierre Vandergheynst,http://arxiv.org/abs/1606.09375,1703,,,,,,,,,,,True,cited_by_count>=1321 (top 10.0%); cited_by_count>=1321 (top 10.0%),10.48550/arxiv.1606.09375,,,False,-0.06388387
https://openalex.org/W3124539583,10.1016/j.isprsjprs.2020.12.010,Review on Convolutional Neural Networks (CNN) in vegetation remote sensing,,2021,neural,neuroscience,True,,,ISPRS Journal of Photogrammetry and Remote Sensing,isprs journal of photogrammetry and remote sensing,False,openalex,Teja Kattenborn; Jens Leitloff; Felix Schiefer; Stefan Hinz,https://doi.org/10.5445/ir/1000128705,1699,,,,,,,,,,,True,cited_by_count>=1321 (top 10.0%); cited_by_count>=1321 (top 10.0%),10.1016/j.isprsjprs.2020.12.010,,,False,0.10524725
https://openalex.org/W2923010225,10.1038/s41563-019-0291-x,Memristive crossbar arrays for brain-inspired computing,,2019,brain,neuroscience,False,,,Nature Materials,nature materials,False,openalex,Qiangfei Xia; J. Joshua Yang,,1697,,,,30894760,,,,,,,True,cited_by_count>=1321 (top 10.0%); cited_by_count>=1321 (top 10.0%),10.1038/s41563-019-0291-x,,,False,-0.08194338
https://openalex.org/W2911147760,10.1038/s41591-018-0297-y,Blood–brain barrier breakdown is an early biomarker of human cognitive dysfunction,,2019,brain,neuroscience,False,,,Nature Medicine,nature medicine,False,openalex,Daniel A. Nation; Melanie D. Sweeney; Axel Montagne; Abhay P. Sagare; Lina M. D’Orazio; Maricarmen Pachicano; Farshid Sepehrband; Amy R. Nelson; David P Buennagel; Michael G. Harrington; Tammie L.S. Benzinger; Anne M. Fagan; John M. Ringman; Lon S. Schneider; John C. Morris; Helena C. Chui; Meng Law; Arthur W. Toga; Berislav V. Zloković,,1693,,,,30643288,,,,,,,True,cited_by_count>=1321 (top 10.0%); cited_by_count>=1321 (top 10.0%),10.1038/s41591-018-0297-y,,,False,0.02253515
https://openalex.org/W2963786238,10.1109/cvpr.2018.00442,Single-Shot Refinement Neural Network for Object Detection,"For object detection, the two-stage approach (e.g., Faster R-CNN) has been achieving the highest accuracy, whereas the one-stage approach (e.g., SSD) has the advantage of high efficiency. To inherit the merits of both while overcoming their disadvantages, in this paper, we propose a novel single-shot based detector, called RefineDet, that achieves better accuracy than two-stage methods and maintains comparable efficiency of one-stage methods. RefineDet consists of two inter-connected modules, namely, the anchor refinement module and the object detection module. Specifically, the former aims to (1) filter out negative anchors to reduce search space for the classifier, and (2) coarsely adjust the locations and sizes of anchors to provide better initialization for the subsequent regressor. The latter module takes the refined anchors as the input from the former to further improve the regression accuracy and predict multi-class label. Meanwhile, we design a transfer connection block to transfer the features in the anchor refinement module to predict locations, sizes and class labels of objects in the object detection module. The multitask loss function enables us to train the whole network in an end-to-end way. Extensive experiments on PASCAL VOC 2007, PASCAL VOC 2012, and MS COCO demonstrate that RefineDet achieves state-of-the-art detection accuracy with high efficiency. Code is available at https://github.com/sfzhang15/RefineDet.",2018,neural,neuroscience,False,,,,,,openalex,Shifeng Zhang; Longyin Wen; Xiao Bian; Zhen Lei; Stan Z. Li,,1688,https://github.com/sfzhang15/RefineDet.,,,,https://github.com/sfzhang15/RefineDet.,https://github.com/sfzhang15/RefineDet.,,,,,True,cited_by_count>=1321 (top 10.0%); cited_by_count>=1321 (top 10.0%),10.1109/cvpr.2018.00442,,,False,-0.05870858
https://openalex.org/W2291443053,10.1038/nm.4050,Synaptic plasticity and depression: new insights from stress and rapid-acting antidepressants,,2016,synaptic,neuroscience,False,,,Nature Medicine,nature medicine,False,openalex,Ronald S. Duman; George K. Aghajanian; Gerard Sanacora; John H. Krystal,,1686,,,,26937618,,,,,,,True,cited_by_count>=1321 (top 10.0%); cited_by_count>=1321 (top 10.0%),10.1038/nm.4050,,,False,0.045004964
https://openalex.org/W1603857261,10.1016/j.neuron.2015.02.018,Pleasure Systems in the Brain,,2015,brain,neuroscience,True,,,Neuron,neuron,False,openalex,Kent Berridge; Morten L. Kringelbach,https://doi.org/10.1016/j.neuron.2015.02.018,1672,,,,25950633,,,,,,,True,cited_by_count>=1321 (top 10.0%); cited_by_count>=1321 (top 10.0%),10.1016/j.neuron.2015.02.018,,,False,0.009359598
https://openalex.org/W2765424254,10.1109/tevc.2019.2890858,One Pixel Attack for Fooling Deep Neural Networks,"Recent research has revealed that the output of deep neural networks (DNNs) can be easily altered by adding relatively small perturbations to the input vector. In this paper, we analyze an attack in an extremely limited scenario where only one pixel can be modified. For that we propose a novel method for generating one-pixel adversarial perturbations based on differential evolution (DE). It requires less adversarial information (a black-box attack) and can fool more types of networks due to the inherent features of DE. The results show that 67.97% of the natural images in Kaggle CIFAR-10 test dataset and 16.04% of the ImageNet (ILSVRC 2012) test images can be perturbed to at least one target class by modifying just one pixel with 74.03% and 22.91% confidence on average. We also show the same vulnerability on the original CIFAR-10 dataset. Thus, the proposed attack explores a different take on adversarial machine learning in an extreme limited scenario, showing that current DNNs are also vulnerable to such low dimension attacks. Besides, we also illustrate an important application of DE (or broadly speaking, evolutionary computation) in the domain of adversarial machine learning: creating tools that can effectively generate low-cost adversarial attacks against neural networks for evaluating robustness.",2019,neural,neuroscience,True,,,IEEE Transactions on Evolutionary Computation,ieee transactions on evolutionary computation,False,openalex,Jiawei Su; Danilo Vasconcellos Vargas; Kouichi Sakurai,http://arxiv.org/abs/1710.08864,1669,,,,,,,,,,,True,cited_by_count>=1321 (top 10.0%); cited_by_count>=1321 (top 10.0%),10.1109/tevc.2019.2890858,,,False,-0.041873794
https://openalex.org/W2578240541,10.1021/acscentsci.7b00512,Generating Focused Molecule Libraries for Drug Discovery with Recurrent Neural Networks,drug design cycle to generate large sets of novel molecules for drug discovery.,2017,neural,neuroscience,True,,,ACS Central Science,acs central science,True,openalex,Marwin Segler; Thierry Kogej; Christian Tyrchan; Mark P. Waller,https://doi.org/10.1021/acscentsci.7b00512,1662,,,,29392184,,,,,,,True,cited_by_count>=1321 (top 10.0%); cited_by_count>=1321 (top 10.0%),10.1021/acscentsci.7b00512,,,False,0.1608929
https://openalex.org/W2172864295,10.1016/j.cell.2015.10.067,Establishment and Dysfunction of the Blood-Brain Barrier,,2015,brain,neuroscience,True,,,Cell,cell,False,openalex,Zhen Zhao; Amy R. Nelson; Christer Betsholtz; Berislav V. Zloković,https://doi.org/10.1016/j.cell.2015.10.067,1655,,,,26590417,,,,,,,True,cited_by_count>=1321 (top 10.0%); cited_by_count>=1321 (top 10.0%),10.1016/j.cell.2015.10.067,,,False,-0.007100081
https://openalex.org/W1767010801,10.1038/nrneurol.2015.119,Clearance systems in the brain—implications for Alzheimer disease,,2015,brain,neuroscience,False,,,Nature Reviews Neurology,nature reviews neurology,False,openalex,Jenna M. Tarasoff-Conway; Roxana O. Carare; Ricardo S. Osorio; Lidia Glodzik; Tracy Butler; Els Fieremans; Leon Axel; Henry Rusinek; Charles Nicholson; Berislav V. Zloković; Blas Frangione; Kaj Blennow; Joël Ménard; Henrik Zetterberg; Thomas Wısnıewskı; Mony J. de Leon,,1649,,,,26195256,,,,,,,True,cited_by_count>=1321 (top 10.0%); cited_by_count>=1321 (top 10.0%),10.1038/nrneurol.2015.119,,,False,0.0962645
https://openalex.org/W2492450141,10.1001/jama.2016.9839,Effect of Radiosurgery Alone vs Radiosurgery With Whole Brain Radiation Therapy on Cognitive Function in Patients With 1 to 3 Brain Metastases,"IMPORTANCE: Whole brain radiotherapy (WBRT) significantly improves tumor control in the brain after stereotactic radiosurgery (SRS), yet because of its association with cognitive decline, its role in the treatment of patients with brain metastases remains controversial. OBJECTIVE: To determine whether there is less cognitive deterioration at 3 months after SRS alone vs SRS plus WBRT. DESIGN, SETTING, AND PARTICIPANTS: At 34 institutions in North America, patients with 1 to 3 brain metastases were randomized to receive SRS or SRS plus WBRT between February 2002 and December 2013. INTERVENTIONS: The WBRT dose schedule was 30 Gy in 12 fractions; the SRS dose was 18 to 22 Gy in the SRS plus WBRT group and 20 to 24 Gy for SRS alone. MAIN OUTCOMES AND MEASURES: The primary end point was cognitive deterioration (decline >1 SD from baseline on at least 1 cognitive test at 3 months) in participants who completed the baseline and 3-month assessments. Secondary end points included time to intracranial failure, quality of life, functional independence, long-term cognitive status, and overall survival. RESULTS: There were 213 randomized participants (SRS alone, n = 111; SRS plus WBRT, n = 102) with a mean age of 60.6 years (SD, 10.5 years); 103 (48%) were women. There was less cognitive deterioration at 3 months after SRS alone (40/63 patients [63.5%]) than when combined with WBRT (44/48 patients [91.7%]; difference, -28.2%; 90% CI, -41.9% to -14.4%; P < .001). Quality of life was higher at 3 months with SRS alone, including overall quality of life (mean change from baseline, -0.1 vs -12.0 points; mean difference, 11.9; 95% CI, 4.8-19.0 points; P = .001). Time to intracranial failure was significantly shorter for SRS alone compared with SRS plus WBRT (hazard ratio, 3.6; 95% CI, 2.2-5.9; P < .001). There was no significant difference in functional independence at 3 months between the treatment groups (mean change from baseline, -1.5 points for SRS alone vs -4.2 points for SRS plus WBRT; mean difference, 2.7 points; 95% CI, -2.0 to 7.4 points; P = .26). Median overall survival was 10.4 months for SRS alone and 7.4 months for SRS plus WBRT (hazard ratio, 1.02; 95% CI, 0.75-1.38; P = .92). For long-term survivors, the incidence of cognitive deterioration was less after SRS alone at 3 months (5/11 [45.5%] vs 16/17 [94.1%]; difference, -48.7%; 95% CI, -87.6% to -9.7%; P = .007) and at 12 months (6/10 [60%] vs 17/18 [94.4%]; difference, -34.4%; 95% CI, -74.4% to 5.5%; P = .04). CONCLUSIONS AND RELEVANCE: Among patients with 1 to 3 brain metastases, the use of SRS alone, compared with SRS combined with WBRT, resulted in less cognitive deterioration at 3 months. In the absence of a difference in overall survival, these findings suggest that for patients with 1 to 3 brain metastases amenable to radiosurgery, SRS alone may be a preferred strategy. TRIAL REGISTRATION: clinicaltrials.gov Identifier: NCT00377156.",2016,brain,neuroscience,True,,,JAMA,jama,False,openalex,Paul D. Brown; Kurt A. Jaeckle; Karla V. Ballman; Elana Farace; Jane H. Cerhan; S. Keith Anderson; Xiomara W. Carrero; Fred G. Barker; Richard L. Deming; Stuart H. Burri; Cynthia Ménard; Caroline Chung; Volker W. Stieber; Bruce E. Pollock; Evanthia Galanis; Jan C. Buckner; Anthony L. Asher,https://doi.org/10.1001/jama.2016.9839,1646,,,,27458945,,,,,,,True,cited_by_count>=1321 (top 10.0%); cited_by_count>=1321 (top 10.0%),10.1001/jama.2016.9839,,,False,0.009198967
https://openalex.org/W2594877703,10.1007/978-3-319-63387-9_5,Reluplex: An Efficient SMT Solver for Verifying Deep Neural Networks,,2017,neural,neuroscience,False,,,Lecture notes in computer science,lecture notes in computer science,False,openalex,Guy Katz; Clark Barrett; David L. Dill; Kyle D. Julian; Mykel J. Kochenderfer,,1645,,,,,,,,,,,True,cited_by_count>=1321 (top 10.0%); cited_by_count>=1321 (top 10.0%),10.1007/978-3-319-63387-9_5,,,False,0.060325112
https://openalex.org/W2148138104,,Neural Network Toolbox™ User's Guide,,2015,neural,neuroscience,False,,,,,,openalex,Mark Beale; Martin Hagan; Howard B. Demuth,,1645,,,,,,,,,,,True,cited_by_count>=1321 (top 10.0%); cited_by_count>=1321 (top 10.0%),,,,False,0.20768538
https://openalex.org/W2772084711,10.1016/j.ress.2017.11.021,Remaining useful life estimation in prognostics using deep convolution neural networks,,2017,neural,neuroscience,False,,,Reliability Engineering & System Safety,reliability engineering & system safety,False,openalex,Xiang Li; Qian Ding; Jian‐Qiao Sun,,1639,,,,,,,,,,,True,cited_by_count>=1321 (top 10.0%); cited_by_count>=1321 (top 10.0%),10.1016/j.ress.2017.11.021,,,False,0.16255143
https://openalex.org/W2964209782,10.1109/cvpr.2018.00120,CSRNet: Dilated Convolutional Neural Networks for Understanding the Highly Congested Scenes,"We propose a network for Congested Scene Recognition called CSRNet to provide a data-driven and deep learning method that can understand highly congested scenes and perform accurate count estimation as well as present high-quality density maps. The proposed CSRNet is composed of two major components: a convolutional neural network (CNN) as the front-end for 2D feature extraction and a dilated CNN for the back-end, which uses dilated kernels to deliver larger reception fields and to replace pooling operations. CSRNet is an easy-trained model because of its pure convolutional structure. We demonstrate CSRNet on four datasets (ShanghaiTech dataset, the UCF_CC_50 dataset, the WorldEXPO'10 dataset, and the UCSD dataset) and we deliver the state-of-the-art performance. In the ShanghaiTech Part_B dataset, CSRNet achieves 47.3% lower Mean Absolute Error (MAE) than the previous state-of-the-art method. We extend the targeted applications for counting other objects, such as the vehicle in TRANCOS dataset. Results show that CSRNet significantly improves the output quality with 15.4% lower MAE than the previous state-of-the-art approach.",2018,neural,neuroscience,False,,,,,,openalex,Yuhong Li; Xiaofan Zhang; Deming Chen,,1635,,,,,,,,,,,True,cited_by_count>=1321 (top 10.0%); cited_by_count>=1321 (top 10.0%),10.1109/cvpr.2018.00120,,,False,0.012608483
https://openalex.org/W2490270993,10.1007/978-3-319-46493-0_22,A Unified Multi-scale Deep Convolutional Neural Network for Fast Object Detection,,2016,neural,neuroscience,False,,,Lecture notes in computer science,lecture notes in computer science,False,openalex,Zhaowei Cai; Quanfu Fan; Rogério Feris; Nuno Vasconcelos,,1632,,,,,,,,,,,True,cited_by_count>=1321 (top 10.0%); cited_by_count>=1321 (top 10.0%),10.1007/978-3-319-46493-0_22,,,False,-0.026939258
https://openalex.org/W2339840868,10.1038/nrn.2016.22,Neural correlates of consciousness: progress and problems,,2016,neural,neuroscience,False,,,Nature reviews. Neuroscience,nature reviews. neuroscience,False,openalex,Christof Koch; Marcello Massimini; Mélanie Boly; Giulio Tononi,,1629,,,,27094080,,,,,,,True,cited_by_count>=1321 (top 10.0%); cited_by_count>=1321 (top 10.0%),10.1038/nrn.2016.22,,,False,0.019475427
https://openalex.org/W3215769467,10.1109/cvpr52688.2022.00539,Mip-NeRF 360: Unbounded Anti-Aliased Neural Radiance Fields,"Though neural radiance fields (NeRF) have demon-strated impressive view synthesis results on objects and small bounded regions of space, they struggle on “un-bounded” scenes, where the camera may point in any di-rection and content may exist at any distance. In this set-ting, existing NeRF-like models often produce blurry or low-resolution renderings (due to the unbalanced detail and scale of nearby and distant objects), are slow to train, and may exhibit artifacts due to the inherent ambiguity of the task of reconstructing a large scene from a small set of images. We present an extension of mip-NeRF (a NeRF variant that addresses sampling and aliasing) that uses a non-linear scene parameterization, online distillation, and a novel distortion-based regularizer to overcome the chal-lenges presented by unbounded scenes. Our model, which we dub “mip-NeRF 360” as we target scenes in which the camera rotates 360 degrees around a point, reduces mean-squared error by 57% compared to mip-NeRF, and is able to produce realistic synthesized views and detailed depth maps for highly intricate, unbounded real-world scenes.",2022,neural,neuroscience,False,,,2022 IEEE/CVF Conference on Computer Vision and Pattern Recognition (CVPR),2022 ieee/cvf conference on computer vision and pattern recognition (cvpr),False,openalex,Jonathan T. Barron; Ben Mildenhall; Dor Verbin; Pratul P. Srinivasan; Peter Hedman,,1625,,,,,,,,,,,True,cited_by_count>=1321 (top 10.0%); cited_by_count>=1321 (top 10.0%),10.1109/cvpr52688.2022.00539,,,False,0.016651195
https://openalex.org/W4221163766,10.1007/978-3-031-08999-2_22,Swin UNETR: Swin Transformers for Semantic Segmentation of Brain Tumors in MRI Images,,2022,brain,neuroscience,False,,,Lecture notes in computer science,lecture notes in computer science,False,openalex,Ali Hatamizadeh; Vishwesh Nath; Yucheng Tang; Dong Yang; Holger R. Roth; Daguang Xu,,1625,,,,,,,,,,,True,cited_by_count>=1321 (top 10.0%); cited_by_count>=1321 (top 10.0%),10.1007/978-3-031-08999-2_22,,,False,0.021215169
https://openalex.org/W2531327146,10.48550/arxiv.1610.02136,A Baseline for Detecting Misclassified and Out-of-Distribution Examples in Neural Networks,"We consider the two related problems of detecting if an example is misclassified or out-of-distribution. We present a simple baseline that utilizes probabilities from softmax distributions. Correctly classified examples tend to have greater maximum softmax probabilities than erroneously classified and out-of-distribution examples, allowing for their detection. We assess performance by defining several tasks in computer vision, natural language processing, and automatic speech recognition, showing the effectiveness of this baseline across all. We then show the baseline can sometimes be surpassed, demonstrating the room for future research on these underexplored detection tasks.",2016,neural,neuroscience,True,,,arXiv (Cornell University),arxiv (cornell university),True,openalex,Dan Hendrycks; Kevin Gimpel,http://arxiv.org/abs/1610.02136,1623,,,,,,,,,,,True,cited_by_count>=1321 (top 10.0%); cited_by_count>=1321 (top 10.0%),10.48550/arxiv.1610.02136,,,False,-0.055999905
https://openalex.org/W4225405705,10.1038/s41467-022-29939-5,E(3)-equivariant graph neural networks for data-efficient and accurate interatomic potentials,"This work presents Neural Equivariant Interatomic Potentials (NequIP), an E(3)-equivariant neural network approach for learning interatomic potentials from ab-initio calculations for molecular dynamics simulations. While most contemporary symmetry-aware models use invariant convolutions and only act on scalars, NequIP employs E(3)-equivariant convolutions for interactions of geometric tensors, resulting in a more information-rich and faithful representation of atomic environments. The method achieves state-of-the-art accuracy on a challenging and diverse set of molecules and materials while exhibiting remarkable data efficiency. NequIP outperforms existing models with up to three orders of magnitude fewer training data, challenging the widely held belief that deep neural networks require massive training sets. The high data efficiency of the method allows for the construction of accurate potentials using high-order quantum chemical level of theory as reference and enables high-fidelity molecular dynamics simulations over long time scales.",2022,neural,neuroscience,True,,,Nature Communications,nature communications,True,openalex,Simon Batzner; Albert Musaelian; Lixin Sun; Mario Geiger; Jonathan P. Mailoa; Mordechai Kornbluth; Nicola Molinari; Tess Smidt; Boris Kozinsky,https://doi.org/10.1038/s41467-022-29939-5,1621,,,,35508450,,,,,,,True,cited_by_count>=1321 (top 10.0%); cited_by_count>=1321 (top 10.0%),10.1038/s41467-022-29939-5,,,False,0.105609596
https://openalex.org/W2892013400,10.1016/j.jalz.2018.07.219,"Whitepaper: Defining and investigating cognitive reserve, brain reserve, and brain maintenance","Several concepts, which in the aggregate get might be used to account for ""resilience"" against age- and disease-related changes, have been the subject of much research. These include brain reserve, cognitive reserve, and brain maintenance. However, different investigators have use these terms in different ways, and there has never been an attempt to arrive at consensus on the definition of these concepts. Furthermore, there has been confusion regarding the measurement of these constructs and the appropriate ways to apply them to research. Therefore the reserve, resilience, and protective factors professional interest area, established under the auspices of the Alzheimer's Association, established a whitepaper workgroup to develop consensus definitions for cognitive reserve, brain reserve, and brain maintenance. The workgroup also evaluated measures that have been used to implement these concepts in research settings and developed guidelines for research that explores or utilizes these concepts. The workgroup hopes that this whitepaper will form a reference point for researchers in this area and facilitate research by supplying a common language.",2018,brain,neuroscience,True,,,Alzheimer s & Dementia,alzheimer s & dementia,False,openalex,"Yaakov Stern; Eider M. Arenaza‐Urquijo; David Bartrés‐Faz; Sylvie Belleville; Marc Cantilon; Gaël Chételat; Michael Ewers; Nicolai Franzmeier; Gerd Kempermann; William S. Kremen; Ozioma C. Okonkwo; Nikolaos Scarmeas; Anja Soldan; Chinedu Udeh‐Momoh; Michael Valenzuela; Prashanthi Vemuri; Eero Vuoksimaa; and the Reserve, Resilience and Protective Factors PIA Empirical Definitions and Conceptual Frameworks Workgroup",http://hdl.handle.net/10138/334737,1615,,,,30222945,,,,,,,True,cited_by_count>=1321 (top 10.0%); cited_by_count>=1321 (top 10.0%),10.1016/j.jalz.2018.07.219,,,False,0.09192151
https://openalex.org/W1600744878,10.1109/icassp.2015.7178838,"Convolutional, Long Short-Term Memory, fully connected Deep Neural Networks","Both Convolutional Neural Networks (CNNs) and Long Short-Term Memory (LSTM) have shown improvements over Deep Neural Networks (DNNs) across a wide variety of speech recognition tasks. CNNs, LSTMs and DNNs are complementary in their modeling capabilities, as CNNs are good at reducing frequency variations, LSTMs are good at temporal modeling, and DNNs are appropriate for mapping features to a more separable space. In this paper, we take advantage of the complementarity of CNNs, LSTMs and DNNs by combining them into one unified architecture. We explore the proposed architecture, which we call CLDNN, on a variety of large vocabulary tasks, varying from 200 to 2,000 hours. We find that the CLDNN provides a 4-6% relative improvement in WER over an LSTM, the strongest of the three individual models.",2015,neural,neuroscience,False,,,,,,openalex,Tara N. Sainath; Oriol Vinyals; Andrew Senior; Haşim Sak,,1613,,,,,,,,,,,True,cited_by_count>=1321 (top 10.0%); cited_by_count>=1321 (top 10.0%),10.1109/icassp.2015.7178838,,,False,-0.022281852
https://openalex.org/W2892880750,10.1609/aaai.v33i01.33013558,Hypergraph Neural Networks,"In this paper, we present a hypergraph neural networks (HGNN) framework for data representation learning, which can encode high-order data correlation in a hypergraph structure. Confronting the challenges of learning representation for complex data in real practice, we propose to incorporate such data structure in a hypergraph, which is more flexible on data modeling, especially when dealing with complex data. In this method, a hyperedge convolution operation is designed to handle the data correlation during representation learning. In this way, traditional hypergraph learning procedure can be conducted using hyperedge convolution operations efficiently. HGNN is able to learn the hidden layer representation considering the high-order data structure, which is a general framework considering the complex data correlations. We have conducted experiments on citation network classification and visual object recognition tasks and compared HGNN with graph convolutional networks and other traditional methods. Experimental results demonstrate that the proposed HGNN method outperforms recent state-of-theart methods. We can also reveal from the results that the proposed HGNN is superior when dealing with multi-modal data compared with existing methods.",2019,neural,neuroscience,True,,,Proceedings of the AAAI Conference on Artificial Intelligence,proceedings of the aaai conference on artificial intelligence,True,openalex,Yifan Feng; Haoxuan You; Zizhao Zhang; Rongrong Ji; Yue Gao,https://doi.org/10.1609/aaai.v33i01.33013558,1591,,,,,,,,,,,True,cited_by_count>=1321 (top 10.0%); cited_by_count>=1321 (top 10.0%),10.1609/aaai.v33i01.33013558,,,False,-0.020935977
https://openalex.org/W2534240011,10.1017/jfm.2016.615,Reynolds averaged turbulence modelling using deep neural networks with embedded invariance,"There exists significant demand for improved Reynolds-averaged Navier–Stokes (RANS) turbulence models that are informed by and can represent a richer set of turbulence physics. This paper presents a method of using deep neural networks to learn a model for the Reynolds stress anisotropy tensor from high-fidelity simulation data. A novel neural network architecture is proposed which uses a multiplicative layer with an invariant tensor basis to embed Galilean invariance into the predicted anisotropy tensor. It is demonstrated that this neural network architecture provides improved prediction accuracy compared with a generic neural network architecture that does not embed this invariance property. The Reynolds stress anisotropy predictions of this invariant neural network are propagated through to the velocity field for two test cases. For both test cases, significant improvement versus baseline RANS linear eddy viscosity and nonlinear eddy viscosity models is demonstrated.",2016,neural,neuroscience,True,,,Journal of Fluid Mechanics,journal of fluid mechanics,False,openalex,Julia Ling; Andrew Kurzawski; Jeremy Alan Templeton,https://www.osti.gov/biblio/1333570,1576,,,,,,,,,,,True,cited_by_count>=1321 (top 10.0%); cited_by_count>=1321 (top 10.0%),10.1017/jfm.2016.615,,,False,0.017573386
https://openalex.org/W1552434751,10.1073/pnas.1507125112,A survey of human brain transcriptome diversity at the single cell level,"The human brain is a tissue of vast complexity in terms of the cell types it comprises. Conventional approaches to classifying cell types in the human brain at single cell resolution have been limited to exploring relatively few markers and therefore have provided a limited molecular characterization of any given cell type. We used single cell RNA sequencing on 466 cells to capture the cellular complexity of the adult and fetal human brain at a whole transcriptome level. Healthy adult temporal lobe tissue was obtained during surgical procedures where otherwise normal tissue was removed to gain access to deeper hippocampal pathology in patients with medical refractory seizures. We were able to classify individual cells into all of the major neuronal, glial, and vascular cell types in the brain. We were able to divide neurons into individual communities and show that these communities preserve the categorization of interneuron subtypes that is typically observed with the use of classic interneuron markers. We then used single cell RNA sequencing on fetal human cortical neurons to identify genes that are differentially expressed between fetal and adult neurons and those genes that display an expression gradient that reflects the transition between replicating and quiescent fetal neuronal populations. Finally, we observed the expression of major histocompatibility complex type I genes in a subset of adult neurons, but not fetal neurons. The work presented here demonstrates the applicability of single cell RNA sequencing on the study of the adult human brain and constitutes a first step toward a comprehensive cellular atlas of the human brain.",2015,brain,neuroscience,True,,,Proceedings of the National Academy of Sciences,proceedings of the national academy of sciences,False,openalex,Spyros Darmanis; Steven A. Sloan; Ye Zhang; Martin Enge; Christine Caneda; Lawrence M. Shuer; Melanie Hayden Gephart; Ben A. Barres; Stephen R. Quake,https://doi.org/10.1073/pnas.1507125112,1558,,,,26060301,,,,,,,True,cited_by_count>=1321 (top 10.0%); cited_by_count>=1321 (top 10.0%),10.1073/pnas.1507125112,,,False,-0.019059578
https://openalex.org/W2963855133,10.1109/cvpr.2019.00065,Bag of Tricks for Image Classification with Convolutional Neural Networks,"Much of the recent progress made in image classification research can be credited to training procedure refinements, such as changes in data augmentations and optimization methods. In the literature, however, most refinements are either briefly mentioned as implementation details or only visible in source code. In this paper, we will examine a collection of such refinements and empirically evaluate their impact on the final model accuracy through ablation study. We will show that, by combining these refinements together, we are able to improve various CNN models significantly. For example, we raise ResNet-50's top-1 validation accuracy from 75.3% to 79.29% on ImageNet. We will also demonstrate that improvement on image classification accuracy leads to better transfer learning performance in other application domains such as object detection and semantic segmentation.",2019,neural,neuroscience,False,,,,,,openalex,Tong He; Zhi Zhang; Hang Zhang; Zhongyue Zhang; Junyuan Xie; Mu Li,,1545,,,,,,,,,,,True,cited_by_count>=1321 (top 10.0%); cited_by_count>=1321 (top 10.0%),10.1109/cvpr.2019.00065,,,False,0.07090241
https://openalex.org/W3200673624,10.1137/20m1318043,Understanding and Mitigating Gradient Flow Pathologies in Physics-Informed Neural Networks,"Related DatabasesWeb of Science You must be logged in with an active subscription to view this.Article DataHistorySubmitted: 12 February 2020Accepted: 25 May 2021Published online: 09 September 2021Keywordsdeep learning, differential equations, optimization, stiff dynamics, computational physicsAMS Subject Headings68T99, 65M99, 68U20Publication DataISSN (print): 1064-8275ISSN (online): 1095-7197Publisher: Society for Industrial and Applied MathematicsCODEN: sjoce3",2021,neural,neuroscience,False,,,SIAM Journal on Scientific Computing,siam journal on scientific computing,False,openalex,Sifan Wang; Yujun Teng; Paris Perdikaris,,1542,,,,,,,,,,,True,cited_by_count>=1321 (top 10.0%); cited_by_count>=1321 (top 10.0%),10.1137/20m1318043,,,False,0.117324695
https://openalex.org/W2738724892,10.1016/j.neuron.2017.06.011,Neuroscience-Inspired Artificial Intelligence,,2017,neuroscience,neuroscience,True,,,Neuron,neuron,False,openalex,Demis Hassabis; Dharshan Kumaran; Christopher Summerfield; Matthew Botvinick,https://doi.org/10.1016/j.neuron.2017.06.011,1541,,,,28728020,,,,,,,True,cited_by_count>=1321 (top 10.0%); cited_by_count>=1321 (top 10.0%),10.1016/j.neuron.2017.06.011,,,False,0.085590936
https://openalex.org/W4220784902,10.1038/s41586-022-04569-5,SARS-CoV-2 is associated with changes in brain structure in UK Biobank,". However, it remains unknown whether the impact of SARS-CoV-2 infection can be detected in milder cases, and whether this can reveal possible mechanisms contributing to brain pathology. Here we investigated brain changes in 785 participants of UK Biobank (aged 51-81 years) who were imaged twice using magnetic resonance imaging, including 401 cases who tested positive for infection with SARS-CoV-2 between their two scans-with 141 days on average separating their diagnosis and the second scan-as well as 384 controls. The availability of pre-infection imaging data reduces the likelihood of pre-existing risk factors being misinterpreted as disease effects. We identified significant longitudinal effects when comparing the two groups, including (1) a greater reduction in grey matter thickness and tissue contrast in the orbitofrontal cortex and parahippocampal gyrus; (2) greater changes in markers of tissue damage in regions that are functionally connected to the primary olfactory cortex; and (3) a greater reduction in global brain size in the SARS-CoV-2 cases. The participants who were infected with SARS-CoV-2 also showed on average a greater cognitive decline between the two time points. Importantly, these imaging and cognitive longitudinal effects were still observed after excluding the 15 patients who had been hospitalised. These mainly limbic brain imaging results may be the in vivo hallmarks of a degenerative spread of the disease through olfactory pathways, of neuroinflammatory events, or of the loss of sensory input due to anosmia. Whether this deleterious effect can be partially reversed, or whether these effects will persist in the long term, remains to be investigated with additional follow-up.",2022,brain,neuroscience,True,,,Nature,nature,False,openalex,Gwenaëlle Douaud; Soojin Lee; Fidel Alfaro‐Almagro; Christoph Arthofer; Chaoyue Wang; Paul J. McCarthy; Frederik Lange; Jesper Andersson; Ludovica Griffanti; Eugene Duff; Saâd Jbabdi; Bernd Taschler; Peter Keating; Anderson M. Winkler; Rory Collins; Paul M. Matthews; Naomi E. Allen; Karla L. Miller; Thomas E. Nichols; Stephen M. Smith,https://doi.org/10.1038/s41586-022-04569-5,1532,,,,35255491,,,,,,,True,cited_by_count>=1321 (top 10.0%); cited_by_count>=1321 (top 10.0%),10.1038/s41586-022-04569-5,,,False,0.038423322
https://openalex.org/W2250966211,10.18653/v1/d15-1167,Document Modeling with Gated Recurrent Neural Network for Sentiment Classification,"Document level sentiment classification remains a challenge: encoding the intrin-sic relations between sentences in the se-mantic meaning of a document. To ad-dress this, we introduce a neural network model to learn vector-based document rep-resentation in a unified, bottom-up fash-ion. The model first learns sentence rep-resentation with convolutional neural net-work or long short-term memory. After-wards, semantics of sentences and their relations are adaptively encoded in docu-ment representation with gated recurren-t neural network. We conduct documen-t level sentiment classification on four large-scale review datasets from IMDB and Yelp Dataset Challenge. Experimen-tal results show that: (1) our neural mod-el shows superior performances over sev-eral state-of-the-art algorithms; (2) gat-ed recurrent neural network dramatically outperforms standard recurrent neural net-work in document modeling for sentiment classification.1 1",2015,neural,neuroscience,True,,,,,,openalex,Duyu Tang; Bing Qin; Ting Liu,https://doi.org/10.18653/v1/d15-1167,1532,,,,,,,,,,,True,cited_by_count>=1321 (top 10.0%); cited_by_count>=1321 (top 10.0%),10.18653/v1/d15-1167,,,False,0.032141544
https://openalex.org/W4378217890,10.1038/s41392-023-01481-w,"The blood–brain barrier: Structure, regulation and drug delivery","Blood-brain barrier (BBB) is a natural protective membrane that prevents central nervous system (CNS) from toxins and pathogens in blood. However, the presence of BBB complicates the pharmacotherapy for CNS disorders as the most chemical drugs and biopharmaceuticals have been impeded to enter the brain. Insufficient drug delivery into the brain leads to low therapeutic efficacy as well as aggravated side effects due to the accumulation in other organs and tissues. Recent breakthrough in materials science and nanotechnology provides a library of advanced materials with customized structure and property serving as a powerful toolkit for targeted drug delivery. In-depth research in the field of anatomical and pathological study on brain and BBB further facilitates the development of brain-targeted strategies for enhanced BBB crossing. In this review, the physiological structure and different cells contributing to this barrier are summarized. Various emerging strategies for permeability regulation and BBB crossing including passive transcytosis, intranasal administration, ligands conjugation, membrane coating, stimuli-triggered BBB disruption, and other strategies to overcome BBB obstacle are highlighted. Versatile drug delivery systems ranging from organic, inorganic, and biologics-derived materials with their synthesis procedures and unique physio-chemical properties are summarized and analyzed. This review aims to provide an up-to-date and comprehensive guideline for researchers in diverse fields, offering perspectives on further development of brain-targeted drug delivery system.",2023,brain,neuroscience,True,,,Signal Transduction and Targeted Therapy,signal transduction and targeted therapy,True,openalex,Di Wu; Qi Chen; Xiaojie Chen; Feng Han; Zhong Chen; Yi Wang,https://doi.org/10.1038/s41392-023-01481-w,1518,,,,37231000,,,,,,,True,cited_by_count>=1321 (top 10.0%); cited_by_count>=1321 (top 10.0%),10.1038/s41392-023-01481-w,,,False,0.048097443
https://openalex.org/W1932847118,10.1109/cvpr.2015.7299173,Convolutional neural networks at constrained time cost,"Though recent advanced convolutional neural networks (CNNs) have been improving the image recognition accuracy, the models are getting more complex and time-consuming. For real-world applications in industrial and commercial scenarios, engineers and developers are often faced with the requirement of constrained time budget. In this paper, we investigate the accuracy of CNNs under constrained time cost. Under this constraint, the designs of the network architectures should exhibit as trade-offs among the factors like depth, numbers of filters, filter sizes, etc. With a series of controlled comparisons, we progressively modify a baseline model while preserving its time complexity. This is also helpful for understanding the importance of the factors in network designs. We present an architecture that achieves very competitive accuracy in the ImageNet dataset (11.8% top-5 error, 10-view test), yet is 20% faster than “AlexNet” [14] (16.0% top-5 error, 10-view test).",2015,neural,neuroscience,False,,,,,,openalex,Kaiming He; Jian Sun,,1518,,,,,,,,,,,True,cited_by_count>=1321 (top 10.0%); cited_by_count>=1321 (top 10.0%),10.1109/cvpr.2015.7299173,,,False,-0.0362425
https://openalex.org/W2794083495,10.1126/science.aam8999,Single-cell profiling of the developing mouse brain and spinal cord with split-pool barcoding,"To facilitate scalable profiling of single cells, we developed split-pool ligation-based transcriptome sequencing (SPLiT-seq), a single-cell RNA-seq (scRNA-seq) method that labels the cellular origin of RNA through combinatorial barcoding. SPLiT-seq is compatible with fixed cells or nuclei, allows efficient sample multiplexing, and requires no customized equipment. We used SPLiT-seq to analyze 156,049 single-nucleus transcriptomes from postnatal day 2 and 11 mouse brains and spinal cords. More than 100 cell types were identified, with gene expression patterns corresponding to cellular function, regional specificity, and stage of differentiation. Pseudotime analysis revealed transcriptional programs driving four developmental lineages, providing a snapshot of early postnatal development in the murine central nervous system. SPLiT-seq provides a path toward comprehensive single-cell transcriptomic analysis of other similarly complex multicellular systems.",2018,brain,neuroscience,True,,,Science,science,False,openalex,Alexander Rosenberg; Charles M. Roco; Richard A. Muscat; Anna Kuchina; Paul Sample; Zizhen Yao; Lucas T. Graybuck; David J. Peeler; Sumit Mukherjee; Wei Chen; Suzie H. Pun; Drew L. Sellers; Bosiljka Tasic; Georg Seelig,https://www.ncbi.nlm.nih.gov/pmc/articles/7643870,1515,,,,29545511,,,,,,,True,cited_by_count>=1321 (top 10.0%); cited_by_count>=1321 (top 10.0%),10.1126/science.aam8999,,,False,0.09041069
https://openalex.org/W2571093196,10.1038/nrn.2016.167,Scanning the horizon: towards transparent and reproducible neuroimaging research,,2017,neuroimaging,neuroscience,True,,,Nature reviews. Neuroscience,nature reviews. neuroscience,False,openalex,Russell A. Poldrack; Chris I. Baker; Joke Durnez; Krzysztof J. Gorgolewski; Paul M. Matthews; Marcus R. Munafò; Thomas E. Nichols; Jean‐Baptiste Poline; Edward Vul; Tal Yarkoni,https://doi.org/10.1038/nrn.2016.167,1510,,,,28053326,,,,,,,True,cited_by_count>=1321 (top 10.0%); cited_by_count>=1321 (top 10.0%),10.1038/nrn.2016.167,,,False,0.11875626
https://openalex.org/W2809090039,10.48550/arxiv.1806.07572,Neural Tangent Kernel: Convergence and Generalization in Neural Networks,"At initialization, artificial neural networks (ANNs) are equivalent to Gaussian processes in the infinite-width limit, thus connecting them to kernel methods. We prove that the evolution of an ANN during training can also be described by a kernel: during gradient descent on the parameters of an ANN, the network function $f_θ$ (which maps input vectors to output vectors) follows the kernel gradient of the functional cost (which is convex, in contrast to the parameter cost) w.r.t. a new kernel: the Neural Tangent Kernel (NTK). This kernel is central to describe the generalization features of ANNs. While the NTK is random at initialization and varies during training, in the infinite-width limit it converges to an explicit limiting kernel and it stays constant during training. This makes it possible to study the training of ANNs in function space instead of parameter space. Convergence of the training can then be related to the positive-definiteness of the limiting NTK. We prove the positive-definiteness of the limiting NTK when the data is supported on the sphere and the non-linearity is non-polynomial. We then focus on the setting of least-squares regression and show that in the infinite-width limit, the network function $f_θ$ follows a linear differential equation during training. The convergence is fastest along the largest kernel principal components of the input data with respect to the NTK, hence suggesting a theoretical motivation for early stopping. Finally we study the NTK numerically, observe its behavior for wide networks, and compare it to the infinite-width limit.",2018,neural,neuroscience,True,,,arXiv (Cornell University),arxiv (cornell university),True,openalex,Arthur Paul Jacot; Franck Gabriel; Clément Hongler,http://arxiv.org/abs/1806.07572,1509,,,,,,,,,,,True,cited_by_count>=1321 (top 10.0%); cited_by_count>=1321 (top 10.0%),10.48550/arxiv.1806.07572,,,False,0.035374947
https://openalex.org/W1591706642,10.48550/arxiv.1506.05869,A Neural Conversational Model,"Conversational modeling is an important task in natural language understanding and machine intelligence. Although previous approaches exist, they are often restricted to specific domains (e.g., booking an airline ticket) and require hand-crafted rules. In this paper, we present a simple approach for this task which uses the recently proposed sequence to sequence framework. Our model converses by predicting the next sentence given the previous sentence or sentences in a conversation. The strength of our model is that it can be trained end-to-end and thus requires much fewer hand-crafted rules. We find that this straightforward model can generate simple conversations given a large conversational training dataset. Our preliminary results suggest that, despite optimizing the wrong objective function, the model is able to converse well. It is able extract knowledge from both a domain specific dataset, and from a large, noisy, and general domain dataset of movie subtitles. On a domain-specific IT helpdesk dataset, the model can find a solution to a technical problem via conversations. On a noisy open-domain movie transcript dataset, the model can perform simple forms of common sense reasoning. As expected, we also find that the lack of consistency is a common failure mode of our model.",2015,neural,neuroscience,True,,,arXiv (Cornell University),arxiv (cornell university),True,openalex,Oriol Vinyals; Quoc V. Le,http://arxiv.org/abs/1506.05869,1504,,,,,,,,,,,True,cited_by_count>=1321 (top 10.0%); cited_by_count>=1321 (top 10.0%),10.48550/arxiv.1506.05869,,,False,0.0068402747
https://openalex.org/W3001279689,10.48550/arxiv.2001.08361,Scaling Laws for Neural Language Models,"This paper develops a transport-validity theory for agentic AI interventions that are first screened on small systems and later considered for frontier-scale deployment. Rather than predicting absolute frontier performance, it asks when a comparative gain observed at small scale can be carried forward without overclaiming. The analysis targets an explicitly delimited class of operationally isolatable interventions whose effects can be compiled from logged event-local channels with bounded spillover and replayable extraction maps. The paper proves structured failure modes for naive extrapolation, including sign reversal under bottleneck-weight shift and the vacuity of observable closeness when a descriptor omits a sign-relevant coordinate. It then develops a constructive positive framework based on executable lower certificates: a two-stage compiler architecture, replayable identified sets for stage-one mode laws, descriptor-language growth audits, witness-cover transport certificates, branch-local evaluation bridges, confidence-calibrated audit rules, and portfolio-level frontier allocation under interaction risk. The result is a finite, machine-readable, and operational framework for deciding which small-scale architectural improvements—such as decomposition, tool routing, memory policy, verifier coupling, orchestration, and related inference-time interventions—deserve expensive frontier trials, and how scarce frontier budget should be allocated among them. The paper does not claim a law for AGI timelines and does not remove the need for frontier experimentation; its claim is narrower and practical: to provide replayable, falsifiable conditions for responsible scale-up decisions in agentic AI research.",2020,neural,neuroscience,True,,,arXiv (Cornell University),arxiv (cornell university),True,openalex,Jared Kaplan; Sam McCandlish; Tom Henighan; T. B. Brown; Benjamin Chess; Rewon Child; Scott Gray; Alec Radford; Jeffrey Wu; Dario Amodei,http://arxiv.org/abs/2001.08361,1502,,,,,,,,,,,True,cited_by_count>=1321 (top 10.0%); cited_by_count>=1321 (top 10.0%),10.48550/arxiv.2001.08361,,,False,0.007561423
https://openalex.org/W2786962139,10.1038/nrneurol.2017.185,Brain insulin resistance in type 2 diabetes and Alzheimer disease: concepts and conundrums,,2018,brain,neuroscience,False,,,Nature Reviews Neurology,nature reviews neurology,False,openalex,Steven E. Arnold; Zoe Arvanitakis; Shannon L. Macauley; Aaron Koenig; Hoau-Yan Wang; Rexford S. Ahima; Suzanne Craft; Sam Gandy; Christoph Buettner; Luke E. Stoeckel; David M. Holtzman; David M. Nathan,,1500,,,,29377010,,,,,,,True,cited_by_count>=1321 (top 10.0%); cited_by_count>=1321 (top 10.0%),10.1038/nrneurol.2017.185,,,False,-0.0062197875
https://openalex.org/W2527189750,10.1038/ncomms13890,Quantum-chemical insights from deep tensor neural networks,"Abstract Learning from data has led to paradigm shifts in a multitude of disciplines, including web, text and image search, speech recognition, as well as bioinformatics. Can machine learning enable similar breakthroughs in understanding quantum many-body systems? Here we develop an efficient deep learning approach that enables spatially and chemically resolved insights into quantum-mechanical observables of molecular systems. We unify concepts from many-body Hamiltonians with purpose-designed deep tensor neural networks, which leads to size-extensive and uniformly accurate (1 kcal mol −1 ) predictions in compositional and configurational chemical space for molecules of intermediate size. As an example of chemical relevance, the model reveals a classification of aromatic rings with respect to their stability. Further applications of our model for predicting atomic energies and local chemical potentials in molecules, reliable isomer energies, and molecules with peculiar electronic structure demonstrate the potential of machine learning for revealing insights into complex quantum-chemical systems.",2017,neural,neuroscience,True,,,Nature Communications,nature communications,True,openalex,Kristof T. Schütt; Farhad Arbabzadah; Stefan Chmiela; K. Müller; Alexandre Tkatchenko,https://doi.org/10.1038/ncomms13890,1487,,,,28067221,,,,,,,True,cited_by_count>=1321 (top 10.0%); cited_by_count>=1321 (top 10.0%),10.1038/ncomms13890,,,False,0.12638623
https://openalex.org/W2964044287,10.1145/3132847.3132926,Neural Attentive Session-based Recommendation,"Given e-commerce scenarios that user profiles are invisible, session-based recommendation is proposed to generate recommendation results from short sessions. Previous work only considers the user's sequential behavior in the current session, whereas the user's main purpose in the current session is not emphasized. In this paper, we propose a novel neural networks framework, i.e., Neural Attentive Recommendation Machine (NARM), to tackle this problem. Specifically, we explore a hybrid encoder with an attention mechanism to model the user's sequential behavior and capture the user's main purpose in the current session, which are combined as a unified session representation later. We then compute the recommendation scores for each candidate item with a bi-linear matching scheme based on this unified session representation. We train NARM by jointly learning the item and session representations as well as their matchings. We carried out extensive experiments on two benchmark datasets. Our experimental results show that NARM outperforms state-of-the-art baselines on both datasets. Furthermore, we also find that NARM achieves a significant improvement on long sessions, which demonstrates its advantages in modeling the user's sequential behavior and main purpose simultaneously.",2017,neural,neuroscience,False,,,,,,openalex,Jing Li; Pengjie Ren; Zhumin Chen; Zhaochun Ren; Tao Lian; Jun Ma,,1485,,,,,,,,,,,True,cited_by_count>=1321 (top 10.0%); cited_by_count>=1321 (top 10.0%),10.1145/3132847.3132926,,,False,0.024169156
https://openalex.org/W4301595791,10.1093/neuonc/noac202,CBTRUS Statistical Report: Primary Brain and Other Central Nervous System Tumors Diagnosed in the United States in 2015–2019,"The Central Brain Tumor Registry of the United States (CBTRUS), in collaboration with the Centers for Disease Control and Prevention and the National Cancer Institute, is the largest population-based registry focused exclusively on primary brain and other central nervous system (CNS) tumors in the United States (US) and represents the entire US population. This report contains the most up-to-date population-based data on primary brain tumors available and supersedes all previous reports in terms of completeness and accuracy. All rates are age-adjusted using the 2000 US standard population and presented per 100,000 population. The average annual age-adjusted incidence rate (AAAIR) of all malignant and non-malignant brain and other CNS tumors was 24.71 per 100,000 population (malignant AAAIR=7.02 and non-malignant AAAIR=17.69). This overall rate was higher in females compared to males (27.62 versus 21.60 per 100,000) and non-Hispanic persons compared to Hispanic persons (25.09 versus 22.95 per 100,000). The most commonly occurring malignant brain and other CNS histopathology was glioblastoma (14.2% of all tumors and 50.1% of all malignant tumors), and the most common non-malignant histopathology was meningioma (39.7% of all tumors and 55.4% of all non-malignant tumors). Glioblastoma was more common in males, and meningiomas were more common in females. In children and adolescents (ages 0-19 years), the incidence rate of all primary brain and other CNS tumors was 6.20 per 100,000 population. An estimated 93,470 new cases of malignant and non-malignant brain and other CNS tumors are expected to be diagnosed in the US population in 2022 (26,670 malignant and 66,806 non-malignant). There were 84,264 deaths attributed to malignant brain and other CNS tumors between 2015 and 2019. This represents an average annual mortality rate of 4.41 per 100,000 population and an average of 16,853 deaths per year. The five-year relative survival rate following diagnosis of a malignant brain and other CNS tumor was 35.7%, while for non-malignant brain and other CNS tumors the five-year relative survival rate was 91.8%.",2022,brain,neuroscience,True,,,Neuro-Oncology,neuro-oncology,False,openalex,Quinn T. Ostrom; Mackenzie Price; Corey Neff; Gino Cioffi; Kristin Waite; Carol Kruchko; Jill S. Barnholtz‐Sloan,https://doi.org/10.1093/neuonc/noac202,1478,,,,36196752,,,,,,,True,cited_by_count>=1321 (top 10.0%); cited_by_count>=1321 (top 10.0%),10.1093/neuonc/noac202,,,False,0.06209153
https://openalex.org/W2395300225,10.1016/j.jconrel.2016.05.044,Nanoparticle-mediated brain drug delivery: Overcoming blood–brain barrier to treat neurodegenerative diseases,"The blood-brain barrier (BBB) is a vital boundary between neural tissue and circulating blood. The BBB's unique and protective features control brain homeostasis as well as ion and molecule movement. Failure in maintaining any of these components results in the breakdown of this specialized multicellular structure and consequently promotes neuroinflammation and neurodegeneration. In several high incidence pathologies such as stroke, Alzheimer's (AD) and Parkinson's disease (PD) the BBB is impaired. However, even a damaged and more permeable BBB can pose serious challenges to drug delivery into the brain. The use of nanoparticle (NP) formulations able to encapsulate molecules with therapeutic value, while targeting specific transport processes in the brain vasculature, may enhance drug transport through the BBB in neurodegenerative/ischemic disorders and target relevant regions in the brain for regenerative processes. In this review, we will discuss BBB composition and characteristics and how these features are altered in pathology, namely in stroke, AD and PD. Additionally, factors influencing an efficient intravenous delivery of polymeric and inorganic NPs into the brain as well as NP-related delivery systems with the most promising functional outcomes will also be discussed.",2016,brain,neuroscience,True,,,Journal of Controlled Release,journal of controlled release,False,openalex,Cláudia Saraiva; Catarina Praça; Raquel Ferreira; Tiago Santos; Lino Ferreira; Liliana Bernardino,https://doi.org/10.1016/j.jconrel.2016.05.044,1478,,,,27208862,,,,,,,True,cited_by_count>=1321 (top 10.0%); cited_by_count>=1321 (top 10.0%),10.1016/j.jconrel.2016.05.044,,,False,0.049650952
https://openalex.org/W2803187616,10.48550/arxiv.1805.07836,Generalized Cross Entropy Loss for Training Deep Neural Networks with Noisy Labels,"Deep neural networks (DNNs) have achieved tremendous success in a variety of applications across many disciplines. Yet, their superior performance comes with the expensive cost of requiring correctly annotated large-scale datasets. Moreover, due to DNNs' rich capacity, errors in training labels can hamper performance. To combat this problem, mean absolute error (MAE) has recently been proposed as a noise-robust alternative to the commonly-used categorical cross entropy (CCE) loss. However, as we show in this paper, MAE can perform poorly with DNNs and challenging datasets. Here, we present a theoretically grounded set of noise-robust loss functions that can be seen as a generalization of MAE and CCE. Proposed loss functions can be readily applied with any existing DNN architecture and algorithm, while yielding good performance in a wide range of noisy label scenarios. We report results from experiments conducted with CIFAR-10, CIFAR-100 and FASHION-MNIST datasets and synthetically generated noisy labels.",2018,neural,neuroscience,True,,,PubMed,pubmed,False,openalex,Zhilu Zhang; Mert R. Sabuncu,http://arxiv.org/abs/1805.07836,1476,,,,39839708,,,,,,,True,cited_by_count>=1321 (top 10.0%); cited_by_count>=1321 (top 10.0%),10.48550/arxiv.1805.07836,,,False,-0.04302118
https://openalex.org/W2143502460,10.1146/annurev-psych-122414-033634,Modular Brain Networks,"The development of new technologies for mapping structural and functional brain connectivity has led to the creation of comprehensive network maps of neuronal circuits and systems. The architecture of these brain networks can be examined and analyzed with a large variety of graph theory tools. Methods for detecting modules, or network communities, are of particular interest because they uncover major building blocks or subnetworks that are particularly densely connected, often corresponding to specialized functional components. A large number of methods for community detection have become available and are now widely applied in network neuroscience. This article first surveys a number of these methods, with an emphasis on their advantages and shortcomings; then it summarizes major findings on the existence of modules in both structural and functional brain networks and briefly considers their potential functional roles in brain evolution, wiring minimization, and the emergence of functional specialization and complex dynamics.",2015,brain,neuroscience,True,,,Annual Review of Psychology,annual review of psychology,False,openalex,Olaf Sporns; Richard F. Betzel,https://doi.org/10.1146/annurev-psych-122414-033634,1474,,,,26393868,,,,,,,True,cited_by_count>=1321 (top 10.0%); cited_by_count>=1321 (top 10.0%),10.1146/annurev-psych-122414-033634,,,False,0.056927036
https://openalex.org/W1825675169,10.48550/arxiv.1506.06579,Understanding Neural Networks Through Deep Visualization,"Recent years have produced great advances in training large, deep neural networks (DNNs), including notable successes in training convolutional neural networks (convnets) to recognize natural images. However, our understanding of how these models work, especially what computations they perform at intermediate layers, has lagged behind. Progress in the field will be further accelerated by the development of better tools for visualizing and interpreting neural nets. We introduce two such tools here. The first is a tool that visualizes the activations produced on each layer of a trained convnet as it processes an image or video (e.g. a live webcam stream). We have found that looking at live activations that change in response to user input helps build valuable intuitions about how convnets work. The second tool enables visualizing features at each layer of a DNN via regularized optimization in image space. Because previous versions of this idea produced less recognizable images, here we introduce several new regularization methods that combine to produce qualitatively clearer, more interpretable visualizations. Both tools are open source and work on a pre-trained convnet with minimal setup.",2015,neural,neuroscience,True,,,arXiv (Cornell University),arxiv (cornell university),True,openalex,Jason Yosinski; Jeff Clune; Anh Mai Nguyen; Thomas J. Fuchs; Hod Lipson,http://arxiv.org/abs/1506.06579,1474,,,,,,,,,,,True,cited_by_count>=1321 (top 10.0%); cited_by_count>=1321 (top 10.0%),10.48550/arxiv.1506.06579,,,False,0.008488027
https://openalex.org/W2965857891,10.1145/3292500.3330961,Heterogeneous Graph Neural Network,"Representation learning in heterogeneous graphs aims to pursue a meaningful vector representation for each node so as to facilitate downstream applications such as link prediction, personalized recommendation, node classification, etc. This task, however, is challenging not only because of the demand to incorporate heterogeneous structural (graph) information consisting of multiple types of nodes and edges, but also due to the need for considering heterogeneous attributes or contents (e.g., text or image) associated with each node. Despite a substantial amount of effort has been made to homogeneous (or heterogeneous) graph embedding, attributed graph embedding as well as graph neural networks, few of them can jointly consider heterogeneous structural (graph) information as well as heterogeneous contents information of each node effectively. In this paper, we propose HetGNN, a heterogeneous graph neural network model, to resolve this issue. Specifically, we first introduce a random walk with restart strategy to sample a fixed size of strongly correlated heterogeneous neighbors for each node and group them based upon node types. Next, we design a neural network architecture with two modules to aggregate feature information of those sampled neighboring nodes. The first module encodes ""deep"" feature interactions of heterogeneous contents and generates content embedding for each node. The second module aggregates content (attribute) embeddings of different neighboring groups (types) and further combines them by considering the impacts of different groups to obtain the ultimate node embedding. Finally, we leverage a graph context loss and a mini-batch gradient descent procedure to train the model in an end-to-end manner. Extensive experiments on several datasets demonstrate that HetGNN can outperform state-of-the-art baselines in various graph mining tasks, i.e., link prediction, recommendation, node classification & clustering and inductive node classification & clustering.",2019,neural,neuroscience,True,,,,,,openalex,Chuxu Zhang; Dongjin Song; Chao Huang; Ananthram Swami; Nitesh V. Chawla,https://doi.org/10.1145/3292500.3330961,1473,,,,,,,,,,,True,cited_by_count>=1321 (top 10.0%); cited_by_count>=1321 (top 10.0%),10.1145/3292500.3330961,,,False,-0.04746229
https://openalex.org/W3118265437,10.1038/s41586-020-03063-0,11 TOPS photonic convolutional accelerator for optical neural networks,,2021,neural,neuroscience,True,,,Nature,nature,False,openalex,Xingyuan Xu; Mengxi Tan; Bill Corcoran; Jiayang Wu; Andreas Boes; Thach G. Nguyen; Sai T. Chu; Brent E. Little; D. G. Hicks; Roberto Morandotti; Arnan Mitchell; David Moss,http://arxiv.org/abs/2011.07393,1470,,,,33408378,,,,,,,True,cited_by_count>=1321 (top 10.0%); cited_by_count>=1321 (top 10.0%),10.1038/s41586-020-03063-0,,,False,0.05271001
https://openalex.org/W2765567136,10.1016/j.cell.2017.09.043,Multiscale 3D Genome Rewiring during Mouse Neural Development,"Chromosome conformation capture technologies have revealed important insights into genome folding. Yet, how spatial genome architecture is related to gene expression and cell fate remains unclear. We comprehensively mapped 3D chromatin organization during mouse neural differentiation in vitro and in vivo, generating the highest-resolution Hi-C maps available to date. We found that transcription is correlated with chromatin insulation and long-range interactions, but dCas9-mediated activation is insufficient for creating TAD boundaries de novo. Additionally, we discovered long-range contacts between gene bodies of exon-rich, active genes in all cell types. During neural differentiation, contacts between active TADs become less pronounced while inactive TADs interact more strongly. An extensive Polycomb network in stem cells is disrupted, while dynamic interactions between neural transcription factors appear in vivo. Finally, cell type-specific enhancer-promoter contacts are established concomitant to gene expression. This work shows that multiple factors influence the dynamics of chromatin interactions in development.",2017,neural,neuroscience,True,,,Cell,cell,False,openalex,Boyan Bonev; Netta Mendelson Cohen; Quentin Szabo; Lauriane Fritsch; Giorgio L. Papadopoulos; Yaniv Lubling; Xiaole Xu; Xiaodan Lv; Jean‐Philippe Hugnot; Amos Tanay; Giacomo Cavalli,https://doi.org/10.1016/j.cell.2017.09.043,1467,,,,29053968,,,,,,,True,cited_by_count>=1321 (top 10.0%); cited_by_count>=1321 (top 10.0%),10.1016/j.cell.2017.09.043,,,False,0.041606206
https://openalex.org/W2790404832,10.1109/taffc.2018.2817622,EEG Emotion Recognition Using Dynamical Graph Convolutional Neural Networks,"In this paper, a multichannel EEG emotion recognition method based on a novel dynamical graph convolutional neural networks (DGCNN) is proposed. The basic idea of the proposed EEG emotion recognition method is to use a graph to model the multichannel EEG features and then perform EEG emotion classification based on this model. Different from the traditional graph convolutional neural networks (GCNN) methods, the proposed DGCNN method can dynamically learn the intrinsic relationship between different electroencephalogram (EEG) channels, represented by an adjacency matrix, via training a neural network so as to benefit for more discriminative EEG feature extraction. Then, the learned adjacency matrix is used to learn more discriminative features for improving the EEG emotion recognition. We conduct extensive experiments on the SJTU emotion EEG dataset (SEED) and DREAMER dataset. The experimental results demonstrate that the proposed method achieves better recognition performance than the state-of-the-art methods, in which the average recognition accuracy of 90.4 percent is achieved for subject dependent experiment while 79.95 percent for subject independent cross-validation one on the SEED database, and the average accuracies of 86.23, 84.54 and 85.02 percent are respectively obtained for valence, arousal and dominance classifications on the DREAMER database.",2018,neural,neuroscience,False,,,IEEE Transactions on Affective Computing,ieee transactions on affective computing,False,openalex,Tengfei Song; Wenming Zheng; Peng Song; Zhen Cui,,1467,,,,,,,,,,,True,cited_by_count>=1321 (top 10.0%); cited_by_count>=1321 (top 10.0%),10.1109/taffc.2018.2817622,,,False,-0.05631267
https://openalex.org/W2586907386,10.1016/j.neuron.2016.12.041,Neuroscience Needs Behavior: Correcting a Reductionist Bias,,2017,neuroscience,neuroscience,True,,,Neuron,neuron,False,openalex,John W. Krakauer; Asif A. Ghazanfar; Àlex Gómez-Marín; Malcolm A. MacIver; David Poeppel,https://doi.org/10.1016/j.neuron.2016.12.041,1466,,,,28182904,,,,,,,True,cited_by_count>=1321 (top 10.0%); cited_by_count>=1321 (top 10.0%),10.1016/j.neuron.2016.12.041,,,False,0.10501431
https://openalex.org/W4223551334,10.1101/2022.04.08.487609,DeepTMHMM predicts alpha and beta transmembrane proteins using deep neural networks,"Abstract Transmembrane proteins span the lipid bilayer and are divided into two major structural classes, namely alpha helical and beta barrels. We introduce DeepTMHMM, a deep learning protein language model-based algorithm that can detect and predict the topology of both alpha helical and beta barrels proteins with unprecedented accuracy. DeepTMHMM ( https://dtu.biolib.com/DeepTMHMM ) scales to proteomes and covers all domains of life, which makes it ideal for metagenomics analyses.",2022,neural,neuroscience,True,,,bioRxiv (Cold Spring Harbor Laboratory),biorxiv (cold spring harbor laboratory),False,openalex,Jeppe Hallgren; Konstantinos D. Tsirigos; Mads Damgaard Pedersen; José Juan Almagro Armenteros; Paolo Marcatili; Henrik Nielsen; Anders Krogh; Ole Winther,https://doi.org/10.1101/2022.04.08.487609,1459,,,,,,,,,,,True,cited_by_count>=1321 (top 10.0%); cited_by_count>=1321 (top 10.0%),10.1101/2022.04.08.487609,,,False,0.14451239
https://openalex.org/W2950361482,10.1145/3292500.3330672,Robust Anomaly Detection for Multivariate Time Series through Stochastic Recurrent Neural Network,"Industry devices (i.e., entities) such as server machines, spacecrafts, engines, etc., are typically monitored with multivariate time series, whose anomaly detection is critical for an entity's service quality management. However, due to the complex temporal dependence and stochasticity of multivariate time series, their anomaly detection remains a big challenge. This paper proposes OmniAnomaly, a stochastic recurrent neural network for multivariate time series anomaly detection that works well robustly for various devices. Its core idea is to capture the normal patterns of multivariate time series by learning their robust representations with key techniques such as stochastic variable connection and planar normalizing flow, reconstruct input data by the representations, and use the reconstruction probabilities to determine anomalies. Moreover, for a detected entity anomaly, OmniAnomaly can provide interpretations based on the reconstruction probabilities of its constituent univariate time series. The evaluation experiments are conducted on two public datasets from aerospace and a new server machine dataset (collected and released by us) from an Internet company. OmniAnomaly achieves an overall F1-Score of 0.86 in three real-world datasets, signicantly outperforming the best performing baseline method by 0.09. The interpretation accuracy for OmniAnomaly is up to 0.89.",2019,neural,neuroscience,False,,,,,,openalex,Ya Su; Youjian Zhao; Chenhao Niu; Rong Liu; Wei Sun; Dan Pei,,1459,,,,,,,,,,,True,cited_by_count>=1321 (top 10.0%); cited_by_count>=1321 (top 10.0%),10.1145/3292500.3330672,,,False,0.0757785
https://openalex.org/W2511065100,10.1109/icip.2016.7533052,Road crack detection using deep convolutional neural network,"Automatic detection of pavement cracks is an important task in transportation maintenance for driving safety assurance. However, it remains a challenging task due to the intensity inhomogeneity of cracks and complexity of the background, e.g., the low contrast with surrounding pavement and possible shadows with similar intensity. Inspired by recent success on applying deep learning to computer vision and medical problems, a deep-learning based method for crack detection is proposed in this paper. A supervised deep convolutional neural network is trained to classify each image patch in the collected images. Quantitative evaluation conducted on a data set of 500 images of size 3264 χ 2448, collected by a low-cost smart phone, demonstrates that the learned deep features with the proposed deep learning framework provide superior crack detection performance when compared with features extracted with existing hand-craft methods.",2016,neural,neuroscience,False,,,,,,openalex,Lei Zhang; Fan Yang; Yimin D. Zhang; Ying Julie Zhu,,1453,,,,,,,,,,,True,cited_by_count>=1321 (top 10.0%); cited_by_count>=1321 (top 10.0%),10.1109/icip.2016.7533052,,,False,-0.028539516
https://openalex.org/W2905224888,10.48550/arxiv.1812.08434,Graph Neural Networks: A Review of Methods and Applications,"Lots of learning tasks require dealing with graph data which contains rich relation information among elements. Modeling physics systems, learning molecular fingerprints, predicting protein interface, and classifying diseases demand a model to learn from graph inputs. In other domains such as learning from non-structural data like texts and images, reasoning on extracted structures (like the dependency trees of sentences and the scene graphs of images) is an important research topic which also needs graph reasoning models. Graph neural networks (GNNs) are neural models that capture the dependence of graphs via message passing between the nodes of graphs. In recent years, variants of GNNs such as graph convolutional network (GCN), graph attention network (GAT), graph recurrent network (GRN) have demonstrated ground-breaking performances on many deep learning tasks. In this survey, we propose a general design pipeline for GNN models and discuss the variants of each component, systematically categorize the applications, and propose four open problems for future research.",2018,neural,neuroscience,True,,,arXiv (Cornell University),arxiv (cornell university),True,openalex,Jie Zhou; Ganqu Cui; Shengding Hu; Zhengyan Zhang; Cheng Yang; Zhiyuan Liu; Lifeng Wang; Changcheng Li; Maosong Sun,http://arxiv.org/abs/1812.08434,1452,,,,,,,,,,,True,cited_by_count>=1321 (top 10.0%); cited_by_count>=1321 (top 10.0%),10.48550/arxiv.1812.08434,,,False,0.10629549
https://openalex.org/W2899457523,10.1609/aaai.v33i01.3301346,Session-Based Recommendation with Graph Neural Networks,"The problem of session-based recommendation aims to predict user actions based on anonymous sessions. Previous methods model a session as a sequence and estimate user representations besides item representations to make recommendations. Though achieved promising results, they are insufficient to obtain accurate user vectors in sessions and neglect complex transitions of items. To obtain accurate item embedding and take complex transitions of items into account, we propose a novel method, i.e. Session-based Recommendation with Graph Neural Networks, SR-GNN for brevity. In the proposed method, session sequences are modeled as graphstructured data. Based on the session graph, GNN can capture complex transitions of items, which are difficult to be revealed by previous conventional sequential methods. Each session is then represented as the composition of the global preference and the current interest of that session using an attention network. Extensive experiments conducted on two real datasets show that SR-GNN evidently outperforms the state-of-the-art session-based recommendation methods consistently.",2019,neural,neuroscience,True,,,Proceedings of the AAAI Conference on Artificial Intelligence,proceedings of the aaai conference on artificial intelligence,True,openalex,Shu Wu; Yuyuan Tang; Yanqiao Zhu; Liang Wang; Xing Xie; Tieniu Tan,https://doi.org/10.1609/aaai.v33i01.3301346,1446,,,,,,,,,,,True,cited_by_count>=1321 (top 10.0%); cited_by_count>=1321 (top 10.0%),10.1609/aaai.v33i01.3301346,,,False,-0.028943043
https://openalex.org/W2001339909,10.1172/jci76304,Gut/brain axis and the microbiota,"Tremendous progress has been made in characterizing the bidirectional interactions between the central nervous system, the enteric nervous system, and the gastrointestinal tract. A series of provocative preclinical studies have suggested a prominent role for the gut microbiota in these gut-brain interactions. Based on studies using rodents raised in a germ-free environment, the gut microbiota appears to influence the development of emotional behavior, stress- and pain-modulation systems, and brain neurotransmitter systems. Additionally, microbiota perturbations by probiotics and antibiotics exert modulatory effects on some of these measures in adult animals. Current evidence suggests that multiple mechanisms, including endocrine and neurocrine pathways, may be involved in gut microbiota-to-brain signaling and that the brain can in turn alter microbial composition and behavior via the autonomic nervous system. Limited information is available on how these findings may translate to healthy humans or to disease states involving the brain or the gut/brain axis. Future research needs to focus on confirming that the rodent findings are translatable to human physiology and to diseases such as irritable bowel syndrome, autism, anxiety, depression, and Parkinson's disease.",2015,brain,neuroscience,True,,,Journal of Clinical Investigation,journal of clinical investigation,False,openalex,Emeran A. Mayer; Kirsten Tillisch; Arpana Gupta,https://doi.org/10.1172/jci76304,1436,,,,25689247,,,,,,,True,cited_by_count>=1321 (top 10.0%); cited_by_count>=1321 (top 10.0%),10.1172/jci76304,,,False,0.073525764
https://openalex.org/W2912123407,10.1038/s41582-018-0128-2,Deep brain stimulation: current challenges and future directions,,2019,brain,neuroscience,True,,,Nature Reviews Neurology,nature reviews neurology,False,openalex,Andrés M. Lozano; Nir Lipsman; Hagai Bergman; Peter Brown; Stéphan Chabardès; Jin Woo Chang; K. Matthews; Cameron C. McIntyre; Thomas E. Schläepfer; Michael Schulder; Yasin Temel; Jens Volkmann; Joachim K. Krauss,https://cris.maastrichtuniversity.nl/en/publications/5184fbcb-aa76-4fff-916a-0c959657d2cd,1434,,,,30683913,,,,,,,True,cited_by_count>=1321 (top 10.0%); cited_by_count>=1321 (top 10.0%),10.1038/s41582-018-0128-2,,,False,0.0104749175
https://openalex.org/W2211305997,10.1016/j.clinph.2015.11.012,"A technical guide to tDCS, and related non-invasive brain stimulation tools",,2015,brain,neuroscience,True,,,Clinical Neurophysiology,clinical neurophysiology,False,openalex,Adam J. Woods; Andrea Antal; Marom Bikson; Paulo S. Boggio; André R. Brunoni; Pablo Celnik; Leonardo G. Cohen; Felipe Fregni; Christoph S. Herrmann; Emily S. Kappenman; Helena Knotková; David Liebetanz; Carlo Miniussi; Pedro C. Miranda; Walter Paulus; Alberto Priori; Davide Reato; Charlotte J. Stagg; Nicole Wenderoth; Michael A. Nitsche,http://resolver.sub.uni-goettingen.de/purl?gs-1/13517,1433,,,,26652115,,,,,,,True,cited_by_count>=1321 (top 10.0%); cited_by_count>=1321 (top 10.0%),10.1016/j.clinph.2015.11.012,,,False,0.06190665
https://openalex.org/W2167224731,10.1184/r1/6603146.v1,"ALVINN, an autonomous land vehicle in a neural network",Computer Science Department,2018,neural,neuroscience,True,,,Research Showcase @ Carnegie Mellon University (Carnegie Mellon University),research showcase @ carnegie mellon university (carnegie mellon university),False,openalex,Dean Pomerleau,https://doi.org/10.1184/r1/6603146.v1,1430,,,,,,,,,,,True,cited_by_count>=1321 (top 10.0%); cited_by_count>=1321 (top 10.0%),10.1184/r1/6603146.v1,,,False,0.07725352
https://openalex.org/W1955055330,10.1109/cvpr.2015.7299064,Learning to compare image patches via convolutional neural networks,"In this paper we show how to learn directly from image data (i.e., without resorting to manually-designed features) a general similarity function for comparing image patches, which is a task of fundamental importance for many computer vision problems. To encode such a function, we opt for a CNN-based model that is trained to account for a wide variety of changes in image appearance. To that end, we explore and study multiple neural network architectures, which are specifically adapted to this task. We show that such an approach can significantly outperform the state-of-the-art on several problems and benchmark datasets.",2015,neural,neuroscience,True,,,,,,openalex,Sergey Zagoruyko; Nikos Komodakis,http://arxiv.org/abs/1504.03641,1430,,,,,,,,,,,True,cited_by_count>=1321 (top 10.0%); cited_by_count>=1321 (top 10.0%),10.1109/cvpr.2015.7299064,,,False,-0.004233841
https://openalex.org/W3021105102,10.1016/j.cell.2020.04.007,The Allen Mouse Brain Common Coordinate Framework: A 3D Reference Atlas,,2020,brain,neuroscience,True,,,Cell,cell,False,openalex,Quanxin Wang; Song‐Lin Ding; Yang Li; Josh Royall; David Feng; Phil Lesnar; Nile Graddis; Maitham Naeemi; Benjamin A.C. Facer; Anh Ho; Tim Dolbeare; Brandon Blanchard; Nick Dee; Wayne Wakeman; Karla E. Hirokawa; Aaron Szafer; Susan M. Sunkin; Seung Wook Oh; Amy Bernard; John W. Phillips; Michael Hawrylycz; Christof Koch; Hongkui Zeng; Julie A. Harris; Lydia Ng,https://www.ncbi.nlm.nih.gov/pmc/articles/8152789,1429,,,,32386544,,,,,,,True,cited_by_count>=1321 (top 10.0%); cited_by_count>=1321 (top 10.0%),10.1016/j.cell.2020.04.007,,,False,0.11339794
https://openalex.org/W2524428287,10.48550/arxiv.1609.07061,Quantized Neural Networks: Training Neural Networks with Low Precision Weights and Activations,"We introduce a method to train Quantized Neural Networks (QNNs) --- neural networks with extremely low precision (e.g., 1-bit) weights and activations, at run-time. At train-time the quantized weights and activations are used for computing the parameter gradients. During the forward pass, QNNs drastically reduce memory size and accesses, and replace most arithmetic operations with bit-wise operations. As a result, power consumption is expected to be drastically reduced. We trained QNNs over the MNIST, CIFAR-10, SVHN and ImageNet datasets. The resulting QNNs achieve prediction accuracy comparable to their 32-bit counterparts. For example, our quantized version of AlexNet with 1-bit weights and 2-bit activations achieves $51\%$ top-1 accuracy. Moreover, we quantize the parameter gradients to 6-bits as well which enables gradients computation using only bit-wise operation. Quantized recurrent neural networks were tested over the Penn Treebank dataset, and achieved comparable accuracy as their 32-bit counterparts using only 4-bits. Last but not least, we programmed a binary matrix multiplication GPU kernel with which it is possible to run our MNIST QNN 7 times faster than with an unoptimized GPU kernel, without suffering any loss in classification accuracy. The QNN code is available online.",2016,neural,neuroscience,True,,,arXiv (Cornell University),arxiv (cornell university),True,openalex,Itay Hubara; Matthieu Courbariaux; Daniel Soudry; Ran El‐Yaniv; Yoshua Bengio,http://arxiv.org/abs/1609.07061,1424,,,,,,,,,,,True,cited_by_count>=1321 (top 10.0%); cited_by_count>=1321 (top 10.0%),10.48550/arxiv.1609.07061,,,False,-0.07705051
https://openalex.org/W2098605272,10.1038/nn.3983,"Family income, parental education and brain structure in children and adolescents",,2015,brain,neuroscience,True,,,Nature Neuroscience,nature neuroscience,False,openalex,Kimberly G. Noble; Suzanne M. Houston; Natalie H. Brito; Hauke Bartsch; Eric Kan; Joshua Kuperman; Natacha Akshoomoff; David G. Amaral; Cinnamon S. Bloss; Ondrej Libiger; Nicholas J. Schork; Sarah Murray; B.J. Casey; Linda Chang; Thomas Ernst; Jean A. Frazier; Jeffrey R. Gruen; David N. Kennedy; Peter C.M. van Zijl; Stewart H. Mostofsky; Walter E. Kaufmann; Tal Kenet; Anders M. Dale; Terry L. Jernigan; Elizabeth R. Sowell,https://escholarship.org/uc/item/2c4865dz,1423,,,,25821911,,,,,,,True,cited_by_count>=1321 (top 10.0%); cited_by_count>=1321 (top 10.0%),10.1038/nn.3983,,,False,0.08931577
https://openalex.org/W1934410531,10.1109/cvpr.2015.7299170,A convolutional neural network cascade for face detection,"In real-world face detection, large visual variations, such as those due to pose, expression, and lighting, demand an advanced discriminative model to accurately differentiate faces from the backgrounds. Consequently, effective models for the problem tend to be computationally prohibitive. To address these two conflicting challenges, we propose a cascade architecture built on convolutional neural networks (CNNs) with very powerful discriminative capability, while maintaining high performance. The proposed CNN cascade operates at multiple resolutions, quickly rejects the background regions in the fast low resolution stages, and carefully evaluates a small number of challenging candidates in the last high resolution stage. To improve localization effectiveness, and reduce the number of candidates at later stages, we introduce a CNN-based calibration stage after each of the detection stages in the cascade. The output of each calibration stage is used to adjust the detection window position for input to the subsequent stage. The proposed method runs at 14 FPS on a single CPU core for VGA-resolution images and 100 FPS using a GPU, and achieves state-of-the-art detection performance on two public face detection benchmarks.",2015,neural,neuroscience,False,,,,,,openalex,Haoxiang Li; Zhe Lin; Xiaohui Shen; Jonathan Brandt; Gang Hua,,1420,,,,,,,,,,,True,cited_by_count>=1321 (top 10.0%); cited_by_count>=1321 (top 10.0%),10.1109/cvpr.2015.7299170,,,False,-0.022273542
https://openalex.org/W2530887700,10.1038/nature20101,Hybrid computing using a neural network with dynamic external memory,,2016,neural,neuroscience,False,,,Nature,nature,False,openalex,Alex Graves; Greg Wayne; Malcolm Reynolds; Tim Harley; Ivo Danihelka; Agnieszka Grabska‐Barwińska; Sergio Gómez Colmenarejo; Edward Grefenstette; Tiago Ramalho; John Agapiou; Adrià Puigdomènech Badia; Karl Moritz Hermann; Yori Zwólš; Georg Ostrovski; Adam Cain; Helen King; Christopher Summerfield; Phil Blunsom; Koray Kavukcuoglu; Demis Hassabis,,1419,,,,27732574,,,,,,,True,cited_by_count>=1321 (top 10.0%); cited_by_count>=1321 (top 10.0%),10.1038/nature20101,,,False,-0.028444497
https://openalex.org/W2948490758,10.1016/j.energy.2019.05.230,Predicting residential energy consumption using CNN-LSTM neural networks,,2019,neural,neuroscience,False,,,Energy,energy,False,openalex,Tae Young Kim; Sung-Bae Cho,,1419,,,,,,,,,,,True,cited_by_count>=1321 (top 10.0%); cited_by_count>=1321 (top 10.0%),10.1016/j.energy.2019.05.230,,,False,0.03034386
https://openalex.org/W3176368002,10.1109/cvpr46437.2021.00455,pixelNeRF: Neural Radiance Fields from One or Few Images,"We propose pixelNeRF, a learning framework that predicts a continuous neural scene representation conditioned on one or few input images. The existing approach for constructing neural radiance fields [27] involves optimizing the representation to every scene independently, requiring many calibrated views and significant compute time. We take a step towards resolving these shortcomings by introducing an architecture that conditions a NeRF on image inputs in a fully convolutional manner. This allows the network to be trained across multiple scenes to learn a scene prior, enabling it to perform novel view synthesis in a feed-forward manner from a sparse set of views (as few as one). Leveraging the volume rendering approach of NeRF, our model can be trained directly from images with no explicit 3D supervision. We conduct extensive experiments on ShapeNet benchmarks for single image novel view synthesis tasks with held-out objects as well as entire unseen categories. We further demonstrate the flexibility of pixelNeRF by demonstrating it on multi-object ShapeNet scenes and real scenes from the DTU dataset. In all cases, pixelNeRF outperforms current state-of-the-art baselines for novel view synthesis and single image 3D reconstruction. For the video and code, please visit the project website:https://alexyu.net/pixelnerf.",2021,neural,neuroscience,False,,,,,,openalex,Alex Yu; Vickie Ye; Matthew Tancik; Angjoo Kanazawa,,1418,,,,,,,,,,,True,cited_by_count>=1321 (top 10.0%); cited_by_count>=1321 (top 10.0%),10.1109/cvpr46437.2021.00455,,,False,0.014905695
https://openalex.org/W2963787388,10.1016/j.inffus.2019.07.011,IFCNN: A general image fusion framework based on convolutional neural network,,2019,neural,neuroscience,False,,,Information Fusion,information fusion,False,openalex,Yu Zhang; Yü Liu; Peng Sun; Yan Han; Xiaolin Zhao; Li Zhang,,1407,,,,,,,,,,,True,cited_by_count>=1321 (top 10.0%); cited_by_count>=1321 (top 10.0%),10.1016/j.inffus.2019.07.011,,,False,0.048583247
https://openalex.org/W2884741638,10.1016/s0140-6736(18)30990-5,Primary brain tumours in adults,,2018,brain,neuroscience,False,,,The Lancet,the lancet,False,openalex,Sarah Lapointe; Arie Perry; Nicholas Butowski,,1404,,,,30060998,,,,,,,True,cited_by_count>=1321 (top 10.0%); cited_by_count>=1321 (top 10.0%),10.1016/s0140-6736(18)30990-5,,,False,0.018026557
https://openalex.org/W2885311373,10.48550/arxiv.1808.05377,Neural Architecture Search: A Survey,"Deep Learning has enabled remarkable progress over the last years on a variety of tasks, such as image recognition, speech recognition, and machine translation. One crucial aspect for this progress are novel neural architectures. Currently employed architectures have mostly been developed manually by human experts, which is a time-consuming and error-prone process. Because of this, there is growing interest in automated neural architecture search methods. We provide an overview of existing work in this field of research and categorize them according to three dimensions: search space, search strategy, and performance estimation strategy.",2018,neural,neuroscience,True,,,arXiv (Cornell University),arxiv (cornell university),True,openalex,Thomas Elsken; Jan Hendrik Metzen; Frank Hutter,http://arxiv.org/abs/1808.05377,1403,,,,,,,,,,,True,cited_by_count>=1321 (top 10.0%); cited_by_count>=1321 (top 10.0%),10.48550/arxiv.1808.05377,,,False,-0.002292011
https://openalex.org/W2896712926,10.1038/s41567-019-0648-8,Quantum convolutional neural networks,,2019,neural,neuroscience,True,,,Nature Physics,nature physics,False,openalex,Iris Cong; Soonwon Choi; Mikhail D. Lukin,http://arxiv.org/abs/1810.03787,1396,,,,,,,,,,,True,cited_by_count>=1321 (top 10.0%); cited_by_count>=1321 (top 10.0%),10.1038/s41567-019-0648-8,,,False,0.03955181
https://openalex.org/W1958676502,10.1038/nn.4086,Mechanisms of stress in the brain,,2015,brain,neuroscience,True,,,Nature Neuroscience,nature neuroscience,False,openalex,Bruce S. McEwen; Nicole Bowles; Jason D. Gray; Matthew N. Hill; Richard Hunter; Ilia N. Karatsoreos; Carla Nasca,https://www.ncbi.nlm.nih.gov/pmc/articles/4933289,1395,,,,26404710,,,,,,,True,cited_by_count>=1321 (top 10.0%); cited_by_count>=1321 (top 10.0%),10.1038/nn.4086,,,False,0.0362489
https://openalex.org/W2963936193,10.3389/fncel.2019.00363,Brain-Derived Neurotrophic Factor: A Key Molecule for Memory in the Healthy and the Pathological Brain,"Brain Derived Neurotrophic Factor (BDNF) is a key molecule involved in plastic changes related to learning and memory. The expression of BDNF is highly regulated, and can lead to great variability in BDNF levels in healthy subjects. Changes in BDNF expression are associated with both normal and pathological aging and also psychiatric disease, in particular in structures important for memory processes such as the hippocampus and parahippocampal areas. Some interventions like exercise or antidepressant administration enhance the expression of BDNF in normal and pathological conditions. In this review, we will describe studies from rodents and humans to bring together research on how BDNF expression is regulated, how this expression changes in the pathological brain and also exciting work on how interventions known to enhance this neurotrophin could have clinical relevance. We propose that, although BDNF may not be a valid biomarker for neurodegenerative/neuropsychiatric diseases because of its disregulation common to many pathological conditions, it could be thought of as a marker that specifically relates to the occurrence and/or progression of the mnemonic symptoms that are common to many pathological conditions.",2019,brain,neuroscience,True,,,Frontiers in Cellular Neuroscience,frontiers in cellular neuroscience,True,openalex,Magdalena Miranda; Juan Facundo Morici; María Belén Zanoni; Pedro Bekinschtein,https://doi.org/10.3389/fncel.2019.00363,1383,,,,31440144,,,,,,,True,cited_by_count>=1321 (top 10.0%); cited_by_count>=1321 (top 10.0%),10.3389/fncel.2019.00363,,,False,0.09785096
https://openalex.org/W2748902594,10.1016/j.compbiomed.2017.08.022,A deep convolutional neural network model to classify heartbeats,,2017,neural,neuroscience,False,,,Computers in Biology and Medicine,computers in biology and medicine,False,openalex,U. Rajendra Acharya; Shu Lih Oh; Yuki Hagiwara; Jen Hong Tan; Muhammad Adam; Arkadiusz Gertych; Ru‐San Tan,,1377,,,,28869899,,,,,,,True,cited_by_count>=1321 (top 10.0%); cited_by_count>=1321 (top 10.0%),10.1016/j.compbiomed.2017.08.022,,,False,0.07458404
https://openalex.org/W2984844508,10.1109/msp.2019.2931595,Surrogate Gradient Learning in Spiking Neural Networks: Bringing the Power of Gradient-Based Optimization to Spiking Neural Networks,"Spiking neural networks (SNNs) are nature's versatile solution to fault-tolerant, energy-efficient signal processing. To translate these benefits into hardware, a growing number of neuromorphic spiking NN processors have attempted to emulate biological NNs. These developments have created an imminent need for methods and tools that enable such systems to solve real-world signal processing problems. Like conventional NNs, SNNs can be trained on real, domain-specific data; however, their training requires the overcoming of a number of challenges linked to their binary and dynamical nature. This article elucidates step-by-step the problems typically encountered when training SNNs and guides the reader through the key concepts of synaptic plasticity and data-driven learning in the spiking setting. Accordingly, it gives an overview of existing approaches and provides an introduction to surrogate gradient (SG) methods, specifically, as a particularly flexible and efficient method to overcome the aforementioned challenges.",2019,neural,neuroscience,False,,,IEEE Signal Processing Magazine,ieee signal processing magazine,False,openalex,Emre Neftci; Hesham Mostafa; Friedemann Zenke,,1375,,,,,,,,,,,True,cited_by_count>=1321 (top 10.0%); cited_by_count>=1321 (top 10.0%),10.1109/msp.2019.2931595,,,False,-0.019622494
https://openalex.org/W4383218913,10.1038/s41586-023-06185-3,Accurate medium-range global weather forecasting with 3D neural networks,"Abstract Weather forecasting is important for science and society. At present, the most accurate forecast system is the numerical weather prediction (NWP) method, which represents atmospheric states as discretized grids and numerically solves partial differential equations that describe the transition between those states 1 . However, this procedure is computationally expensive. Recently, artificial-intelligence-based methods 2 have shown potential in accelerating weather forecasting by orders of magnitude, but the forecast accuracy is still significantly lower than that of NWP methods. Here we introduce an artificial-intelligence-based method for accurate, medium-range global weather forecasting. We show that three-dimensional deep networks equipped with Earth-specific priors are effective at dealing with complex patterns in weather data, and that a hierarchical temporal aggregation strategy reduces accumulation errors in medium-range forecasting. Trained on 39 years of global data, our program, Pangu-Weather, obtains stronger deterministic forecast results on reanalysis data in all tested variables when compared with the world’s best NWP system, the operational integrated forecasting system of the European Centre for Medium-Range Weather Forecasts (ECMWF) 3 . Our method also works well with extreme weather forecasts and ensemble forecasts. When initialized with reanalysis data, the accuracy of tracking tropical cyclones is also higher than that of ECMWF-HRES.",2023,neural,neuroscience,True,,,Nature,nature,False,openalex,Kaifeng Bi; Lingxi Xie; Hengheng Zhang; Xin Chen; Xiaotao Gu; Qi Tian,https://doi.org/10.1038/s41586-023-06185-3,1370,,,,37407823,,,,,,,True,cited_by_count>=1321 (top 10.0%); cited_by_count>=1321 (top 10.0%),10.1038/s41586-023-06185-3,,,False,0.113703
https://openalex.org/W2953534538,10.1016/j.neuron.2019.05.035,Transneuronal Propagation of Pathologic α-Synuclein from the Gut to the Brain Models Parkinson’s Disease,,2019,brain,neuroscience,True,,,Neuron,neuron,False,openalex,Sangjune Kim; Seung‐Hwan Kwon; Tae‐In Kam; Nikhil Panicker; Senthilkumar S. Karuppagounder; Saebom Lee; Jun Hee Lee; Wonjoong Richard Kim; Minjee Kook; Catherine A. Foss; Chen‐Tian Shen; Hojae Lee; Subhash Kulkarni; Pankaj J. Pasricha; Gabsang Lee; Martin G. Pomper; Valina L. Dawson; Ted M. Dawson; Han Seok Ko,https://doi.org/10.1016/j.neuron.2019.05.035,1361,,,,31255487,,,,,,,True,cited_by_count>=1321 (top 10.0%); cited_by_count>=1321 (top 10.0%),10.1016/j.neuron.2019.05.035,,,False,0.014043916
https://openalex.org/W2942074357,10.1145/3306346.3323035,Deferred neural rendering,"The modern computer graphics pipeline can synthesize images at remarkable visual quality; however, it requires well-defined, high-quality 3D content as input. In this work, we explore the use of imperfect 3D content, for instance, obtained from photo-metric reconstructions with noisy and incomplete surface geometry, while still aiming to produce photo-realistic (re-)renderings. To address this challenging problem, we introduce Deferred Neural Rendering , a new paradigm for image synthesis that combines the traditional graphics pipeline with learnable components. Specifically, we propose Neural Textures , which are learned feature maps that are trained as part of the scene capture process. Similar to traditional textures, neural textures are stored as maps on top of 3D mesh proxies; however, the high-dimensional feature maps contain significantly more information, which can be interpreted by our new deferred neural rendering pipeline. Both neural textures and deferred neural renderer are trained end-to-end, enabling us to synthesize photo-realistic images even when the original 3D content was imperfect. In contrast to traditional, black-box 2D generative neural networks, our 3D representation gives us explicit control over the generated output, and allows for a wide range of application domains. For instance, we can synthesize temporally-consistent video re-renderings of recorded 3D scenes as our representation is inherently embedded in 3D space. This way, neural textures can be utilized to coherently re-render or manipulate existing video content in both static and dynamic environments at real-time rates. We show the effectiveness of our approach in several experiments on novel view synthesis, scene editing, and facial reenactment, and compare to state-of-the-art approaches that leverage the standard graphics pipeline as well as conventional generative neural networks.",2019,neural,neuroscience,False,,,ACM Transactions on Graphics,acm transactions on graphics,False,openalex,Justus Thies; Michael Zollhöfer; Matthias Nießner,,1357,,,,,,,,,,,True,cited_by_count>=1321 (top 10.0%); cited_by_count>=1321 (top 10.0%),10.1145/3306346.3323035,,,False,-0.045560956
https://openalex.org/W2912290085,10.1109/iwqos.2018.8624183,Improved Adam Optimizer for Deep Neural Networks,"Adaptive optimization algorithms, such as Adam and RMSprop, have witnessed better optimization performance than stochastic gradient descent (SGD) in some scenarios. However, recent studies show that they often lead to worse generalization performance than SGD, especially for training deep neural networks (DNNs). In this work, we identify the reasons that Adam generalizes worse than SGD, and develop a variant of Adam to eliminate the generalization gap. The proposed method, normalized direction-preserving Adam (ND-Adam), enables more precise control of the direction and step size for updating weight vectors, leading to significantly improved generalization performance. Following a similar rationale, we further improve the generalization performance in classification tasks by regularizing the softmax logits. By bridging the gap between SGD and Adam, we also hope to shed light on why certain optimization algorithms generalize better than others.",2018,neural,neuroscience,False,,,,,,openalex,Zijun Zhang,,1357,,,,,,,,,,,True,cited_by_count>=1321 (top 10.0%); cited_by_count>=1321 (top 10.0%),10.1109/iwqos.2018.8624183,,,False,-0.011741649
https://openalex.org/W2948469692,10.1016/j.cell.2019.05.006,Single-Cell Multi-omic Integration Compares and Contrasts Features of Brain Cell Identity,,2019,brain,neuroscience,True,,,Cell,cell,False,openalex,Joshua D. Welch; Velina Kozareva; Ashley N. Ferreira; Charles Vanderburg; Caroline Martin; Evan Z. Macosko,https://www.ncbi.nlm.nih.gov/pmc/articles/6716797,1353,,,,31178122,,,,,,,True,cited_by_count>=1321 (top 10.0%); cited_by_count>=1321 (top 10.0%),10.1016/j.cell.2019.05.006,,,False,0.028061626
https://openalex.org/W3000061011,10.1038/s41593-019-0566-1,Lipid-droplet-accumulating microglia represent a dysfunctional and proinflammatory state in the aging brain,,2020,brain,neuroscience,True,,,Nature Neuroscience,nature neuroscience,False,openalex,Julia Marschallinger; Tal Iram; Macy E. Zardeneta; Song Eun Lee; Benoit Lehallier; Michael S. Haney; John V. Pluvinage; Vidhu Mathur; Oliver Hãhn; David W. Morgens; Justin Kim; Julia Tevini; Thomas K. Felder; Heimo Wolinski; Carolyn R. Bertozzi; Michael C. Bassik; Ludwig Aigner; Tony Wyss‐Coray,https://www.ncbi.nlm.nih.gov/pmc/articles/7595134,1349,,,,31959936,,,,,,,True,cited_by_count>=1321 (top 10.0%); cited_by_count>=1321 (top 10.0%),10.1038/s41593-019-0566-1,,,False,-0.01869199
https://openalex.org/W4240485910,10.1109/tgrs.2016.2636241,Deep Recurrent Neural Networks for Hyperspectral Image Classification,"In recent years, vector-based machine learning algorithms, such as random forests, support vector machines, and 1-D convolutional neural networks, have shown promising results in hyperspectral image classification. Such methodologies, nevertheless, can lead to information loss in representing hyperspectral pixels, which intrinsically have a sequence-based data structure. A recurrent neural network (RNN), an important branch of the deep learning family, is mainly designed to handle sequential data. Can sequence-based RNN be an effective method of hyperspectral image classification? In this paper, we propose a novel RNN model that can effectively analyze hyperspectral pixels as sequential data and then determine information categories via network reasoning. As far as we know, this is the first time that an RNN framework has been proposed for hyperspectral image classification. Specifically, our RNN makes use of a newly proposed activation function, parametric rectified tanh (PRetanh), for hyperspectral sequential data analysis instead of the popular tanh or rectified linear unit. The proposed activation function makes it possible to use fairly high learning rates without the risk of divergence during the training procedure. Moreover, a modified gated recurrent unit, which uses PRetanh for hidden representation, is adopted to construct the recurrent layer in our network to efficiently process hyperspectral data and reduce the total number of parameters. Experimental results on three airborne hyperspectral images suggest competitive performance in the proposed mode. In addition, the proposed network architecture opens a new window for future research, showcasing the huge potential of deep recurrent networks for hyperspectral data analysis.",2017,neural,neuroscience,False,,,IEEE Transactions on Geoscience and Remote Sensing,ieee transactions on geoscience and remote sensing,False,openalex,Lichao Mou; Pedram Ghamisi; Xiao Xiang Zhu,,1346,,,,,,,,,,,True,cited_by_count>=1321 (top 10.0%); cited_by_count>=1321 (top 10.0%),10.1109/tgrs.2016.2636241,,,False,0.07556939
https://openalex.org/W2798878556,10.1016/j.neunet.2018.12.002,Deep learning in spiking neural networks,,2018,neural,neuroscience,True,,,Neural Networks,neural networks,False,openalex,Amirhossein Tavanaei; Masoud Ghodrati; Saeed Reza Kheradpisheh; Timothée Masquelier; Anthony S. Maida,http://arxiv.org/abs/1804.08150,1343,,,,30682710,,,,,,,True,cited_by_count>=1321 (top 10.0%); cited_by_count>=1321 (top 10.0%),10.1016/j.neunet.2018.12.002,,,False,0.025104323
https://openalex.org/W3033616466,10.1016/j.cmpb.2020.105581,CoroNet: A deep neural network for detection and diagnosis of COVID-19 from chest x-ray images,,2020,neural,neuroscience,True,,,Computer Methods and Programs in Biomedicine,computer methods and programs in biomedicine,False,openalex,Asif Iqbal Khan; Junaid Latief Shah; Mohammad Mudasir Bhat,http://arxiv.org/abs/2004.04931,1342,,,,32534344,,,,,,,True,cited_by_count>=1321 (top 10.0%); cited_by_count>=1321 (top 10.0%),10.1016/j.cmpb.2020.105581,,,False,-0.0325154
https://openalex.org/W3013507463,10.1007/s10044-021-00984-y,Automatic detection of coronavirus disease (COVID-19) using X-ray images and deep convolutional neural networks,,2021,neural,neuroscience,True,,,Pattern Analysis and Applications,pattern analysis and applications,False,openalex,Ali Narin; Ceren Kaya; Ziynet Pamuk,https://doi.org/10.1007/s10044-021-00984-y,1337,,,,33994847,,,,,,,True,cited_by_count>=1321 (top 10.0%); cited_by_count>=1321 (top 10.0%),10.1007/s10044-021-00984-y,,,False,0.040952
https://openalex.org/W2609844460,10.1038/nature22047,Cell diversity and network dynamics in photosensitive human brain organoids,,2017,brain,neuroscience,True,,,Nature,nature,False,openalex,Giorgia Quadrato; Tuan Nguyen; Evan Z. Macosko; J. L. Sherwood; Sung Min Yang; Daniel R. Berger; Natalie Maria; Jörg Scholvin; Melissa Goldman; Justin P. Kinney; Edward S. Boyden; Jeff W. Lichtman; Ziv M. Williams; Steven A. McCarroll; Paola Arlotta,https://hdl.handle.net/1721.1/135707,1334,,,,28445462,,,,,,,True,cited_by_count>=1321 (top 10.0%); cited_by_count>=1321 (top 10.0%),10.1038/nature22047,,,False,-0.0066612754
https://openalex.org/W2624853583,10.1007/s10571-017-0510-4,BDNF: A Key Factor with Multipotent Impact on Brain Signaling and Synaptic Plasticity,"Brain-derived neurotrophic factor (BDNF) is one of the most widely distributed and extensively studied neurotrophins in the mammalian brain. Among its prominent functions, one can mention control of neuronal and glial development, neuroprotection, and modulation of both short- and long-lasting synaptic interactions, which are critical for cognition and memory. A wide spectrum of processes are controlled by BDNF, and the sometimes contradictory effects of its action can be explained based on its specific pattern of synthesis, comprising several intermediate biologically active isoforms that bind to different types of receptor, triggering several signaling pathways. The functions of BDNF must be discussed in close relation to the stage of brain development, the different cellular components of nervous tissue, as well as the molecular mechanisms of signal transduction activated under physiological and pathological conditions. In this review, we briefly summarize the current state of knowledge regarding the impact of BDNF on regulation of neurophysiological processes. The importance of BDNF for future studies aimed at disclosing mechanisms of activation of signaling pathways, neuro- and gliogenesis, as well as synaptic plasticity is highlighted.",2017,brain,neuroscience,True,,,Cellular and Molecular Neurobiology,cellular and molecular neurobiology,False,openalex,Przemysław Kowiański; Grażyna Lietzau; Ewelina Czuba; Monika Waśkow; Aleksandra Steliga; Janusz Moryś,https://doi.org/10.1007/s10571-017-0510-4,1329,,,,28623429,,,,,,,True,cited_by_count>=1321 (top 10.0%); cited_by_count>=1321 (top 10.0%),10.1007/s10571-017-0510-4,,,False,0.09190002
https://openalex.org/W2934843808,10.1109/sp.2019.00031,Neural Cleanse: Identifying and Mitigating Backdoor Attacks in Neural Networks,"Lack of transparency in deep neural networks (DNNs) make them susceptible to backdoor attacks, where hidden associations or triggers override normal classification to produce unexpected results. For example, a model with a backdoor always identifies a face as Bill Gates if a specific symbol is present in the input. Backdoors can stay hidden indefinitely until activated by an input, and present a serious security risk to many security or safety related applications, e.g. biometric authentication systems or self-driving cars. We present the first robust and generalizable detection and mitigation system for DNN backdoor attacks. Our techniques identify backdoors and reconstruct possible triggers. We identify multiple mitigation techniques via input filters, neuron pruning and unlearning. We demonstrate their efficacy via extensive experiments on a variety of DNNs, against two types of backdoor injection methods identified by prior work. Our techniques also prove robust against a number of variants of the backdoor attack.",2019,neural,neuroscience,True,,,,,,openalex,Bolun Wang; Yuanshun Yao; Shawn Shan; Huiying Li; Bimal Viswanath; Hai-Tao Zheng; Ben Y. Zhao,https://doi.org/10.1109/sp.2019.00031,1328,,,,,,,,,,,True,cited_by_count>=1321 (top 10.0%); cited_by_count>=1321 (top 10.0%),10.1109/sp.2019.00031,,,False,0.01564562
https://openalex.org/W2805003733,10.48550/arxiv.1803.03635,"The Lottery Ticket Hypothesis: Finding Sparse, Trainable Neural Networks","Neural network pruning techniques can reduce the parameter counts of trained networks by over 90%, decreasing storage requirements and improving computational performance of inference without compromising accuracy. However, contemporary experience is that the sparse architectures produced by pruning are difficult to train from the start, which would similarly improve training performance. We find that a standard pruning technique naturally uncovers subnetworks whose initializations made them capable of training effectively. Based on these results, we articulate the ""lottery ticket hypothesis:"" dense, randomly-initialized, feed-forward networks contain subnetworks (""winning tickets"") that - when trained in isolation - reach test accuracy comparable to the original network in a similar number of iterations. The winning tickets we find have won the initialization lottery: their connections have initial weights that make training particularly effective. We present an algorithm to identify winning tickets and a series of experiments that support the lottery ticket hypothesis and the importance of these fortuitous initializations. We consistently find winning tickets that are less than 10-20% of the size of several fully-connected and convolutional feed-forward architectures for MNIST and CIFAR10. Above this size, the winning tickets that we find learn faster than the original network and reach higher test accuracy.",2018,neural,neuroscience,True,,,arXiv (Cornell University),arxiv (cornell university),True,openalex,Jonathan Frankle; Michael Carbin,http://arxiv.org/abs/1803.03635,1325,,,,,,,,,,,True,cited_by_count>=1321 (top 10.0%); cited_by_count>=1321 (top 10.0%),10.48550/arxiv.1803.03635,,,False,0.04583097
