id,doi,title,abstract,year,term,discipline,is_oa,license,license_unpaywall,journal,journal_norm,journal_is_oa,source_db,authors,best_oa_location_url,cited_by_count,github,zenodo,osf,pubmed_id,repo_links,code_link,data_link,preregistered,preprint,journal_impact_factor,high_impact_flag,high_impact_reason,doi_norm,dataset_urls,dataset_repos,has_public_dataset,open_science_score
https://openalex.org/W4404114563,10.1161/strokeaha.124.047459,Polygenic Risk of Epilepsy and Poststroke Epilepsy,"BACKGROUND: Epilepsy is highly heritable, with numerous known genetic risk loci. However, the genetic predisposition’s role in poststroke epilepsy (PSE) remains understudied. This study assesses whether a higher genetic predisposition to epilepsy raises poststroke survivor’s risk of PSE. METHODS: We conducted a case-control genetic association study nested within the UK Biobank, a large UK-based prospective cohort. Our exposures of interest were 2 distinct polygenic risk scores—generalized and focal epilepsy—modeled as deciles and constructed using genetic variants identified in the latest International League Against Epilepsy genome-wide association study meta-analysis. We aimed to evaluate the association between these polygenic risk scores and their corresponding subtype of PSE—generalized and focal. In sensitivity analyses, we evaluated participants of European ancestry separately and considered focal and generalized epilepsy outcomes in participants without a history of stroke. In secondary analyses, we evaluated the polygenic risk of PSE by stroke subtype (ischemic, hemorrhagic, or any stroke). Multivariable logistic regression models were fitted, adjusting for age, sex, genetic ancestry, and the first 5 principal genetic components. RESULTS: Among 17 549 UK Biobank stroke survivors with available genetic information (mean age, 61; 43% female), 185 (1%) developed generalized PSE, while 124 (0.7%) developed focal PSE. Multivariable logistic regression results showed that, when compared against the lowest decile, participants within the highest PRS decile for generalized PSE had 5-fold higher odds of developing generalized PSE (OR, 5.05 [95% CI, 2.37–12.5]; P trend&lt;0.001). Similarly, when compared against the lowest decile, participants within the highest polygenic risk score decile for focal PSE had 3-fold higher odds of developing focal PSE (OR, 3.20; [5% CI, 1.25–9.82]; P trend=0.024). Sensitivity analyses among participants of European ancestry yielded similar results. CONCLUSIONS: Our findings suggest that, like other forms of epilepsy, genetic predisposition plays an essential role in PSE. These results underscore the need for future studies to elucidate the mechanisms underlying PSE development and to identify novel therapeutic avenues.",2024,epilepsy,neurology,True,,,Stroke,stroke,False,openalex,Santiago Clocchiatti‐Tuozzo; Cyprien Rivier; Shubham Misra; Johan Zelano; Rajarshi Mazumder; Lauren Sansing; Adam de Havenon; Lawrence J. Hirsch; David S. Liebeskind; Emily J. Gilmore; Kevin N. Sheth; Jennifer A. Kim; Bradford B. Worrall; Guido J. Falcone; Nishant K. Mishra,https://pmc.ncbi.nlm.nih.gov/articles/PMC11653790/,15,,,,39502073,,,,,,10.2,True,impact_factor>=10,10.1161/strokeaha.124.047459,,,False,0.04583742
https://openalex.org/W2320983896,10.1159/000444713,Epigenetic Regulations of GABAergic Neurotransmission: Relevance for Neurological Disorders and Epigenetic Therapy,"The GABAergic neurotransmission is a highly conserved system that has been attributed to various regulatory events. There has been a notable number of studies on the importance of GABAergic neurotransmission, both excitatory and inhibitory, in neurogenesis and central nervous system development including its control of neuronal cell proliferation and migration, synaptogenesis, dendrite formation and branching, and new neuronal cell integration in the adult brain. There has been remarkable progress in understanding the epigenetic regulations of GABAergic genes and their aberrant expressions in various neurological disorders such as autism spectrum disorder, Rett's syndrome, schizophrenia and PWS. The roles of histone modifications, chromatin looping and gene methylation have been implicated in altered regulations of key genes in the GABAergic pathway. Taken together, they affect the functioning of GABAergic neurotransmission and disrupt various events in brain development. Here, we focus on the role of GABAergic neurotransmission in brain development and on how various genetic and epigenetic events regulate the GABAergic genes in pre- and postnatal brain. We also discuss how these regulatory mechanisms contribute to the pathogenesis of neurological disorders and, therefore, can be used in the development of potential epigenetic therapy for these diseases.",2016,neurology,neurology,True,,,Medical Epigenetics,medical epigenetics,True,openalex,Shikshya Shrestha; Steven M. Offer,https://doi.org/10.1159/000444713,8959,,,,,,,,,,,True,cited_by_count>=405 (top 10.0%); cited_by_count>=405 (top 10.0%),10.1159/000444713,,,False,-0.026415393
https://openalex.org/W2777074421,10.1016/s1474-4422(17)30470-2,Diagnosis of multiple sclerosis: 2017 revisions of the McDonald criteria,,2017,multiple sclerosis,neurology,True,,,The Lancet Neurology,the lancet neurology,False,openalex,Alan J. Thompson; Brenda Banwell; Frederik Barkhof; William M. Carroll; Timothy Coetzee; Giancarlo Comi; Jorge Correale; Franz Fazekas; Massimo Filippi; Mark S. Freedman; Kazuo Fujihara; Steven Galetta; Hans Hartung; Ludwig Kappos; Fred Lublin; Ruth Ann Marrie; Aaron E. Miller; David H. Miller; Xavier Montalbán; Ellen M. Mowry; Per Soelberg Sørensen; Mar Tintoré; Anthony Traboulsee; María Trojano; Bernard M.J. Uitdehaag; Sandra Vukusic; Emmanuelle Waubant; Brian G. Weinshenker; Stephen C. Reingold; Jeffrey A. Cohen,https://pure.amsterdamumc.nl/en/publications/c71d2b7f-ea7f-4396-8534-2278792d12b8,7886,,,,29275977,,,,,,,True,cited_by_count>=405 (top 10.0%); cited_by_count>=405 (top 10.0%),10.1016/s1474-4422(17)30470-2,,,False,-0.012119415
https://openalex.org/W3016127017,10.1001/jamaneurol.2020.1127,"Neurologic Manifestations of Hospitalized Patients With Coronavirus Disease 2019 in Wuhan, China","Importance: The outbreak of coronavirus disease 2019 (COVID-19) in Wuhan, China, is serious and has the potential to become an epidemic worldwide. Several studies have described typical clinical manifestations including fever, cough, diarrhea, and fatigue. However, to our knowledge, it has not been reported that patients with COVID-19 had any neurologic manifestations. Objective: To study the neurologic manifestations of patients with COVID-19. Design, Setting, and Participants: This is a retrospective, observational case series. Data were collected from January 16, 2020, to February 19, 2020, at 3 designated special care centers for COVID-19 (Main District, West Branch, and Tumor Center) of the Union Hospital of Huazhong University of Science and Technology in Wuhan, China. The study included 214 consecutive hospitalized patients with laboratory-confirmed diagnosis of severe acute respiratory syndrome coronavirus 2 infection. Main Outcomes and Measures: Clinical data were extracted from electronic medical records, and data of all neurologic symptoms were checked by 2 trained neurologists. Neurologic manifestations fell into 3 categories: central nervous system manifestations (dizziness, headache, impaired consciousness, acute cerebrovascular disease, ataxia, and seizure), peripheral nervous system manifestations (taste impairment, smell impairment, vision impairment, and nerve pain), and skeletal muscular injury manifestations. Results: Of 214 patients (mean [SD] age, 52.7 [15.5] years; 87 men [40.7%]) with COVID-19, 126 patients (58.9%) had nonsevere infection and 88 patients (41.1%) had severe infection according to their respiratory status. Overall, 78 patients (36.4%) had neurologic manifestations. Compared with patients with nonsevere infection, patients with severe infection were older, had more underlying disorders, especially hypertension, and showed fewer typical symptoms of COVID-19, such as fever and cough. Patients with more severe infection had neurologic manifestations, such as acute cerebrovascular diseases (5 [5.7%] vs 1 [0.8%]), impaired consciousness (13 [14.8%] vs 3 [2.4%]), and skeletal muscle injury (17 [19.3%] vs 6 [4.8%]). Conclusions and Relevance: Patients with COVID-19 commonly have neurologic manifestations. During the epidemic period of COVID-19, when seeing patients with neurologic manifestations, clinicians should suspect severe acute respiratory syndrome coronavirus 2 infection as a differential diagnosis to avoid delayed diagnosis or misdiagnosis and lose the chance to treat and prevent further transmission.",2020,neurology,neurology,True,,,JAMA Neurology,jama neurology,False,openalex,Ling Mao; Huijuan Jin; Mengdie Wang; Yu Hu; Shengcai Chen; Quanwei He; Jiang Chang; Candong Hong; Yifan Zhou; David Wang; Xiaoping Miao; Yanan Li; Bo Hu,https://doi.org/10.1001/jamaneurol.2020.1127,7392,,,,32275288,,,,,,,True,cited_by_count>=405 (top 10.0%); cited_by_count>=405 (top 10.0%),10.1001/jamaneurol.2020.1127,,,False,-0.029217422
https://openalex.org/W2754967293,10.1016/s1474-4422(18)30499-x,"Global, regional, and national burden of neurological disorders, 1990–2016: a systematic analysis for the Global Burden of Disease Study 2016","BACKGROUND: Neurological disorders are increasingly recognised as major causes of death and disability worldwide. The aim of this analysis from the Global Burden of Diseases, Injuries, and Risk Factors Study (GBD) 2016 is to provide the most comprehensive and up-to-date estimates of the global, regional, and national burden from neurological disorders. METHODS: We estimated prevalence, incidence, deaths, and disability-adjusted life-years (DALYs; the sum of years of life lost [YLLs] and years lived with disability [YLDs]) by age and sex for 15 neurological disorder categories (tetanus, meningitis, encephalitis, stroke, brain and other CNS cancers, traumatic brain injury, spinal cord injury, Alzheimer's disease and other dementias, Parkinson's disease, multiple sclerosis, motor neuron diseases, idiopathic epilepsy, migraine, tension-type headache, and a residual category for other less common neurological disorders) in 195 countries from 1990 to 2016. DisMod-MR 2.1, a Bayesian meta-regression tool, was the main method of estimation of prevalence and incidence, and the Cause of Death Ensemble model (CODEm) was used for mortality estimation. We quantified the contribution of 84 risks and combinations of risk to the disease estimates for the 15 neurological disorder categories using the GBD comparative risk assessment approach. FINDINGS: Globally, in 2016, neurological disorders were the leading cause of DALYs (276 million [95% UI 247-308]) and second leading cause of deaths (9·0 million [8·8-9·4]). The absolute number of deaths and DALYs from all neurological disorders combined increased (deaths by 39% [34-44] and DALYs by 15% [9-21]) whereas their age-standardised rates decreased (deaths by 28% [26-30] and DALYs by 27% [24-31]) between 1990 and 2016. The only neurological disorders that had a decrease in rates and absolute numbers of deaths and DALYs were tetanus, meningitis, and encephalitis. The four largest contributors of neurological DALYs were stroke (42·2% [38·6-46·1]), migraine (16·3% [11·7-20·8]), Alzheimer's and other dementias (10·4% [9·0-12·1]), and meningitis (7·9% [6·6-10·4]). For the combined neurological disorders, age-standardised DALY rates were significantly higher in males than in females (male-to-female ratio 1·12 [1·05-1·20]), but migraine, multiple sclerosis, and tension-type headache were more common and caused more burden in females, with male-to-female ratios of less than 0·7. The 84 risks quantified in GBD explain less than 10% of neurological disorder DALY burdens, except stroke, for which 88·8% (86·5-90·9) of DALYs are attributable to risk factors, and to a lesser extent Alzheimer's disease and other dementias (22·3% [11·8-35·1] of DALYs are risk attributable) and idiopathic epilepsy (14·1% [10·8-17·5] of DALYs are risk attributable). INTERPRETATION: Globally, the burden of neurological disorders, as measured by the absolute number of DALYs, continues to increase. As populations are growing and ageing, and the prevalence of major disabling neurological disorders steeply increases with age, governments will face increasing demand for treatment, rehabilitation, and support services for neurological disorders. The scarcity of established modifiable risks for most of the neurological burden demonstrates that new knowledge is required to develop effective prevention and treatment strategies. FUNDING: Bill & Melinda Gates Foundation.",2019,neurology,neurology,True,,,The Lancet Neurology,the lancet neurology,False,openalex,Valery L. Feigin; Emma Nichols; Shazia Alam; Marlena S. Bannick; Ettore Beghi; Natacha Blake; William J. Culpepper; E. Ray Dorsey; Alexis Elbaz; Richard G. Ellenbogen; James L. Fisher; Christina Fitzmaurice; Giorgia Giussani; Linda Glennie; Spencer L James; Catherine O. Johnson; Nicholas J Kassebaum; Giancarlo Logroscino; Benôıt Marin; W Cliff Mountjoy-Venning; Minh Nguyen; Richard Ofori‐Asenso; Anoop P. Patel; Marco Piccininni; Gregory A. Roth; Timothy J. Steiner; Lars Jacob Stovner; Cassandra Szoeke; Alice Theadom; Stein Emil Vollset; Mitchell T. Wallin; Claire Wright; Joseph R. Zunt; Nooshin Abbasi; Foad Abd-Allah; Ahmed Abdelalim; Ibrahim Abdollahpour; Victor Aboyans; Haftom Niguse Abraha; Dilaram Acharya; Abdu A. Adamu; Oladimeji Adebayo; Abiodun M. Adeoye; José Carmelo Adsuar; Mohsen Afarideh; Sutapa Agrawal; Alireza Ahmadi; Muktar Beshir Ahmed; Amani Nidhal Aichour; Ibtihel Aichour; Miloud Taki Eddine Aichour; Rufus Akinyemi; Nadia Akseer; Ayman Al‐Eyadhy; Rustam Al‐Shahi Salman; Fares Alahdab; Kefyalew Addis Alene; Syed Mohamed Aljunid; Khalid A Altirkawi; Nelson Alvis‐Guzmán; Nahla Anber; Carl Abelardo T. Antonio; Jalal Arabloo; Olatunde Aremu; Johan Ärnlöv; Hamid Asayesh; Rana Jawad Asghar; Hagos Tasew Atalay; Ashish Awasthi; Beatriz Paulina Ayala Quintanilla; Ayuk Betrand Tambe; Alaa Badawi; Maciej Banach; Joseph Adel Mattar Banoub; Miguel A. Barboza; Suzanne Barker‐Collo; Till Bärnighausen; Bernhard T. Baune; Neeraj Bedi; Masoud Behzadifar; Meysam Behzadifar; Yannick Béjot; Bayu Begashaw Bekele; Abate Bekele Belachew; Derrick Bennett; Isabela M. Benseñor; Adugnaw Berhane; Mircea Beuran; Krittika Bhattacharyya; Zulfiqar A Bhutta; Belete Biadgo; Ali Bijani; Nigus Bililign; Muhammad Shahdaat Bin Sayeed; Christopher Kynrint Blazes; Carol Brayne; Zahid A Butt; Ismael Campos‐Nonato; Carlos Cantú‐Brito; Mate Car,https://doi.org/10.1016/s1474-4422(18)30499-x,5651,,,,30879893,,,,,,,True,cited_by_count>=405 (top 10.0%); cited_by_count>=405 (top 10.0%),10.1016/s1474-4422(18)30499-x,,,False,0.13654494
https://openalex.org/W2592509339,10.1111/epi.13709,<scp>ILAE</scp> classification of the epilepsies: Position paper of the <scp>ILAE</scp> Commission for Classification and Terminology,"The International League Against Epilepsy (ILAE) Classification of the Epilepsies has been updated to reflect our gain in understanding of the epilepsies and their underlying mechanisms following the major scientific advances that have taken place since the last ratified classification in 1989. As a critical tool for the practicing clinician, epilepsy classification must be relevant and dynamic to changes in thinking, yet robust and translatable to all areas of the globe. Its primary purpose is for diagnosis of patients, but it is also critical for epilepsy research, development of antiepileptic therapies, and communication around the world. The new classification originates from a draft document submitted for public comments in 2013, which was revised to incorporate extensive feedback from the international epilepsy community over several rounds of consultation. It presents three levels, starting with seizure type, where it assumes that the patient is having epileptic seizures as defined by the new 2017 ILAE Seizure Classification. After diagnosis of the seizure type, the next step is diagnosis of epilepsy type, including focal epilepsy, generalized epilepsy, combined generalized, and focal epilepsy, and also an unknown epilepsy group. The third level is that of epilepsy syndrome, where a specific syndromic diagnosis can be made. The new classification incorporates etiology along each stage, emphasizing the need to consider etiology at each step of diagnosis, as it often carries significant treatment implications. Etiology is broken into six subgroups, selected because of their potential therapeutic consequences. New terminology is introduced such as developmental and epileptic encephalopathy. The term benign is replaced by the terms self-limited and pharmacoresponsive, to be used where appropriate. It is hoped that this new framework will assist in improving epilepsy care and research in the 21st century.",2017,epilepsy,neurology,True,,,Epilepsia,epilepsia,False,openalex,Ingrid E. Scheffer; Samuel F. Berkovic; Giuseppe Capovilla; Mary Connolly; Jacqueline A. French; Laura Maria de Figueiredo Ferreira Guilhoto; Édouard Hirsch; Satish Jain; Gary W. Mathern; Solomon L. Moshé; Douglas R. Nordli; Emilio Perucca; Torbjörn Tomson; Samuel Wiebe; Yue‐Hua Zhang; Sameer M. Zuberi,https://doi.org/10.1111/epi.13709,4845,,,,28276062,,,,,,,True,cited_by_count>=405 (top 10.0%); cited_by_count>=405 (top 10.0%),10.1111/epi.13709,,,False,0.07430942
https://openalex.org/W2030215259,10.1093/med/9780199969289.001.0001,The Neurology of Eye Movements,"This new edition comprises a modern synthesis of the anatomical, physiological, and pharmacological substrate for eye movements, including current views on the reflexive and voluntary control of gaze. This synthesis is based on electrophysiological and inactivation studies in macaque, and behavioural studies in humans that incorporate functional imaging and transcranial magnetic stimulation (TMS) in normals, and clinicopathological studies in patients with neurological, visual, or vestibular disorders. Sophisticated experimental paradigms have been applied to both species to explore aspects of cognition, memory, volition, and reward. This large body of research has demonstrated the power of eye movements as experimental tools. The second part of this online resource applies this synthesis to the clinical and laboratory evaluation of patients with abnormal eye movements due to a broad range of disorders - from muscular dystrophy, and genetic disorders, to dementia, including visual and vestibular conditions.",2015,neurology,neurology,False,,,Oxford University Press eBooks,oxford university press ebooks,False,openalex,Richard Leigh; David S. Zee,,3790,,,,,,,,,,,True,cited_by_count>=405 (top 10.0%); cited_by_count>=405 (top 10.0%),10.1093/med/9780199969289.001.0001,,,False,0.023618262
https://openalex.org/W2594644573,10.1111/epi.13670,Operational classification of seizure types by the International League Against Epilepsy: Position Paper of the ILAE Commission for Classification and Terminology,"The International League Against Epilepsy (ILAE) presents a revised operational classification of seizure types. The purpose of such a revision is to recognize that some seizure types can have either a focal or generalized onset, to allow classification when the onset is unobserved, to include some missing seizure types, and to adopt more transparent names. Because current knowledge is insufficient to form a scientifically based classification, the 2017 Classification is operational (practical) and based on the 1981 Classification, extended in 2010. Changes include the following: (1) ""partial"" becomes ""focal""; (2) awareness is used as a classifier of focal seizures; (3) the terms dyscognitive, simple partial, complex partial, psychic, and secondarily generalized are eliminated; (4) new focal seizure types include automatisms, behavior arrest, hyperkinetic, autonomic, cognitive, and emotional; (5) atonic, clonic, epileptic spasms, myoclonic, and tonic seizures can be of either focal or generalized onset; (6) focal to bilateral tonic-clonic seizure replaces secondarily generalized seizure; (7) new generalized seizure types are absence with eyelid myoclonia, myoclonic absence, myoclonic-atonic, myoclonic-tonic-clonic; and (8) seizures of unknown onset may have features that can still be classified. The new classification does not represent a fundamental change, but allows greater flexibility and transparency in naming seizure types.",2017,epilepsy,neurology,True,,,Epilepsia,epilepsia,False,openalex,Robert S. Fisher; J. Helen Cross; Jacqueline A. French; Norimichi Higurashi; Édouard Hirsch; Floor E. Jansen; Lieven Lagae; Solomon L. Moshé; Jukka Peltola; Eliane Roulet Perez; Ingrid E. Scheffer; Sameer M. Zuberi,https://doi.org/10.1111/epi.13670,3372,,,,28276060,,,,,,,True,cited_by_count>=405 (top 10.0%); cited_by_count>=405 (top 10.0%),10.1111/epi.13670,,,False,0.059603307
https://openalex.org/W2905654445,10.1016/j.bbmt.2018.12.758,ASTCT Consensus Grading for Cytokine Release Syndrome and Neurologic Toxicity Associated with Immune Effector Cells,"Chimeric antigen receptor (CAR) T cell therapy is rapidly emerging as one of the most promising therapies for hematologic malignancies. Two CAR T products were recently approved in the United States and Europe for the treatment ofpatients up to age 25years with relapsed or refractory B cell acute lymphoblastic leukemia and/or adults with large B cell lymphoma. Many more CAR T products, as well as other immunotherapies, including various immune cell- and bi-specific antibody-based approaches that function by activation of immune effector cells, are in clinical development for both hematologic and solid tumor malignancies. These therapies are associated with unique toxicities of cytokine release syndrome (CRS) and neurologic toxicity. The assessment and grading of these toxicities vary considerably across clinical trials and across institutions, making it difficult to compare the safety of different products and hindering the ability to develop optimal strategies for management of these toxicities. Moreover, some aspects of these grading systems can be challenging to implement across centers. Therefore, in an effort to harmonize the definitions and grading systems for CRS and neurotoxicity, experts from all aspects of the field met on June 20 and 21, 2018, at a meeting supported by the American Society for Transplantation and Cellular Therapy (ASTCT; formerly American Society for Blood and Marrow Transplantation, ASBMT) in Arlington, VA. Here we report the consensus recommendations of that group and propose new definitions and grading for CRS and neurotoxicity that are objective, easy to apply, and ultimately more accurately categorize the severity of these toxicities. The goal is to provide a uniform consensus grading system for CRS and neurotoxicity associated with immune effector cell therapies, for use across clinical trials and in the postapproval clinical setting.",2018,neurology,neurology,True,,,Biology of Blood and Marrow Transplantation,biology of blood and marrow transplantation,False,openalex,Daniel W. Lee; Bianca Santomasso; Frederick L. Locke; Armin Ghobadi; Cameron J. Turtle; Jennifer N. Brudno; Marcela V. Maus; Jae H. Park; Elena Mead; Steven Z. Pavletic; William Y. Go; Lamis Eldjerou; Rebecca Gardner; Noelle V. Frey; Kevin J. Curran; Karl S. Peggs; Marcelo C. Pasquini; John F. DiPersio; Marcel R.M. van den Brink; Krishna V. Komanduri; Stephan A. Grupp; Sattva S. Neelapu,https://doi.org/10.1016/j.bbmt.2018.12.758,3369,,,,30592986,,,,,,,True,cited_by_count>=405 (top 10.0%); cited_by_count>=405 (top 10.0%),10.1016/j.bbmt.2018.12.758,,,False,-0.008923851
https://openalex.org/W3015925195,10.1056/nejmc2008597,Neurologic Features in Severe SARS-CoV-2 Infection,"Neurologic Features in SARS-CoV-2 Infection In a consecutive series of 64 patients with Covid-19 and ARDS, 58 of whom underwent neurologic examination, severe agitation and corticospinal signs were...",2020,neurology,neurology,True,,,New England Journal of Medicine,new england journal of medicine,False,openalex,Julie Helms; Stéphane Kremer; Hamid Merdji; Raphaël Clère-Jehl; M. Schenck; Christine Kummerlen; Olivier Collange; Clotilde Boulay; Samira Fafi‐Kremer; Mickaël Ohana; Mathieu Anheim; Ferhat Meziani,https://www.ncbi.nlm.nih.gov/pmc/articles/7179967,2784,,,,32294339,,,,,,,True,cited_by_count>=405 (top 10.0%); cited_by_count>=405 (top 10.0%),10.1056/nejmc2008597,,,False,-0.064223446
https://openalex.org/W3099273656,10.1177/1352458520970841,"Rising prevalence of multiple sclerosis worldwide: Insights from the Atlas of MS, third edition","BACKGROUND: High-quality epidemiologic data worldwide are needed to improve our understanding of disease risk, support health policy to meet the diverse needs of people with multiple sclerosis (MS) and support advocacy efforts. OBJECTIVES: The Atlas of MS is an open-source global compendium of data regarding the epidemiology of MS and the availability of resources for people with MS reported at country, regional and global levels. METHODS: Country representatives reported epidemiologic data and their sources via survey between September 2019 and March 2020, covering prevalence and incidence in males, females and children, and age and MS type at diagnosis. Regional analyses and comparisons with 2013 data were conducted. RESULTS: A total of 2.8 million people are estimated to live with MS worldwide (35.9 per 100,000 population). MS prevalence has increased in every world region since 2013 but gaps in prevalence estimates persist. The pooled incidence rate across 75 reporting countries is 2.1 per 100,000 persons/year, and the mean age of diagnosis is 32 years. Females are twice as likely to live with MS as males. CONCLUSIONS: The global prevalence of MS has risen since 2013, but good surveillance data is not universal. Action is needed by multiple stakeholders to close knowledge gaps.",2020,multiple sclerosis,neurology,True,,,Multiple Sclerosis Journal,multiple sclerosis journal,False,openalex,Clare Walton; Rachel King; Lindsay Rechtman; Wendy Kaye; Emmanuelle Leray; Ruth Ann Marrie; Neil Robertson; N Rocca; Bernard M.J. Uitdehaag; Ingrid van der Mei; Mitchell T. Wallin; Anne Helme; Ceri Angood Napier; Nick Rijke; Peer Baneke,https://doi.org/10.1177/1352458520970841,2480,,,,33174475,,,,,,,True,cited_by_count>=405 (top 10.0%); cited_by_count>=405 (top 10.0%),10.1177/1352458520970841,,,False,0.04523266
https://openalex.org/W4253381763,10.1056/nejmra1401483,Multiple Sclerosis,Multiple sclerosis affects more than 2 million people worldwide and is currently incurable. A number of interventions to modify the course of multiple sclerosis have been developed that offer new insight into disease mechanisms.,2018,multiple sclerosis,neurology,False,,,New England Journal of Medicine,new england journal of medicine,False,openalex,Daniel S. Reich; Claudia F. Lucchinetti; Peter A. Calabresi,,2411,,,,29320652,,,,,,,True,cited_by_count>=405 (top 10.0%); cited_by_count>=405 (top 10.0%),10.1056/nejmra1401483,,,False,-0.037645306
https://openalex.org/W2623663856,10.1002/mds.26987,Clinical diagnosis of progressive supranuclear palsy: The movement disorder society criteria,"BACKGROUND: PSP is a neuropathologically defined disease entity. Clinical diagnostic criteria, published in 1996 by the National Institute of Neurological Disorders and Stroke/Society for PSP, have excellent specificity, but their sensitivity is limited for variant PSP syndromes with presentations other than Richardson's syndrome. OBJECTIVE: We aimed to provide an evidence- and consensus-based revision of the clinical diagnostic criteria for PSP. METHODS: We searched the PubMed, Cochrane, Medline, and PSYCInfo databases for articles published in English since 1996, using postmortem diagnosis or highly specific clinical criteria as the diagnostic standard. Second, we generated retrospective standardized clinical data from patients with autopsy-confirmed PSP and control diseases. On this basis, diagnostic criteria were drafted, optimized in two modified Delphi evaluations, submitted to structured discussions with consensus procedures during a 2-day meeting, and refined in three further Delphi rounds. RESULTS: Defined clinical, imaging, laboratory, and genetic findings serve as mandatory basic features, mandatory exclusion criteria, or context-dependent exclusion criteria. We identified four functional domains (ocular motor dysfunction, postural instability, akinesia, and cognitive dysfunction) as clinical predictors of PSP. Within each of these domains, we propose three clinical features that contribute different levels of diagnostic certainty. Specific combinations of these features define the diagnostic criteria, stratified by three degrees of diagnostic certainty (probable PSP, possible PSP, and suggestive of PSP). Clinical clues and imaging findings represent supportive features. CONCLUSIONS: Here, we present new criteria aimed to optimize early, sensitive, and specific clinical diagnosis of PSP on the basis of currently available evidence. © 2017 International Parkinson and Movement Disorder Society.",2017,movement disorder,neurology,False,,,Movement Disorders,movement disorders,False,openalex,Günter U. Höglinger; Gesine Respondek; María Stamelou; Carolin Kurz; Keith A. Josephs; Anthony E. Lang; Brit Mollenhauer; Ulrich Müller; Christer Nilsson; Jennifer L. Whitwell; Thomas Arzberger; Elisabet Englund; Ellen Gelpí; Armin Giese; David J. Irwin; Wassilios G. Meissner; Alexander Pantelyat; Alex Rajput; John C. van Swieten; Claire Troakes; Angelo Antonini; Kailash P. Bhatia; Yvette Bordelon; Yaroslau Compta; Jean‐Christophe Corvol; Carlo Colosimo; Dennis W. Dickson; Richard Dodel; Leslie W. Ferguson; Murray Grossman; Jan Kassubek; Florian Krismer; Johannes Levin; Stefan Lorenzl; Huw R. Morris; Peter J. Nestor; Wolfgang H. Oertel; Werner Poewe; Gil D. Rabinovici; James B. Rowe; Gerard D. Schellenberg; Klaus Seppi; Thilo van Eimeren; Gregor K. Wenning; Adam L. Boxer; Lawrence I. Golbe; Irene Litvan; for the Movement Disorder Society–endorsed PSP Study Group,,2304,,,,28467028,,,,,,,True,cited_by_count>=405 (top 10.0%); cited_by_count>=405 (top 10.0%),10.1002/mds.26987,,,False,-0.0185429
https://openalex.org/W3157419554,10.1016/s1474-4422(17)30299-5,"Global, regional, and national burden of neurological disorders during 1990–2015: a systematic analysis for the Global Burden of Disease Study 2015","BACKGROUND: Comparable data on the global and country-specific burden of neurological disorders and their trends are crucial for health-care planning and resource allocation. The Global Burden of Diseases, Injuries, and Risk Factors (GBD) Study provides such information but does not routinely aggregate results that are of interest to clinicians specialising in neurological conditions. In this systematic analysis, we quantified the global disease burden due to neurological disorders in 2015 and its relationship with country development level. METHODS: We estimated global and country-specific prevalence, mortality, disability-adjusted life-years (DALYs), years of life lost (YLLs), and years lived with disability (YLDs) for various neurological disorders that in the GBD classification have been previously spread across multiple disease groupings. The more inclusive grouping of neurological disorders included stroke, meningitis, encephalitis, tetanus, Alzheimer's disease and other dementias, Parkinson's disease, epilepsy, multiple sclerosis, motor neuron disease, migraine, tension-type headache, medication overuse headache, brain and nervous system cancers, and a residual category of other neurological disorders. We also analysed results based on the Socio-demographic Index (SDI), a compound measure of income per capita, education, and fertility, to identify patterns associated with development and how countries fare against expected outcomes relative to their level of development. FINDINGS: Neurological disorders ranked as the leading cause group of DALYs in 2015 (250·7 [95% uncertainty interval (UI) 229·1 to 274·7] million, comprising 10·2% of global DALYs) and the second-leading cause group of deaths (9·4 [9·1 to 9·7] million], comprising 16·8% of global deaths). The most prevalent neurological disorders were tension-type headache (1505·9 [UI 1337·3 to 1681·6 million cases]), migraine (958·8 [872·1 to 1055·6] million), medication overuse headache (58·5 [50·8 to 67·4 million]), and Alzheimer's disease and other dementias (46·0 [40·2 to 52·7 million]). Between 1990 and 2015, the number of deaths from neurological disorders increased by 36·7%, and the number of DALYs by 7·4%. These increases occurred despite decreases in age-standardised rates of death and DALYs of 26·1% and 29·7%, respectively; stroke and communicable neurological disorders were responsible for most of these decreases. Communicable neurological disorders were the largest cause of DALYs in countries with low SDI. Stroke rates were highest at middle levels of SDI and lowest at the highest SDI. Most of the changes in DALY rates of neurological disorders with development were driven by changes in YLLs. INTERPRETATION: Neurological disorders are an important cause of disability and death worldwide. Globally, the burden of neurological disorders has increased substantially over the past 25 years because of expanding population numbers and ageing, despite substantial decreases in mortality rates from stroke and communicable neurological disorders. The number of patients who will need care by clinicians with expertise in neurological conditions will continue to grow in coming decades. Policy makers and health-care providers should be aware of these trends to provide adequate services. FUNDING: Bill & Melinda Gates Foundation.",2017,neurology,neurology,True,,,The Lancet Neurology,the lancet neurology,False,openalex,Valery L. Feigin; Amanuel Alemu Abajobir; Kalkidan Hassen Abate; Foad Abd-Allah; Abdishakur Abdulle; Semaw Ferede Abera; Gebre Yitayih Abyu; Muktar Beshir Ahmed; Amani Nidhal Aichour; Ibtihel Aichour; Miloud Taki Eddine Aichour; Rufus Akinyemi; Samer Alabed; Rajaa Al‐Raddadi; Nelson Alvis‐Guzmán; Azmeraw T. Amare; Hossein Ansari; Palwasha Anwari; Johan Ärnlöv; Hamid Asayesh; Solomon Weldegebreal Asgedom; Tesfay Mehari Atey; Leticia Ávila‐Burgos; Euripide Frinel; G. Arthur Avokpaho; M.R. Azarpazhooh; Aleksandra Barać; Miguel A. Barboza; Suzanne Barker‐Collo; Till Bärnighausen; Neeraj Bedi; Ettore Beghi; Derrick Bennett; Isabela M. Benseñor; Adugnaw Berhane; Balem Demtsu Betsu; Soumyadeep Bhaumik; Sait Mentes Birlik; Stan Biryukov; Dube Jara Boneya; Lemma N Bulto; Hélène Carabin; Daniel Casey; Carlos A Castañeda-Orjuela; Ferrán Catalá-López; Honglei Chen; Abdulaal Chitheer; Rajiv Chowdhury; Hanne Christensen; Lalit Dandona; Rakhi Dandona; Gabrielle A de Veber; Samath Dhamminda Dharmaratne; Huyen Phuc; Клара Докова; E. Ray Dorsey; Richard G. Ellenbogen; Sharareh Eskandarieh; Maryam S. Farvid; Seyed‐Mohammad Fereshtehnejad; Florian Fischer; Kyle J Foreman; Johanna M. Geleijnse; Richard F Gillum; Giorgia Giussani; Ellen M Goldberg; Philimon Gona; Alessandra C. Goulart; H. C. Gugnani; Rahul Gupta; Vladimir Hachinski; Rajeev Gupta; Randah R Hamadeh; Mitiku Teshome Hambisa; Graeme J. Hankey; Habtamu Abera Hareri; Rasmus Havmoeller; Simon I Hay; Pouria Heydarpour; Peter J. Hotez; Mihajlo Jakovljević; Mehdi Javanbakht; Panniyammakal Jeemon; Jost B. Jonas; Yogeshwar Kalkonde; Amit Kandel; André Karch; Amir Kasaeian; Anshul Kastor; Peter Njenga Keiyoro; Yousef Khader; Ibrahim A Khalil; Ejaz Ahmad Khan; Young‐Ho Khang; Abdullah Tawfih; Abdullah T Khoja; Jagdish Khubchandani; Chanda Kulkarni; Daniel Kim; Yun Jin Kim,https://doi.org/10.1016/s1474-4422(17)30299-5,2270,,,,28931491,,,,,,,True,cited_by_count>=405 (top 10.0%); cited_by_count>=405 (top 10.0%),10.1016/s1474-4422(17)30299-5,,,False,0.13166685
https://openalex.org/W3148333766,10.1016/s2215-0366(21)00084-5,6-month neurological and psychiatric outcomes in 236 379 survivors of COVID-19: a retrospective cohort study using electronic health records,"BACKGROUND: Neurological and psychiatric sequelae of COVID-19 have been reported, but more data are needed to adequately assess the effects of COVID-19 on brain health. We aimed to provide robust estimates of incidence rates and relative risks of neurological and psychiatric diagnoses in patients in the 6 months following a COVID-19 diagnosis. METHODS: For this retrospective cohort study and time-to-event analysis, we used data obtained from the TriNetX electronic health records network (with over 81 million patients). Our primary cohort comprised patients who had a COVID-19 diagnosis; one matched control cohort included patients diagnosed with influenza, and the other matched control cohort included patients diagnosed with any respiratory tract infection including influenza in the same period. Patients with a diagnosis of COVID-19 or a positive test for SARS-CoV-2 were excluded from the control cohorts. All cohorts included patients older than 10 years who had an index event on or after Jan 20, 2020, and who were still alive on Dec 13, 2020. We estimated the incidence of 14 neurological and psychiatric outcomes in the 6 months after a confirmed diagnosis of COVID-19: intracranial haemorrhage; ischaemic stroke; parkinsonism; Guillain-Barré syndrome; nerve, nerve root, and plexus disorders; myoneural junction and muscle disease; encephalitis; dementia; psychotic, mood, and anxiety disorders (grouped and separately); substance use disorder; and insomnia. Using a Cox model, we compared incidences with those in propensity score-matched cohorts of patients with influenza or other respiratory tract infections. We investigated how these estimates were affected by COVID-19 severity, as proxied by hospitalisation, intensive therapy unit (ITU) admission, and encephalopathy (delirium and related disorders). We assessed the robustness of the differences in outcomes between cohorts by repeating the analysis in different scenarios. To provide benchmarking for the incidence and risk of neurological and psychiatric sequelae, we compared our primary cohort with four cohorts of patients diagnosed in the same period with additional index events: skin infection, urolithiasis, fracture of a large bone, and pulmonary embolism. FINDINGS: Among 236 379 patients diagnosed with COVID-19, the estimated incidence of a neurological or psychiatric diagnosis in the following 6 months was 33·62% (95% CI 33·17-34·07), with 12·84% (12·36-13·33) receiving their first such diagnosis. For patients who had been admitted to an ITU, the estimated incidence of a diagnosis was 46·42% (44·78-48·09) and for a first diagnosis was 25·79% (23·50-28·25). Regarding individual diagnoses of the study outcomes, the whole COVID-19 cohort had estimated incidences of 0·56% (0·50-0·63) for intracranial haemorrhage, 2·10% (1·97-2·23) for ischaemic stroke, 0·11% (0·08-0·14) for parkinsonism, 0·67% (0·59-0·75) for dementia, 17·39% (17·04-17·74) for anxiety disorder, and 1·40% (1·30-1·51) for psychotic disorder, among others. In the group with ITU admission, estimated incidences were 2·66% (2·24-3·16) for intracranial haemorrhage, 6·92% (6·17-7·76) for ischaemic stroke, 0·26% (0·15-0·45) for parkinsonism, 1·74% (1·31-2·30) for dementia, 19·15% (17·90-20·48) for anxiety disorder, and 2·77% (2·31-3·33) for psychotic disorder. Most diagnostic categories were more common in patients who had COVID-19 than in those who had influenza (hazard ratio [HR] 1·44, 95% CI 1·40-1·47, for any diagnosis; 1·78, 1·68-1·89, for any first diagnosis) and those who had other respiratory tract infections (1·16, 1·14-1·17, for any diagnosis; 1·32, 1·27-1·36, for any first diagnosis). As with incidences, HRs were higher in patients who had more severe COVID-19 (eg, those admitted to ITU compared with those who were not: 1·58, 1·50-1·67, for any diagnosis; 2·87, 2·45-3·35, for any first diagnosis). Results were robust to various sensitivity analyses and benchmarking against the four additional index health events. INTERPRETATION: Our study provides evidence for substantial neurological and psychiatric morbidity in the 6 months after COVID-19 infection. Risks were greatest in, but not limited to, patients who had severe COVID-19. This information could help in service planning and identification of research priorities. Complementary study designs, including prospective cohorts, are needed to corroborate and explain these findings. FUNDING: National Institute for Health Research (NIHR) Oxford Health Biomedical Research Centre.",2021,neurology,neurology,True,,,The Lancet Psychiatry,the lancet psychiatry,False,openalex,Maxime Taquet; John Geddes; Masud Husain; Sierra Luciano; Paul J. Harrison,https://doi.org/10.1016/s2215-0366(21)00084-5,2227,,,,33836148,,,,,,,True,cited_by_count>=405 (top 10.0%); cited_by_count>=405 (top 10.0%),10.1016/s2215-0366(21)00084-5,,,False,0.051502265
https://openalex.org/W1828576284,10.1038/nri3871,Immunopathology of multiple sclerosis,,2015,multiple sclerosis,neurology,False,,,Nature reviews. Immunology,nature reviews. immunology,False,openalex,Calliope A. Dendrou; Lars Fugger; Manuel A. Friese,,2201,,,,26250739,,,,,,,True,cited_by_count>=405 (top 10.0%); cited_by_count>=405 (top 10.0%),10.1038/nri3871,,,False,-0.08269367
https://openalex.org/W2896014118,10.1111/ene.13819,Multiple sclerosis – a review,"Multiple sclerosis (MS) is the commonest non-traumatic disabling disease to affect young adults. The incidence of MS is increasing worldwide, together with the socioeconomic impact of the disease. The underlying cause of MS and mechanisms behind this increase remain opaque, although complex gene-environment interactions almost certainly play a significant role. The epidemiology of MS indicates that low serum levels of vitamin D, smoking, childhood obesity and infection with the Epstein-Barr virus are likely to play a role in disease development. Changes in diagnostic methods and criteria mean that people with MS can be diagnosed increasingly early in their disease trajectory. Alongside this, treatments for MS have increased exponentially in number, efficacy and risk. There is now the possibility of a diagnosis of 'pre-symptomatic MS' being made; as a result potentially preventive strategies could be studied. In this comprehensive review, MS epidemiology, potential aetiological factors and pathology are discussed, before moving on to clinical aspects of MS diagnosis and management.",2018,multiple sclerosis,neurology,True,,,European Journal of Neurology,european journal of neurology,False,openalex,Ruth Dobson; Gavin Giovannoni,https://doi.org/10.1111/ene.13819,2076,,,,30300457,,,,,,,True,cited_by_count>=405 (top 10.0%); cited_by_count>=405 (top 10.0%),10.1111/ene.13819,,,False,-0.03679457
https://openalex.org/W2911761011,10.1016/s0140-6736(18)32596-0,Epilepsy in adults,,2019,epilepsy,neurology,False,,,The Lancet,the lancet,False,openalex,Roland D. Thijs; Rainer Surges; Terence J. O’Brien; Josemir W. Sander,,2072,,,,30686584,,,,,,,True,cited_by_count>=405 (top 10.0%); cited_by_count>=405 (top 10.0%),10.1016/s0140-6736(18)32596-0,,,False,-0.013873405
https://openalex.org/W3024790435,10.1016/s1474-4422(20)30221-0,Neurological associations of COVID-19,"BACKGROUND: The COVID-19 pandemic, caused by severe acute respiratory syndrome coronavirus 2 (SARS-CoV-2), is of a scale not seen since the 1918 influenza pandemic. Although the predominant clinical presentation is with respiratory disease, neurological manifestations are being recognised increasingly. On the basis of knowledge of other coronaviruses, especially those that caused the severe acute respiratory syndrome and Middle East respiratory syndrome epidemics, cases of CNS and peripheral nervous system disease caused by SARS-CoV-2 might be expected to be rare. RECENT DEVELOPMENTS: A growing number of case reports and series describe a wide array of neurological manifestations in 901 patients, but many have insufficient detail, reflecting the challenge of studying such patients. Encephalopathy has been reported for 93 patients in total, including 16 (7%) of 214 hospitalised patients with COVID-19 in Wuhan, China, and 40 (69%) of 58 patients in intensive care with COVID-19 in France. Encephalitis has been described in eight patients to date, and Guillain-Barré syndrome in 19 patients. SARS-CoV-2 has been detected in the CSF of some patients. Anosmia and ageusia are common, and can occur in the absence of other clinical features. Unexpectedly, acute cerebrovascular disease is also emerging as an important complication, with cohort studies reporting stroke in 2-6% of patients hospitalised with COVID-19. So far, 96 patients with stroke have been described, who frequently had vascular events in the context of a pro-inflammatory hypercoagulable state with elevated C-reactive protein, D-dimer, and ferritin. WHERE NEXT?: Careful clinical, diagnostic, and epidemiological studies are needed to help define the manifestations and burden of neurological disease caused by SARS-CoV-2. Precise case definitions must be used to distinguish non-specific complications of severe disease (eg, hypoxic encephalopathy and critical care neuropathy) from those caused directly or indirectly by the virus, including infectious, para-infectious, and post-infectious encephalitis, hypercoagulable states leading to stroke, and acute neuropathies such as Guillain-Barré syndrome. Recognition of neurological disease associated with SARS-CoV-2 in patients whose respiratory infection is mild or asymptomatic might prove challenging, especially if the primary COVID-19 illness occurred weeks earlier. The proportion of infections leading to neurological disease will probably remain small. However, these patients might be left with severe neurological sequelae. With so many people infected, the overall number of neurological patients, and their associated health burden and social and economic costs might be large. Health-care planners and policy makers must prepare for this eventuality, while the many ongoing studies investigating neurological associations increase our knowledge base.",2020,neurology,neurology,True,,,The Lancet Neurology,the lancet neurology,False,openalex,Mark A Ellul; Laura Benjamin; Bhagteshwar Singh; Suzannah Lant; Benedict Daniel Michael; Ava Easton; Rachel Kneen; Sylviane Defres; Jim Sejvar; Tom Solomon,https://doi.org/10.1016/s1474-4422(20)30221-0,1973,,,,32622375,,,,,,,True,cited_by_count>=405 (top 10.0%); cited_by_count>=405 (top 10.0%),10.1016/s1474-4422(20)30221-0,,,False,0.020846885
https://openalex.org/W4205972999,10.1126/science.abj8222,Longitudinal analysis reveals high prevalence of Epstein-Barr virus associated with multiple sclerosis,"Multiple sclerosis (MS) is a chronic inflammatory demyelinating disease of the central nervous system of unknown etiology. We tested the hypothesis that MS is caused by Epstein-Barr virus (EBV) in a cohort comprising more than 10 million young adults on active duty in the US military, 955 of whom were diagnosed with MS during their period of service. Risk of MS increased 32-fold after infection with EBV but was not increased after infection with other viruses, including the similarly transmitted cytomegalovirus. Serum levels of neurofilament light chain, a biomarker of neuroaxonal degeneration, increased only after EBV seroconversion. These findings cannot be explained by any known risk factor for MS and suggest EBV as the leading cause of MS.",2022,multiple sclerosis,neurology,False,,,Science,science,False,openalex,Kjetil Bjørnevik; Marianna Cortese; Brian C. Healy; Jens Kühle; Michael J. Mina; Yumei Leng; Stephen J. Elledge; David W. Niebuhr; I Scher; Kassandra L. Munger; Alberto Ascherio,,1955,,,,35025605,,,,,,,True,cited_by_count>=405 (top 10.0%); cited_by_count>=405 (top 10.0%),10.1126/science.abj8222,,,False,-0.045410626
https://openalex.org/W2889223700,10.1038/s41582-018-0058-z,Neurofilaments as biomarkers in neurological disorders,,2018,neurology,neurology,True,,,Nature Reviews Neurology,nature reviews neurology,False,openalex,Michael Khalil; Charlotte E. Teunissen; Markus Otto; Fredrik Piehl; Maria Pia Sormani; Thomas Gattringer; Christian Barro; Ludwig Kappos; Manuel Comabella; Franz Fazekas; Axel Petzold; Kaj Blennow; Henrik Zetterberg; Jens Kühle,https://discovery.ucl.ac.uk/id/eprint/10057189/,1946,,,,30171200,,,,,,,True,cited_by_count>=405 (top 10.0%); cited_by_count>=405 (top 10.0%),10.1038/s41582-018-0058-z,,,False,0.057242684
https://openalex.org/W2561881161,10.1056/nejmoa1601277,Ocrelizumab versus Interferon Beta-1a in Relapsing Multiple Sclerosis,"BACKGROUND: B cells influence the pathogenesis of multiple sclerosis. Ocrelizumab is a humanized monoclonal antibody that selectively depletes CD20+ B cells. METHODS: In two identical phase 3 trials, we randomly assigned 821 and 835 patients with relapsing multiple sclerosis to receive intravenous ocrelizumab at a dose of 600 mg every 24 weeks or subcutaneous interferon beta-1a at a dose of 44 μg three times weekly for 96 weeks. The primary end point was the annualized relapse rate. RESULTS: -weighted magnetic resonance scan was 0.02 with ocrelizumab versus 0.29 with interferon beta-1a in trial 1 (94% lower number of lesions with ocrelizumab, P<0.001) and 0.02 versus 0.42 in trial 2 (95% lower number of lesions, P<0.001). The change in the Multiple Sclerosis Functional Composite score (a composite measure of walking speed, upper-limb movements, and cognition; for this z score, negative values indicate worsening and positive values indicate improvement) significantly favored ocrelizumab over interferon beta-1a in trial 2 (0.28 vs. 0.17, P=0.004) but not in trial 1 (0.21 vs. 0.17, P=0.33). Infusion-related reactions occurred in 34.3% of the patients treated with ocrelizumab. Serious infection occurred in 1.3% of the patients treated with ocrelizumab and in 2.9% of those treated with interferon beta-1a. Neoplasms occurred in 0.5% of the patients treated with ocrelizumab and in 0.2% of those treated with interferon beta-1a. CONCLUSIONS: Among patients with relapsing multiple sclerosis, ocrelizumab was associated with lower rates of disease activity and progression than interferon beta-1a over a period of 96 weeks. Larger and longer studies of the safety of ocrelizumab are required. (Funded by F. Hoffmann-La Roche; OPERA I and II ClinicalTrials.gov numbers, NCT01247324 and NCT01412333 , respectively.).",2016,multiple sclerosis,neurology,True,,,New England Journal of Medicine,new england journal of medicine,False,openalex,Stephen L. Hauser; Amit Bar‐Or; Gıancarlo Comı; Gavin Giovannoni; Hans‐Peter Hartung; Bernhard Hemmer; Fred Lublin; Xavier Montalbán; Kottil Rammohan; Krzysztof Selmaj; Anthony Traboulsee; Jerry S. Wolinsky; Douglas L. Arnold; Gaëlle Klingelschmitt; Donna Masterman; Paulo Fontoura; Shibeshih Belachew; Peter Chin; Nicole Mairon; Hideki Garren; Ludwig Kappos,https://doi.org/10.1056/nejmoa1601277,1938,,,,28002679,,,,,,,True,cited_by_count>=405 (top 10.0%); cited_by_count>=405 (top 10.0%),10.1056/nejmoa1601277,,,False,-0.040151767
https://openalex.org/W2565433170,10.1056/nejmoa1606468,Ocrelizumab versus Placebo in Primary Progressive Multiple Sclerosis,"BACKGROUND: An evolving understanding of the immunopathogenesis of multiple sclerosis suggests that depleting B cells could be useful for treatment. We studied ocrelizumab, a humanized monoclonal antibody that selectively depletes CD20-expressing B cells, in the primary progressive form of the disease. METHODS: In this phase 3 trial, we randomly assigned 732 patients with primary progressive multiple sclerosis in a 2:1 ratio to receive intravenous ocrelizumab (600 mg) or placebo every 24 weeks for at least 120 weeks and until a prespecified number of confirmed disability progression events had occurred. The primary end point was the percentage of patients with disability progression confirmed at 12 weeks in a time-to-event analysis. RESULTS: -weighted magnetic resonance imaging (MRI) decreased by 3.4% with ocrelizumab and increased by 7.4% with placebo (P<0.001); and the percentage of brain-volume loss was 0.90% with ocrelizumab versus 1.09% with placebo (P=0.02). There was no significant difference in the change in the Physical Component Summary score of the 36-Item Short-Form Health Survey. Infusion-related reactions, upper respiratory tract infections, and oral herpes infections were more frequent with ocrelizumab than with placebo. Neoplasms occurred in 2.3% of patients who received ocrelizumab and in 0.8% of patients who received placebo; there was no clinically significant difference between groups in the rates of serious adverse events and serious infections. CONCLUSIONS: Among patients with primary progressive multiple sclerosis, ocrelizumab was associated with lower rates of clinical and MRI progression than placebo. Extended observation is required to determine the long-term safety and efficacy of ocrelizumab. (Funded by F. Hoffmann-La Roche; ORATORIO ClinicalTrials.gov number, NCT01194570 .).",2016,multiple sclerosis,neurology,True,,,New England Journal of Medicine,new england journal of medicine,False,openalex,Xavier Montalbán; Stephen L. Hauser; Ludwig Kappos; Douglas L. Arnold; Amit Bar‐Or; Giancarlo Comi; de Sèze; Gavin Giovannoni; Hans‐Peter Hartung; Bernhard Hemmer; Fred Lublin; Kottil Rammohan; Krzysztof Selmaj; Anthony Traboulsee; Annette Sauter; Donna Masterman; Paulo Fontoura; Shibeshih Belachew; Hideki Garren; Nicole Mairon; Peter Chin; Jerry S. Wolinsky,https://doi.org/10.1056/nejmoa1606468,1838,,,,28002688,,,,,,,True,cited_by_count>=405 (top 10.0%); cited_by_count>=405 (top 10.0%),10.1056/nejmoa1606468,,,False,-0.0031850263
https://openalex.org/W2563036039,10.1212/wnl.0000000000003509,Prevalence and incidence of epilepsy,"OBJECTIVE: To review population-based studies of the prevalence and incidence of epilepsy worldwide and use meta-analytic techniques to explore factors that may explain heterogeneity between estimates. METHODS: The Preferred Reporting Items for Systematic Reviews and Meta-Analyses standards were followed. We searched MEDLINE and EMBASE for articles published on the prevalence or incidence of epilepsy since 1985. Abstract, full-text review, and data abstraction were conducted in duplicate. Meta-analyses and meta-regressions were used to explore the association between prevalence or incidence, age group, sex, country level income, and study quality. RESULTS: A total of 222 studies were included (197 on prevalence, 48 on incidence). The point prevalence of active epilepsy was 6.38 per 1,000 persons (95% confidence interval [95% CI] 5.57-7.30), while the lifetime prevalence was 7.60 per 1,000 persons (95% CI 6.17-9.38). The annual cumulative incidence of epilepsy was 67.77 per 100,000 persons (95% CI 56.69-81.03) while the incidence rate was 61.44 per 100,000 person-years (95% CI 50.75-74.38). The prevalence of epilepsy did not differ by age group, sex, or study quality. The active annual period prevalence, lifetime prevalence, and incidence rate of epilepsy were higher in low to middle income countries. Epilepsies of unknown etiology and those with generalized seizures had the highest prevalence. CONCLUSIONS: This study provides a comprehensive synthesis of the prevalence and incidence of epilepsy from published international studies and offers insight into factors that contribute to heterogeneity between estimates. Significant gaps (e.g., lack of incidence studies, stratification by age groups) were identified. Standardized reporting of future epidemiologic studies of epilepsy is needed.",2016,epilepsy,neurology,True,,,Neurology,neurology,False,openalex,Kirsten M. Fiest; Khara M. Sauro; Samuel Wiebe; Scott B. Patten; Churl‐Su Kwon; Jonathan Dykeman; Tamara Pringsheim; Diane Lorenzetti; Nathalie Jetté,https://doi.org/10.1212/wnl.0000000000003509,1832,,,,27986877,,,,,,,True,cited_by_count>=405 (top 10.0%); cited_by_count>=405 (top 10.0%),10.1212/wnl.0000000000003509,,,False,0.04197299
https://openalex.org/W4211090999,10.1016/s0140-6736(18)30481-1,Multiple sclerosis,,2018,multiple sclerosis,neurology,False,,,The Lancet,the lancet,False,openalex,Alan J. Thompson; Sergio E. Baranzini; Jeroen J.G. Geurts; Bernhard Hemmer; Olga Ciccarelli,,1755,,,,29576504,,,,,,,True,cited_by_count>=405 (top 10.0%); cited_by_count>=405 (top 10.0%),10.1016/s0140-6736(18)30481-1,,,False,-0.051931635
https://openalex.org/W2925056974,10.1038/s41591-019-0375-9,Adult hippocampal neurogenesis is abundant in neurologically healthy subjects and drops sharply in patients with Alzheimer’s disease,,2019,neurology,neurology,False,,,Nature Medicine,nature medicine,False,openalex,Elena P. Moreno‐Jiménez; Miguel Flor‐García; Julia Terreros‐Roncal; Alberto Rábano; Fabio Cafini; Noemí Pallas‐Bazarra; Jesús Ávila; María Llorens‐Martín,,1591,,,,,,,,,,,True,cited_by_count>=405 (top 10.0%); cited_by_count>=405 (top 10.0%),10.1038/s41591-019-0375-9,,,False,0.100453876
https://openalex.org/W2773390988,10.1002/mds.27121,Consensus Statement on the classification of tremors. from the task force on tremor of the International Parkinson and Movement Disorder Society,"BACKGROUND: Consensus criteria for classifying tremor disorders were published by the International Parkinson and Movement Disorder Society in 1998. Subsequent advances with regard to essential tremor, tremor associated with dystonia, and other monosymptomatic and indeterminate tremors make a significant revision necessary. OBJECTIVES: Convene an international panel of experienced investigators to review the definition and classification of tremor. METHODS: Computerized MEDLINE searches in January 2013 and 2015 were conducted using a combination of text words and MeSH terms: ""tremor"", ""tremor disorders"", ""essential tremor"", ""dystonic tremor"", and ""classification"" limited to human studies. Agreement was obtained using consensus development methodology during four in-person meetings, two teleconferences, and numerous manuscript reviews. RESULTS: Tremor is defined as an involuntary, rhythmic, oscillatory movement of a body part and is classified along two axes: Axis 1-clinical characteristics, including historical features (age at onset, family history, and temporal evolution), tremor characteristics (body distribution, activation condition), associated signs (systemic, neurological), and laboratory tests (electrophysiology, imaging); and Axis 2-etiology (acquired, genetic, or idiopathic). Tremor syndromes, consisting of either isolated tremor or tremor combined with other clinical features, are defined within Axis 1. This classification scheme retains the currently accepted tremor syndromes, including essential tremor, and provides a framework for defining new syndromes. CONCLUSIONS: This approach should be particularly useful in elucidating isolated tremor syndromes and syndromes consisting of tremor and other signs of uncertain significance. Consistently defined Axis 1 syndromes are needed to facilitate the elucidation of specific etiologies in Axis 2. © 2017 International Parkinson and Movement Disorder Society.",2017,movement disorder,neurology,False,,,Movement Disorders,movement disorders,False,openalex,Kailash P. Bhatia; Peter G. Bain; Nin Bajaj; Rodger J. Elble; Mark Hallett; Elan D. Louis; Jan Raethjen; María Stamelou; Claudia Testa; Günther Deuschl; the Tremor Task Force of the International Parkinson and Movement Disorder Society,,1517,,,,29193359,,,,,,,True,cited_by_count>=405 (top 10.0%); cited_by_count>=405 (top 10.0%),10.1002/mds.27121,,,False,0.081102304
https://openalex.org/W2777270043,10.1001/jamaneurol.2017.3949,Treatment Outcomes in Patients With Newly Diagnosed Epilepsy Treated With Established and New Antiepileptic Drugs,"Importance: A study published in 2000 showed that more than one-third of adults with epilepsy have inadequate control of seizures with antiepileptic drugs (AEDs). This study evaluates overall treatment outcomes in light of the introduction of more than 1 dozen new AEDs in the past 2 decades. Objective: To assess long-term treatment outcome in patients with newly diagnosed and treated epilepsy. Design, Setting, and Participants: This longitudinal observational cohort study was conducted at the Epilepsy Unit of the Western Infirmary in Glasgow, Scotland. A total of 1795 individuals who were newly treated for epilepsy with AEDs between July 1, 1982, and October 31, 2012, were included in this analysis. All patients were followed up for a minimum of 2 years (until October 31, 2014) or until death, whichever came sooner. Data analysis was completed between March 2015 and May 2016. Exposures: Treatment with antiepileptic drugs for patients newly diagnosed with epilepsy. Main Outcomes and Measures: Seizure control was assessed at the end of the study period. Probability of achieving 1-year seizure freedom was estimated for each AED regimen prescribed. Multivariable models assessed the associations between risk factors and AED treatment outcome after adjustments were made for demographic and clinical characteristics. Results: Of the 1795 included patients, 964 (53.7%) were male; the median age was 33 years (range, 9-93 years). At the end of the study period, 1144 patients (63.7%) had been seizure free for the previous year or longer. Among those achieving 1-year seizure freedom, 993 (86.8%) were taking monotherapy and 1028 (89.9%) had achieved seizure control with the first or second AED regimens. Of the total patient pool, 906 (50.5%) remained seizure free for 1 year or longer with the initial AED. If this AED failed, the second and third regimens provided an additional 11.6% and 4.4% likelihoods of seizure freedom, respectively. Only 2.12% of patients attained optimal seizure control with subsequent AEDs. Epilepsy that was not successfully controlled with the first AED had 1.73 times greater odds of not responding to treatment for each subsequent medication regimen (odds ratio, 1.73; 95% CI, 1.56-1.91; P < .001). Conclusions and Relevance: Despite the availability of many new AEDs with differing mechanisms of action, overall outcomes in newly diagnosed epilepsy have not improved. Most patients who attain control do so with the first or second AED. The probability of achieving seizure freedom diminishes substantially with each subsequent AED regimen tried. More than one-third of patients experience epilepsy that remains uncontrolled.",2017,epilepsy,neurology,False,,,JAMA Neurology,jama neurology,False,openalex,Zhibin Chen; Martin J. Brodie; Danny Liew; Patrick Kwan,,1476,,,,29279892,,,,,,,True,cited_by_count>=405 (top 10.0%); cited_by_count>=405 (top 10.0%),10.1001/jamaneurol.2017.3949,,,False,0.013044313
https://openalex.org/W2086080135,10.1159/000377675,Update on the Autoimmune Pathology of Multiple Sclerosis: B-Cells as Disease-Drivers and Therapeutic Targets,"BACKGROUND: Collectively, research on the role of B-cells in the pathogenesis of multiple sclerosis (MS) illustrates how translational medicine has given rise to promising therapeutic approaches for one of the most debilitating chronic neurological diseases in young adults. First described in 1935, the experimental autoimmune/allergic encephalomyelitis model is a key animal model that has provided the foundation for important developments in targeted therapeutics. SUMMARY: While additional B-cell therapies for MS are presently being developed by the pharmaceutical industry, much remains to be understood about the role played by B-cells in MS. The goal of this review is to summarize how B-cells may contribute to MS pathogenesis and thereby provide a basis for understanding why B-cell depletion is so effective in the treatment of this disease. Key Messages: B-cells are key players in the pathogenesis of MS, and their depletion via B-cell-targeted therapy ameliorates disease activity. CLINICAL IMPLICATIONS: In 2008, data from the first CD20-targeting B-cell depleting therapeutic trials using rituximab in MS were published. Since then, there has been a large body of evidence demonstrating the effectiveness of B-cell depletion mediated via anti-CD20 antibodies. Intense research efforts focusing on the immunopathological relevance of B-cells has gained significant momentum and given rise to a constellation of promising therapeutic agents for this complex B-cell-driven disease, including novel anti-CD20 antibodies, as well as agents targeting CD19 and BAFF-R.",2015,multiple sclerosis,neurology,True,,,European Neurology,european neurology,False,openalex,H.‐Christian von Büdingen; Arumugam Palanichamy; Klaus Lehmann‐Horn; Brady Michel; Scott S. Zamvil,https://doi.org/10.1159/000377675,1475,,,,25824054,,,,,,,True,cited_by_count>=405 (top 10.0%); cited_by_count>=405 (top 10.0%),10.1159/000377675,,,False,-0.104211174
https://openalex.org/W2895939677,10.1016/s1474-4422(18)30318-1,The glymphatic pathway in neurological disorders,,2018,neurology,neurology,True,,,The Lancet Neurology,the lancet neurology,False,openalex,Martin Kaag Rasmussen; Humberto Mestre; Maiken Nedergaard,https://www.ncbi.nlm.nih.gov/pmc/articles/6261373,1464,,,,30353860,,,,,,,True,cited_by_count>=405 (top 10.0%); cited_by_count>=405 (top 10.0%),10.1016/s1474-4422(18)30318-1,,,False,0.031825926
https://openalex.org/W2981477552,10.1126/science.aav7188,Multiple sclerosis genomic map implicates peripheral immune cells and microglia in susceptibility,"We analyzed genetic data of 47,429 multiple sclerosis (MS) and 68,374 control subjects and established a reference map of the genetic architecture of MS that includes 200 autosomal susceptibility variants outside the major histocompatibility complex (MHC), one chromosome X variant, and 32 variants within the extended MHC. We used an ensemble of methods to prioritize 551 putative susceptibility genes that implicate multiple innate and adaptive pathways distributed across the cellular components of the immune system. Using expression profiles from purified human microglia, we observed enrichment for MS genes in these brain-resident immune cells, suggesting that these may have a role in targeting an autoimmune process to the central nervous system, although MS is most likely initially triggered by perturbation of peripheral immune responses.",2019,multiple sclerosis,neurology,True,,,Science,science,False,openalex,Nikolaos A. Patsopoulos; Sergio E. Baranzini; Adam Santaniello; Parisa Shoostari; Chris Cotsapas; Garrett Wong; Ashley Beecham; Tojo James; Joseph M. Replogle; Ioannis S. Vlachos; Cristin McCabe; Tune H. Pers; Aaron Brandes; Charles C. White; Brendan T Keenan; Maria Cimpean; Phoebe A. Winn; Ioannis-Pavlos Panteliadis; Allison Robbins; Till F. M. Andlauer; Onigiusz Zarzycki; Bénédicte Dubois; An Goris; Helle Bach Søndergaard; Finn Sellebjerg; Per Soelberg Sorensen; Henrik Ullum; Lise Wegner Thørner; Janna Saarela; Isabelle Cournu‐Rebeix; Vincent Damotte; Bertrand Fontaine; Léna Guillot‐Noël; Mark Lathrop; Sandra Vukusic; Achim Berthele; Viola Pongratz; Dorothea Buck; Christiane Gasperi; Christiane Graetz; Verena Grummel; Bernhard Hemmer; Muni Hoshi; Benjamin Knier; Thomas Korn; Christina M. Lill; Felix Luessi; Mark Mühlau; Frauke Zipp; Efthimios Dardiotis; Cristina Agliardi; Antonio Amoroso; Nadia Barizzone; Maria Donata Benedetti; Luisa Bernardinelli; Paola Cavalla; Ferdinando Clarelli; Gıancarlo Comı; Daniele Cusi; Federica Esposito; Laura Ferrè; Daniela Galimberti; Clara Guaschino; Maurizio Leone; Vittorio Martinelli; Lucia Moiola; Marco Salvetti; Melissa Sorosina; Domizia Vecchio; Andrea Zauli; Silvia Santoro; Nicasio Mancini; Miriam Zuccalà; Julia Mescheriakova; Cornelia M. van Duijn; Steffan D. Bos; Elisabeth Gulowsen Celius; Anne Spurkland; Manuel Comabella; Xavier Montalbán; Lars Alfredsson; Izaura Lima Bomfim; David Gómez-Cabrero; Jan Hillert; Maja Jagodic; Magdalena Lindén; Fredrik Piehl; Ilijas Jelčić; Roland Martinꝉ; Mirela Sospedra; Amie Baker; Maria Ban; Clive Hawkins; Pirro G. Hysi; Seema Kalra; Fredrik Karpe; Jyoti Khadake; Geneviève Lachance; Paul Molyneux; Matthew Neville,https://www.ncbi.nlm.nih.gov/pmc/articles/7241648,1407,,,,31604244,,,,,,,True,cited_by_count>=405 (top 10.0%); cited_by_count>=405 (top 10.0%),10.1126/science.aav7188,,,False,0.009342415
https://openalex.org/W4211048507,10.1038/s41572-018-0041-4,Multiple sclerosis,,2018,multiple sclerosis,neurology,False,,,Nature Reviews Disease Primers,nature reviews disease primers,False,openalex,Massimo Filippi; Amit Bar‐Or; Fredrik Piehl; Paolo Preziosa; Alessandra Solari; Sandra Vukusic; Maria A. Rocca,,1380,,,,30410033,,,,,,,True,cited_by_count>=405 (top 10.0%); cited_by_count>=405 (top 10.0%),10.1038/s41572-018-0041-4,,,False,-0.051931635
https://openalex.org/W2995459561,10.1159/000503831,The Epidemiology of Epilepsy,"Epilepsy is a chronic disease of the brain characterized by an enduring (i.e., persisting) predisposition to generate seizures, unprovoked by any immediate central nervous system insult, and by the neurobiologic, cognitive, psychological, and social consequences of seizure recurrences. Epilepsy affects both sexes and all ages with worldwide distribution. The prevalence and the incidence of epilepsy are slightly higher in men compared to women and tend to peak in the elderly, reflecting the higher frequency of stroke, neurodegenerative diseases, and tumors in this age-group. Focal seizures are more common than generalized seizures both in children and in adults. The etiology of epilepsy varies according to the sociodemographic characteristics of the affected populations and the extent of the diagnostic workup, but a documented cause is still lacking in about 50% of cases from high-income countries (HIC). The overall prognosis of epilepsy is favorable in the majority of patients when measured by seizure freedom. Reports from low/middle-income countries (LMIC; where patients with epilepsy are largely untreated) give prevalence and remission rates that overlap those of HICs. As the incidence of epilepsy appears higher in most LMICs, the overlapping prevalence can be explained by misdiagnosis, acute symptomatic seizures and premature mortality. Studies have consistently shown that about one-half of cases tend to achieve prolonged seizure remission. However, more recent reports on the long-term prognosis of epilepsy have identified differing prognostic patterns, including early and late remission, a relapsing-remitting course, and even a worsening course (characterized by remission followed by relapse and unremitting seizures). Epilepsy per se carries a low mortality risk, but significant differences in mortality rates are expected when comparing incidence and prevalence studies, children and adults, and persons with idiopathic and symptomatic seizures. Sudden unexplained death is most frequent in people with generalized tonic-clonic seizures, nocturnal seizures, and drug refractory epilepsy.",2019,epilepsy,neurology,True,,,Neuroepidemiology,neuroepidemiology,False,openalex,Ettore Beghi,https://doi.org/10.1159/000503831,1360,,,,31852003,,,,,,,True,cited_by_count>=405 (top 10.0%); cited_by_count>=405 (top 10.0%),10.1159/000503831,,,False,0.0033574104
https://openalex.org/W3037535840,10.1016/s2215-0366(20)30287-x,Neurological and neuropsychiatric complications of COVID-19 in 153 patients: a UK-wide surveillance study,,2020,neurology,neurology,True,,,The Lancet Psychiatry,the lancet psychiatry,False,openalex,Aravinthan Varatharaj; Naomi Thomas; Mark Ellul; Nicholas Davies; Thomas Pollak; Elizabeth L Tenorio; Mustafa Sultan; Ava Easton; Gerome Breen; Michael S. Zandi; Jonathan Coles; Hadi Manji; Rustam Al‐Shahi Salman; David Menon; Timothy R. Nicholson; Laura Benjamin; Alan Carson; Craig J. Smith; Martin R. Turner; Tom Solomon; Rachel Kneen; Sarah Pett; Ian Galea; Rhys H. Thomas; Benedict Michael; Claire Allen; Neil Archibald; James Arkell; Peter Arthur‐Farraj; Mark R. Baker; Harriet A. Ball; Verity Bradley-Barker; Zoe Brown; Stefania Bruno; Lois Carey; Christopher Carswell; Annie Chakrabarti; James Choulerton; Mazen Daher; Ruth Davies; Rafael Di Marco Barros; Sofia Dima; Rachel Dunley; Dipankar Dutta; Richard E. Ellis; Alex Everitt; Joseph Fady; Patricia Fearon; Leonora Fisniku; Ivie Gbinigie; Alan Gemski; Emma Gillies; Effrossyni Gkrania‐Klotsas; Julie Grigg; Hisham Hamdalla; Jack Hubbett; Neil Hunter; Anne‐Catherine M. L. Huys; Ihmoda Ihmoda; Sissi Ispoglou; Ashwani Jha; Ramzi Joussi; Dheeraj Kalladka; Hind Khalifeh; Sander Kooij; Guru Kumar; Sandar Kyaw; Lucia M. Li; Edward Littleton; Malcolm Macleod; Mary Joan MacLeod; B. Madigan; Vikram Mahadasa; Manonmani Manoharan; Richard Marigold; Isaac Marks; Paul D. Matthews; Michael McCormick; Caroline McInnes; Antonio Metastasio; Philip Milburn‐McNulty; Clinton Mitchell; Duncan Mitchell; Clare Morgans; Huw R. Morris; Jasper M. Morrow; Ahmed Mubarak Mohamed; P. Mulvenna; Louis Murphy; Robert Namushi; Edward Newman; Wendy Phillips; Ashwin Pinto; David Price; Harald Proschel; Terry Quinn; Deborah Ramsey; Christine Roffe; Amy Ross Russell; Neshika Samarasekera,https://doi.org/10.1016/s2215-0366(20)30287-x,1309,,,,32593341,,,,,,,True,cited_by_count>=405 (top 10.0%); cited_by_count>=405 (top 10.0%),10.1016/s2215-0366(20)30287-x,,,False,-0.041114286
https://openalex.org/W2939789416,10.1136/jnnp-2018-320106,Neurofilament light chain as a biomarker in neurological disorders,"In the management of neurological diseases, the identification and quantification of axonal damage could allow for the improvement of diagnostic accuracy and prognostic assessment. Neurofilament light chain (NfL) is a neuronal cytoplasmic protein highly expressed in large calibre myelinated axons. Its levels increase in cerebrospinal fluid (CSF) and blood proportionally to the degree of axonal damage in a variety of neurological disorders, including inflammatory, neurodegenerative, traumatic and cerebrovascular diseases. New immunoassays able to detect biomarkers at ultralow levels have allowed for the measurement of NfL in blood, thus making it possible to easily and repeatedly measure NfL for monitoring diseases' courses. Evidence that both CSF and blood NfL may serve as diagnostic, prognostic and monitoring biomarkers in neurological diseases is progressively increasing, and NfL is one of the most promising biomarkers to be used in clinical and research setting in the next future. Here we review the most important results on CSF and blood NfL and we discuss its potential applications and future directions.",2019,neurology,neurology,True,,,Journal of Neurology Neurosurgery & Psychiatry,journal of neurology neurosurgery & psychiatry,False,openalex,Lorenzo Gaetani; Kaj Blennow; Paolo Calabresi; Massimiliano Di Filippo; Lucilla Parnetti; Henrik Zetterberg,https://discovery.ucl.ac.uk/id/eprint/10072866/,1306,,,,30967444,,,,,,,True,cited_by_count>=405 (top 10.0%); cited_by_count>=405 (top 10.0%),10.1136/jnnp-2018-320106,,,False,0.061804872
https://openalex.org/W2987356303,10.1016/s1474-4422(19)30356-4,The gut microbiome in neurological disorders,,2019,neurology,neurology,False,,,The Lancet Neurology,the lancet neurology,False,openalex,John F. Cryan; Kenneth J. O’Riordan; Kiran Sandhu; Veronica L. Peterson; Timothy G. Dinan,,1300,,,,31753762,,,,,,,True,cited_by_count>=405 (top 10.0%); cited_by_count>=405 (top 10.0%),10.1016/s1474-4422(19)30356-4,,,False,0.057976548
https://openalex.org/W2461853012,10.1038/ncomms12015,Alterations of the human gut microbiome in multiple sclerosis,"The gut microbiome plays an important role in immune function and has been implicated in several autoimmune disorders. Here we use 16S rRNA sequencing to investigate the gut microbiome in subjects with multiple sclerosis (MS, n=60) and healthy controls (n=43). Microbiome alterations in MS include increases in Methanobrevibacter and Akkermansia and decreases in Butyricimonas, and correlate with variations in the expression of genes involved in dendritic cell maturation, interferon signalling and NF-kB signalling pathways in circulating T cells and monocytes. Patients on disease-modifying treatment show increased abundances of Prevotella and Sutterella, and decreased Sarcina, compared with untreated patients. MS patients of a second cohort show elevated breath methane compared with controls, consistent with our observation of increased gut Methanobrevibacter in MS in the first cohort. Further study is required to assess whether the observed alterations in the gut microbiome play a role in, or are a consequence of, MS pathogenesis.",2016,multiple sclerosis,neurology,True,,,Nature Communications,nature communications,True,openalex,Sushrut Jangi; Roopali Gandhi; Laura M. Cox; Ning Li; Felipe von Glehn; Raymond Yan; Bonny Patel; Maria Antonietta Mazzola; Shirong Liu; Bonnie Glanz; Sandra Cook; Stephanie Tankou; Fiona Stuart; Kirsy Melo; Parham Nejad; Kathleen M. Smith; Begüm D. Topçuolu; James F. Holden; Pia Kivisäkk; Tanuja Chitnis; Philip L. De Jager; Francisco J. Quintana; Georg K. Gerber; Lynn Bry; Howard L. Weiner,https://doi.org/10.1038/ncomms12015,1299,,,,27352007,,,,,,,True,cited_by_count>=405 (top 10.0%); cited_by_count>=405 (top 10.0%),10.1038/ncomms12015,,,False,-0.0019186772
https://openalex.org/W2252496421,10.5698/1535-7597-16.1.48,Evidence-Based Guideline: Treatment of Convulsive Status Epilepticus in Children and Adults: Report of the Guideline Committee of the American Epilepsy Society,"CONTEXT: The optimal pharmacologic treatment for early convulsive status epilepticus is unclear. OBJECTIVE: To analyze efficacy, tolerability and safety data for anticonvulsant treatment of children and adults with convulsive status epilepticus and use this analysis to develop an evidence-based treatment algorithm. DATA SOURCES: Structured literature review using MEDLINE, Embase, Current Contents, and Cochrane library supplemented with article reference lists. STUDY SELECTION: Randomized controlled trials of anticonvulsant treatment for seizures lasting longer than 5 minutes. DATA EXTRACTION: Individual studies were rated using predefined criteria and these results were used to form recommendations, conclusions, and an evidence-based treatment algorithm. RESULTS: A total of 38 randomized controlled trials were identified, rated and contributed to the assessment. Only four trials were considered to have class I evidence of efficacy. Two studies were rated as class II and the remaining 32 were judged to have class III evidence. In adults with convulsive status epilepticus, intramuscular midazolam, intravenous lorazepam, intravenous diazepam and intravenous phenobarbital are established as efficacious as initial therapy (Level A). Intramuscular midazolam has superior effectiveness compared to intravenous lorazepam in adults with convulsive status epilepticus without established intravenous access (Level A). In children, intravenous lorazepam and intravenous diazepam are established as efficacious at stopping seizures lasting at least 5 minutes (Level A) while rectal diazepam, intramuscular midazolam, intranasal midazolam, and buccal midazolam are probably effective (Level B). No significant difference in effectiveness has been demonstrated between intravenous lorazepam and intravenous diazepam in adults or children with convulsive status epilepticus (Level A). Respiratory and cardiac symptoms are the most commonly encountered treatment-emergent adverse events associated with intravenous anticonvulsant drug administration in adults with convulsive status epilepticus (Level A). The rate of respiratory depression in patients with convulsive status epilepticus treated with benzodiazepines is lower than in patients with convulsive status epilepticus treated with placebo indicating that respiratory problems are an important consequence of untreated convulsive status epilepticus (Level A). When both are available, fosphenytoin is preferred over phenytoin based on tolerability but phenytoin is an acceptable alternative (Level A). In adults, compared to the first therapy, the second therapy is less effective while the third therapy is substantially less effective (Level A). In children, the second therapy appears less effective and there are no data about third therapy efficacy (Level C). The evidence was synthesized into a treatment algorithm. CONCLUSIONS: Despite the paucity of well-designed randomized controlled trials, practical conclusions and an integrated treatment algorithm for the treatment of convulsive status epilepticus across the age spectrum (infants through adults) can be constructed. Multicenter, multinational efforts are needed to design, conduct and analyze additional randomized controlled trials that can answer the many outstanding clinically relevant questions identified in this guideline.",2016,epilepsy,neurology,True,,,Epiliepsy currents/Epilepsy currents,epiliepsy currents/epilepsy currents,False,openalex,Tracy A. Glauser; Shlomo Shinnar; David Gloss; Brian K. Alldredge; Ravindra Arya; Jacquelyn Bainbridge; Mary A. Bare; Thomas P. Bleck; W. Edwin Dodson; Lisa Garrity; Andy Jagoda; Daniel H. Lowenstein; John M. Pellock; James J. Riviello; Edward P. Sloan; David M. Treiman,https://doi.org/10.5698/1535-7597-16.1.48,1231,,,,26900382,,,,,,,True,cited_by_count>=405 (top 10.0%); cited_by_count>=405 (top 10.0%),10.5698/1535-7597-16.1.48,,,False,0.06189914
https://openalex.org/W2006103193,10.1371/journal.pone.0116820,"The Global Burden of Mental, Neurological and Substance Use Disorders: An Analysis from the Global Burden of Disease Study 2010","BACKGROUND: The Global Burden of Disease Study 2010 (GBD 2010), estimated that a substantial proportion of the world's disease burden came from mental, neurological and substance use disorders. In this paper, we used GBD 2010 data to investigate time, year, region and age specific trends in burden due to mental, neurological and substance use disorders. METHOD: For each disorder, prevalence data were assembled from systematic literature reviews. DisMod-MR, a Bayesian meta-regression tool, was used to model prevalence by country, region, age, sex and year. Prevalence data were combined with disability weights derived from survey data to estimate years lived with disability (YLDs). Years lost to premature mortality (YLLs) were estimated by multiplying deaths occurring as a result of a given disorder by the reference standard life expectancy at the age death occurred. Disability-adjusted life years (DALYs) were computed as the sum of YLDs and YLLs. RESULTS: In 2010, mental, neurological and substance use disorders accounted for 10.4% of global DALYs, 2.3% of global YLLs and, 28.5% of global YLDs, making them the leading cause of YLDs. Mental disorders accounted for the largest proportion of DALYs (56.7%), followed by neurological disorders (28.6%) and substance use disorders (14.7%). DALYs peaked in early adulthood for mental and substance use disorders but were more consistent across age for neurological disorders. Females accounted for more DALYs in all mental and neurological disorders, except for mental disorders occurring in childhood, schizophrenia, substance use disorders, Parkinson's disease and epilepsy where males accounted for more DALYs. Overall DALYs were highest in Eastern Europe/Central Asia and lowest in East Asia/the Pacific. CONCLUSION: Mental, neurological and substance use disorders contribute to a significant proportion of disease burden. Health systems can respond by implementing established, cost effective interventions, or by supporting the research necessary to develop better prevention and treatment options.",2015,neurology,neurology,True,,,PLoS ONE,plos one,True,openalex,Harvey Whiteford; Alize J Ferrari; Louisa Degenhardt; Valery L. Feigin; Theo Vos,https://doi.org/10.1371/journal.pone.0116820,1187,,,,25658103,,,,,,,True,cited_by_count>=405 (top 10.0%); cited_by_count>=405 (top 10.0%),10.1371/journal.pone.0116820,,,False,0.1440444
https://openalex.org/W3040794648,10.1093/brain/awaa240,"The emerging spectrum of COVID-19 neurology: clinical, radiological and laboratory findings","Preliminary clinical data indicate that severe acute respiratory syndrome coronavirus 2 (SARS-CoV-2) infection is associated with neurological and neuropsychiatric illness. Responding to this, a weekly virtual coronavirus disease 19 (COVID-19) neurology multi-disciplinary meeting was established at the National Hospital, Queen Square, in early March 2020 in order to discuss and begin to understand neurological presentations in patients with suspected COVID-19-related neurological disorders. Detailed clinical and paraclinical data were collected from cases where the diagnosis of COVID-19 was confirmed through RNA PCR, or where the diagnosis was probable/possible according to World Health Organization criteria. Of 43 patients, 29 were SARS-CoV-2 PCR positive and definite, eight probable and six possible. Five major categories emerged: (i) encephalopathies (n = 10) with delirium/psychosis and no distinct MRI or CSF abnormalities, and with 9/10 making a full or partial recovery with supportive care only; (ii) inflammatory CNS syndromes (n = 12) including encephalitis (n = 2, para- or post-infectious), acute disseminated encephalomyelitis (n = 9), with haemorrhage in five, necrosis in one, and myelitis in two, and isolated myelitis (n = 1). Of these, 10 were treated with corticosteroids, and three of these patients also received intravenous immunoglobulin; one made a full recovery, 10 of 12 made a partial recovery, and one patient died; (iii) ischaemic strokes (n = 8) associated with a pro-thrombotic state (four with pulmonary thromboembolism), one of whom died; (iv) peripheral neurological disorders (n = 8), seven with Guillain-Barré syndrome, one with brachial plexopathy, six of eight making a partial and ongoing recovery; and (v) five patients with miscellaneous central disorders who did not fit these categories. SARS-CoV-2 infection is associated with a wide spectrum of neurological syndromes affecting the whole neuraxis, including the cerebral vasculature and, in some cases, responding to immunotherapies. The high incidence of acute disseminated encephalomyelitis, particularly with haemorrhagic change, is striking. This complication was not related to the severity of the respiratory COVID-19 disease. Early recognition, investigation and management of COVID-19-related neurological disease is challenging. Further clinical, neuroradiological, biomarker and neuropathological studies are essential to determine the underlying pathobiological mechanisms that will guide treatment. Longitudinal follow-up studies will be necessary to ascertain the long-term neurological and neuropsychological consequences of this pandemic.",2020,neurology,neurology,True,,,Brain,brain,False,openalex,Ross W. Paterson; Rachel Brown; Laura Benjamin; Ross Nortley; Sarah Wiethoff; Tehmina Bharucha; Dipa Jayaseelan; Guru Kumar; Rhian Raftopoulos; L. Zambreanu; Vinojini Vivekanandam; Anthony Khoo; Ruth Geraldes; Krishna Chinthapalli; E Boyd; Hatice Tuzlalı; Gary Price; Gerry Christofi; Jasper M. Morrow; Patricia McNamara; Benjamin C. Mcloughlin; Soon Tjin Lim; Puja R. Mehta; Viva Levee; Stephen Keddie; Wisdom Yong; S. Anand Trip; Alexander Foulkes; Gary Hotton; Thomas D. Miller; Alex Everitt; Christopher Carswell; Nicholas Davies; Michael Yoong; David Attwell; Jemeen Sreedharan; Eli Silber; Jonathan M. Schott; Arvind Chandratheva; Richard Perry; Robert Simister; Anna M. Checkley; Nicky Longley; Simon F. Farmer; Francesco Carletti; Catherine Houlihan; Maria Thom; Michael P. Lunn; Jennifer Spillane; Robin Howard; Angela Vincent; David J. Werring; Chandrashekar Hoskote; Hans Rolf Jäger; Hadi Manji; Michael S. Zandi,https://doi.org/10.1093/brain/awaa240,1169,,,,32637987,,,,,,,True,cited_by_count>=405 (top 10.0%); cited_by_count>=405 (top 10.0%),10.1093/brain/awaa240,,,False,-0.02905527
https://openalex.org/W2560140067,10.1038/nrneurol.2016.187,"Interactions between genetic, lifestyle and environmental risk factors for multiple sclerosis",,2016,multiple sclerosis,neurology,False,,,Nature Reviews Neurology,nature reviews neurology,False,openalex,Tomas Olsson; Lisa F. Barcellos; Lars Alfredsson,,1168,,,,27934854,,,,,,,True,cited_by_count>=405 (top 10.0%); cited_by_count>=405 (top 10.0%),10.1038/nrneurol.2016.187,,,False,0.032879725
https://openalex.org/W2991851654,10.1016/s1474-4422(19)30411-9,The global burden of neurological disorders: translating evidence into policy,,2019,neurology,neurology,True,,,The Lancet Neurology,the lancet neurology,False,openalex,Valery L. Feigin; Theo Vos; Emma Nichols; Mayowa Owolabi; William M. Carroll; Martin Dichgans; Günther Deuschl; Priya Parmar; Michael Brainin; Christopher J L Murray,https://www.ncbi.nlm.nih.gov/pmc/articles/9945815,1167,,,,31813850,,,,,,,True,cited_by_count>=405 (top 10.0%); cited_by_count>=405 (top 10.0%),10.1016/s1474-4422(19)30411-9,,,False,0.07541866
https://openalex.org/W2605401453,10.1016/j.neuron.2017.03.042,iPSC-Derived Human Microglia-like Cells to Study Neurological Diseases,,2017,neurology,neurology,True,,,Neuron,neuron,False,openalex,Edsel M. Abud; Ricardo N. Ramírez; Eric S. Martinez; Luke M. Healy; Cecilia Nguyen; Sean A. Newman; Andriy V. Yeromin; Vanessa M. Scarfone; Samuel E. Marsh; Cristhian Fimbres; Chad A. Caraway; Gianna Fote; Abdullah M. Madany; Anshu Agrawal; Rakez Kayed; Karen H. Gylys; Michael D. Cahalan; B. Cummings; Jack P. Antel; A Mortazavi; Monica J. Carson; Wayne W. Poon; Mathew Blurton‐Jones,https://doi.org/10.1016/j.neuron.2017.03.042,1164,,,,28426964,,,,,,,True,cited_by_count>=405 (top 10.0%); cited_by_count>=405 (top 10.0%),10.1016/j.neuron.2017.03.042,,,False,0.055977855
https://openalex.org/W2614808368,10.1002/ana.24954,Serum Neurofilament light: A biomarker of neuronal damage in multiple sclerosis,"OBJECTIVE: Neurofilament light chains (NfL) are unique to neuronal cells, are shed to the cerebrospinal fluid (CSF), and are detectable at low concentrations in peripheral blood. Various diseases causing neuronal damage have resulted in elevated CSF concentrations. We explored the value of an ultrasensitive single-molecule array (Simoa) serum NfL (sNfL) assay in multiple sclerosis (MS). METHODS: sNfL levels were measured in healthy controls (HC, n = 254) and two independent MS cohorts: (1) cross-sectional with paired serum and CSF samples (n = 142), and (2) longitudinal with repeated serum sampling (n = 246, median follow-up = 3.1 years, interquartile range [IQR] = 2.0-4.0). We assessed their relation to concurrent clinical, imaging, and treatment parameters and to future clinical outcomes. RESULTS: sNfL levels were higher in both MS cohorts than in HC (p < 0.001). We found a strong association between CSF NfL and sNfL (β = 0.589, p < 0.001). Patients with either brain or spinal (43.4pg/ml, IQR = 25.2-65.3) or both brain and spinal gadolinium-enhancing lesions (62.5pg/ml, IQR = 42.7-71.4) had higher sNfL than those without (29.6pg/ml, IQR = 20.9-41.8; β = 1.461, p = 0.005 and β = 1.902, p = 0.002, respectively). sNfL was independently associated with Expanded Disability Status Scale (EDSS) assessments (β = 1.105, p < 0.001) and presence of relapses (β = 1.430, p < 0.001). sNfL levels were lower under disease-modifying treatment (β = 0.818, p = 0.003). Patients with sNfL levels above the 80th, 90th, 95th, 97.5th, and 99th HC-based percentiles had higher risk of relapses (97.5th percentile: incidence rate ratio = 1.94, 95% confidence interval [CI] = 1.21-3.10, p = 0.006) and EDSS worsening (97.5th percentile: OR = 2.41, 95% CI = 1.07-5.42, p = 0.034). INTERPRETATION: These results support the value of sNfL as a sensitive and clinically meaningful blood biomarker to monitor tissue damage and the effects of therapies in MS. Ann Neurol 2017;81:857-870.",2017,multiple sclerosis,neurology,True,,,Annals of Neurology,annals of neurology,False,openalex,Giulio Disanto; Christian Barro; Pascal Benkert; Yvonne Naegelin; Sabine Schädelin; Antonella Giardiello; Chiara Zecca; Kaj Blennow; Henrik Zetterberg; David Leppert; Ludwig Kappos; Claudio Gobbi; Jens Kühle; the Swiss Multiple Sclerosis Cohort Study Group,https://doi.org/10.1002/ana.24954,1141,,,,28512753,,,,,,,True,cited_by_count>=405 (top 10.0%); cited_by_count>=405 (top 10.0%),10.1002/ana.24954,,,False,0.06939164
https://openalex.org/W2013234597,10.1016/s1474-4422(14)70256-x,Pathological mechanisms in progressive multiple sclerosis,,2015,multiple sclerosis,neurology,False,,,The Lancet Neurology,the lancet neurology,False,openalex,Don H Mahad; Bruce D. Trapp; Hans Lassmann,,1141,,,,25772897,,,,,,,True,cited_by_count>=405 (top 10.0%); cited_by_count>=405 (top 10.0%),10.1016/s1474-4422(14)70256-x,,,False,-0.090036556
https://openalex.org/W3131957723,10.1001/jama.2020.26858,Diagnosis and Treatment of Multiple Sclerosis,"Importance: Multiple sclerosis (MS) is an autoimmune-mediated neurodegenerative disease of the central nervous system characterized by inflammatory demyelination with axonal transection. MS affects an estimated 900 000 people in the US. MS typically presents in young adults (mean age of onset, 20-30 years) and can lead to physical disability, cognitive impairment, and decreased quality of life. This review summarizes current evidence regarding diagnosis and treatment of MS. Observations: MS typically presents in young adults aged 20 to 30 years with unilateral optic neuritis, partial myelitis, sensory disturbances, or brainstem syndromes such as internuclear ophthalmoplegia developing over several days. The prevalence of MS worldwide ranges from 5 to 300 per 100 000 people and increases at higher latitudes. Overall life expectancy is less than in the general population (75.9 vs 83.4 years), and MS more commonly affects women (female to male sex distribution of nearly 3:1). Diagnosis is made based on a combination of signs and symptoms, radiographic findings (eg, magnetic resonance imaging [MRI] T2 lesions), and laboratory findings (eg, cerebrospinal fluid-specific oligoclonal bands), which are components of the 2017 McDonald Criteria. Nine classes of disease-modifying therapies (DMTs), with varying mechanisms of action and routes of administration, are available for relapsing-remitting MS, defined as relapses at onset with stable neurologic disability between episodes, and secondary progressive MS with activity, defined as steadily increasing neurologic disability following a relapsing course with evidence of ongoing inflammatory activity. These drugs include interferons, glatiramer acetate, teriflunomide, sphingosine 1-phosphate receptor modulators, fumarates, cladribine, and 3 types of monoclonal antibodies. One additional DMT, ocrelizumab, is approved for primary progressive MS. These DMTs reduce clinical relapses and MRI lesions (new T2 lesions, gadolinium-enhancing lesions). Efficacy rates of current DMTs, defined by reduction in annualized relapse rates compared with placebo or active comparators, range from 29%-68%. Adverse effects include infections, bradycardia, heart blocks, macular edema, infusion reactions, injection-site reactions, and secondary autoimmune adverse effects, such as autoimmune thyroid disease. Conclusions and Relevance: MS is characterized by physical disability, cognitive impairment, and other symptoms that affect quality of life. Treatment with DMT can reduce the annual relapse rate by 29% to 68% compared with placebo or active comparator.",2021,multiple sclerosis,neurology,False,,,JAMA,jama,False,openalex,Marisa McGinley; Carolyn Goldschmidt; Alexander Rae‐Grant,,1119,,,,33620411,,,,,,,True,cited_by_count>=405 (top 10.0%); cited_by_count>=405 (top 10.0%),10.1001/jama.2020.26858,,,False,-0.07054418
https://openalex.org/W2734706909,10.1101/cshperspect.a033118,Clinical Neurology and Epidemiology of the Major Neurodegenerative Diseases,"Neurodegenerative diseases are a common cause of morbidity and cognitive impairment in older adults. Most clinicians who care for the elderly are not trained to diagnose these conditions, perhaps other than typical Alzheimer's disease (AD). Each of these disorders has varied epidemiology, clinical symptomatology, laboratory and neuroimaging features, neuropathology, and management. Thus, it is important that clinicians be able to differentiate and diagnose these conditions accurately. This review summarizes and highlights clinical aspects of several of the most commonly encountered neurodegenerative diseases, including AD, frontotemporal dementia (FTD) and its variants, progressive supranuclear palsy (PSP), corticobasal degeneration (CBD), Parkinson's disease (PD), dementia with Lewy bodies (DLB), multiple system atrophy (MSA), and Huntington's disease (HD). For each condition, we provide a brief overview of the epidemiology, defining clinical symptoms and diagnostic criteria, relevant imaging and laboratory features, genetics, pathology, treatments, and differential diagnosis.",2017,neurology,neurology,True,,,Cold Spring Harbor Perspectives in Biology,cold spring harbor perspectives in biology,False,openalex,Michael Erkkinen; Mee-Ohk Kim; Michael D. Geschwind,https://doi.org/10.1101/cshperspect.a033118,1110,,,,28716886,,,,,,,True,cited_by_count>=405 (top 10.0%); cited_by_count>=405 (top 10.0%),10.1101/cshperspect.a033118,,,False,0.026984159
https://openalex.org/W2914720734,10.1016/s1474-4422(18)30443-5,"Global, regional, and national burden of multiple sclerosis 1990–2016: a systematic analysis for the Global Burden of Disease Study 2016","BACKGROUND: Multiple sclerosis is the most common inflammatory neurological disease in young adults. The Global Burden of Diseases, Injuries, and Risk Factors Study (GBD) provides a systematic method of quantifying various effects of a given condition by demographic variables and geography. In this systematic analysis, we quantified the global burden of multiple sclerosis and its relationship with country development level. METHODS: We assessed the epidemiology of multiple sclerosis from 1990 to 2016. Epidemiological outcomes for multiple sclerosis were modelled with DisMod-MR version 2.1, a Bayesian meta-regression framework widely used in GBD epidemiological modelling. Assessment of multiple sclerosis as the cause of death was based on 13 110 site-years of vital registration data analysed in the GBD's cause of death ensemble modelling module, which is designed to choose the optimum combination of mathematical models and predictive covariates based on out-of-sample predictive validity testing. Data on prevalence and deaths are summarised in the indicator, disability-adjusted life-years (DALYs), which was calculated as the sum of years of life lost (YLLs) and years of life lived with a disability. We used the Socio-demographic Index, a composite indicator of income per person, years of education, and fertility, to assess relations with development level. FINDINGS: In 2016, there were 2 221 188 prevalent cases of multiple sclerosis (95% uncertainty interval [UI] 2 033 866-2 436 858) globally, which corresponded to a 10·4% (9·1 to 11·8) increase in the age-standardised prevalence since 1990. The highest age-standardised multiple sclerosis prevalence estimates per 100 000 population were in high-income North America (164·6, 95% UI, 153·2 to 177·1), western Europe (127·0, 115·4 to 139·6), and Australasia (91·1, 81·5 to 101·7), and the lowest were in eastern sub-Saharan Africa (3·3, 2·9-3·8), central sub-Saharan African (2·8, 2·4 to 3·1), and Oceania (2·0, 1·71 to 2·29). There were 18 932 deaths due to multiple sclerosis (95% UI 16 577 to 21 033) and 1 151 478 DALYs (968 605 to 1 345 776) due to multiple sclerosis in 2016. Globally, age-standardised death rates decreased significantly (change -11·5%, 95% UI -35·4 to -4·7), whereas the change in age-standardised DALYs was not significant (-4·2%, -16·4 to 0·8). YLLs due to premature death were greatest in the sixth decade of life (22·05, 95% UI 19·08 to 25·34). Changes in age-standardised DALYs assessed with the Socio-demographic Index between 1990 and 2016 were variable. INTERPRETATION: Multiple sclerosis is not common but is a potentially severe cause of neurological disability throughout adult life. Prevalence has increased substantially in many regions since 1990. These findings will be useful for resource allocation and planning in health services. Many regions worldwide have few or no epidemiological data on multiple sclerosis, and more studies are needed to make more accurate estimates. FUNDING: Bill & Melinda Gates Foundation.",2019,multiple sclerosis,neurology,True,,,The Lancet Neurology,the lancet neurology,False,openalex,Mitchell T. Wallin; William J. Culpepper; Emma Nichols; Zulfiqar A Bhutta; Tsegaye Tewelde Gebrehiwot; Simon I Hay; Ibrahim A Khalil; Kristopher J Krohn; Xiaofeng Liang; Mohsen Naghavi; Ali H. Mokdad; Molly R Nixon; Robert C. Reiner; Benn Sartorius; Mari Smith; Roman Topór-Mądry; Andrea Werdecker; Theo Vos; Valery L. Feigin; Christopher J L Murray,https://doi.org/10.1016/s1474-4422(18)30443-5,1064,,,,30679040,,,,,,,True,cited_by_count>=405 (top 10.0%); cited_by_count>=405 (top 10.0%),10.1016/s1474-4422(18)30443-5,,,False,0.13954754
https://openalex.org/W2750838281,10.1073/pnas.1711235114,Gut bacteria from multiple sclerosis patients modulate human T cells and exacerbate symptoms in mouse models,"Significance We have experimentally investigated the immunoregulatory effects of human gut microbiota in multiple sclerosis (MS). We have identified specific bacteria that are associated with MS and demonstrated that these bacteria regulate T lymphocyte-mediated adaptive immune responses and contribute to the proinflammatory environment in vitro and in vivo. Thus, our results expand the knowledge of the microbial regulation of immunity and may provide a basis for the development of microbiome-based therapeutics in autoimmune diseases.",2017,multiple sclerosis,neurology,True,,,Proceedings of the National Academy of Sciences,proceedings of the national academy of sciences,False,openalex,Egle Cekanaviciute; Bryan B. Yoo; Tessel F. Runia; Justine W. Debelius; Sneha Singh; Charlotte Nelson; Rachel Kanner; Yadira Bencosme; Yun Kyung Lee; Stephen L. Hauser; Elizabeth Crabtree‐Hartman; Ilana Katz Sand; Mar Gacias; Yunjiao Zhu; Patrizia Casaccia; Bruce Cree; Rob Knight; Sarkis K. Mazmanian; Sergio E. Baranzini,https://doi.org/10.1073/pnas.1711235114,1045,,,,28893978,,,,,,,True,cited_by_count>=405 (top 10.0%); cited_by_count>=405 (top 10.0%),10.1073/pnas.1711235114,,,False,-0.060498226
https://openalex.org/W2901208536,10.1007/s10571-018-0632-3,"Dopamine: Functions, Signaling, and Association with Neurological Diseases",,2018,neurology,neurology,True,,,Cellular and Molecular Neurobiology,cellular and molecular neurobiology,False,openalex,Marianne Klein; Daniella S. Battagello; Ariel R. Cardoso; David N. Hauser; Jackson C. Bittencourt; Ricardo G. Correa,https://www.ncbi.nlm.nih.gov/pmc/articles/11469830,1020,,,,30446950,,,,,,,True,cited_by_count>=405 (top 10.0%); cited_by_count>=405 (top 10.0%),10.1007/s10571-018-0632-3,,,False,0.004952647
https://openalex.org/W2911226018,10.1016/s1474-4422(18)30454-x,"Global, regional, and national burden of epilepsy, 1990–2016: a systematic analysis for the Global Burden of Disease Study 2016","BACKGROUND: Seizures and their consequences contribute to the burden of epilepsy because they can cause health loss (premature mortality and residual disability). Data on the burden of epilepsy are needed for health-care planning and resource allocation. The aim of this study was to quantify health loss due to epilepsy by age, sex, year, and location using data from the Global Burden of Diseases, Injuries, and Risk Factors Study. METHODS: We assessed the burden of epilepsy in 195 countries and territories from 1990 to 2016. Burden was measured as deaths, prevalence, and disability-adjusted life-years (DALYs; a summary measure of health loss defined by the sum of years of life lost [YLLs] for premature mortality and years lived with disability), by age, sex, year, location, and Socio-demographic Index (SDI; a compound measure of income per capita, education, and fertility). Vital registrations and verbal autopsies provided information about deaths, and data on the prevalence and severity of epilepsy largely came from population representative surveys. All estimates were calculated with 95% uncertainty intervals (UIs). FINDINGS: In 2016, there were 45·9 million (95% UI 39·9-54·6) patients with all-active epilepsy (both idiopathic and secondary epilepsy globally; age-standardised prevalence 621·5 per 100 000 population; 540·1-737·0). Of these patients, 24·0 million (20·4-27·7) had active idiopathic epilepsy (prevalence 326·7 per 100 000 population; 278·4-378·1). Prevalence of active epilepsy increased with age, with peaks at 5-9 years (374·8 [280·1-490·0]) and at older than 80 years of age (545·1 [444·2-652·0]). Age-standardised prevalence of active idiopathic epilepsy was 329·3 per 100 000 population (280·3-381·2) in men and 318·9 per 100 000 population (271·1-369·4) in women, and was similar among SDI quintiles. Global age-standardised mortality rates of idiopathic epilepsy were 1·74 per 100 000 population (1·64-1·87; 1·40 per 100 000 population [1·23-1·54] for women and 2·09 per 100 000 population [1·96-2·25] for men). Age-standardised DALYs were 182·6 per 100 000 population (149·0-223·5; 163·6 per 100 000 population [130·6-204·3] for women and 201·2 per 100 000 population [166·9-241·4] for men). The higher DALY rates in men were due to higher YLL rates compared with women. Between 1990 and 2016, there was a non-significant 6·0% (-4·0 to 16·7) change in the age-standardised prevalence of idiopathic epilepsy, but a significant decrease in age-standardised mortality rates (24·5% [10·8 to 31·8]) and age-standardised DALY rates (19·4% [9·0 to 27·6]). A third of the difference in age-standardised DALY rates between low and high SDI quintile countries was due to the greater severity of epilepsy in low-income settings, and two-thirds were due to a higher YLL rate in low SDI countries. INTERPRETATION: Despite the decrease in the disease burden from 1990 to 2016, epilepsy is still an important cause of disability and mortality. Standardised collection of data on epilepsy in population representative surveys will strengthen the estimates, particularly in countries for which we currently have no or sparse data and if additional data is collected on severity, causes, and treatment. Sizeable gains in reducing the burden of epilepsy might be expected from improved access to existing treatments in low-income countries and from the development of new effective drugs worldwide. FUNDING: Bill & Melinda Gates Foundation.",2019,epilepsy,neurology,True,,,The Lancet Neurology,the lancet neurology,False,openalex,Ettore Beghi; Giorgia Giussani; Emma Nichols; Foad Abd-Allah; Jemal Abdela; Ahmed Abdelalim; Haftom Niguse Abraha; Mina G Adib; Sutapa Agrawal; Fares Alahdab; Ashish Awasthi; Yohanes Ayele; Miguel A. Barboza; Abate Bekele Belachew; Belete Biadgo; Ali Bijani; Helen Bitew; Félix Carvalho; Yazan Chaiah; Ahmad Daryani; Huyen Phuc; Manisha Dubey; Aman Yesuf Endries; Sharareh Eskandarieh; André Faro; Farshad Farzadfar; Seyed‐Mohammad Fereshtehnejad; Eduarda Fernandes; Daniel Obadare Fijabi; Irina Filip; Florian Fischer; Abadi Kahsu Gebre; Afewerki Gebremeskel Tsadik; Teklu Gebrehiwo Gebremichael; Kebede Embaye Gezae; Maryam Ghasemi‐Kasman; Kidu Gidey Weldegwergs; Meaza Girma Degefa; E. V. Gnedovskaya; Tekleberhan B Hagos; Arvin Haj‐Mirzaian; Arya Haj‐Mirzaian; Hamid Yimam Hassen; Simon I Hay; Mihajlo Jakovljević; Amir Kasaeian; Tesfaye Kassa; Yousef Khader; Ibrahim Khalil; Ejaz Ahmad Khan; Jagdish Khubchandani; Adnan Kısa; Kristopher J Krohn; Chanda Kulkarni; Yirga Legesse Nirayo; Mark T. Mackay; Marek Majdán; Azeem Majeed; Treh Manhertz; Man Mohan Mehndiratta; Tesfa Mekonen; Hagazi Gebre Meles; Getnet Mengistu; Shafiu Mohammed; Mohsen Naghavi; Ali H. Mokdad; Ghulam Mustafa; Seyed Sina Naghibi Irvani; Long Hoang Nguyen; Molly R Nixon; Felix Akpojene Ogbo; Andrew T Olagunju; Tinuke O Olagunju; Mayowa Owolabi; Michael Phillips; Gabriel David Pinilla-Monsalve; Mostafa Qorbani; Amir Radfar; Anwar Rafay; Vafa Rahimi‐Movaghar; Nickolas Reinig; Perminder S. Sachdev; Hosein Safari; Saeed Safari; Saeid Safiri; Mohammad Ali Sahraian; Abdallah M Samy; Shahabeddin Sarvi; Monika Sawhney; Masood Ali Shaikh; Mehdi Sharif; Gagandeep Singh; Mari Smith; Cassandra Szoeke; Rafael Tabarés‐Seisdedos; Mohamad‐Hani Temsah; Omar Temsah; Miguel Tortajada‐Girbés; Bach Xuan Tran; Amanuel Tsegay,https://doi.org/10.1016/s1474-4422(18)30454-x,994,,,,30773428,,,,,,,True,cited_by_count>=405 (top 10.0%); cited_by_count>=405 (top 10.0%),10.1016/s1474-4422(18)30454-x,,,False,0.07580799
https://openalex.org/W2461582275,10.1038/srep28484,Multiple sclerosis patients have a distinct gut microbiota compared to healthy controls,"Multiple sclerosis (MS) is an immune-mediated disease, the etiology of which involves both genetic and environmental factors. The exact nature of the environmental factors responsible for predisposition to MS remains elusive; however, it's hypothesized that gastrointestinal microbiota might play an important role in pathogenesis of MS. Therefore, this study was designed to investigate whether gut microbiota are altered in MS by comparing the fecal microbiota in relapsing remitting MS (RRMS) (n = 31) patients to that of age- and gender-matched healthy controls (n = 36). Phylotype profiles of the gut microbial populations were generated using hypervariable tag sequencing of the V3-V5 region of the 16S ribosomal RNA gene. Detailed fecal microbiome analyses revealed that MS patients had distinct microbial community profile compared to healthy controls. We observed an increased abundance of Psuedomonas, Mycoplana, Haemophilus, Blautia, and Dorea genera in MS patients, whereas control group showed increased abundance of Parabacteroides, Adlercreutzia and Prevotella genera. Thus our study is consistent with the hypothesis that MS patients have gut microbial dysbiosis and further study is needed to better understand their role in the etiopathogenesis of MS.",2016,multiple sclerosis,neurology,True,,,Scientific Reports,scientific reports,True,openalex,Jun Chen; Nicholas Chia; Krishna R. Kalari; Janet Yao; Martina Novotná; M. Mateo Paz Soldán; David Luckey; Eric Marietta; Patricio Jeraldo; Xianfeng Chen; Brian G. Weinshenker; Moses Rodriguez; Orhun H. Kantarci; Heidi Nelson; Joseph A. Murray; Ashutosh K. Mangalam,https://doi.org/10.1038/srep28484,972,,,,27346372,,,,,,,True,cited_by_count>=405 (top 10.0%); cited_by_count>=405 (top 10.0%),10.1038/srep28484,,,False,0.009876363
https://openalex.org/W2792548008,10.1002/mds.27372,International Parkinson and movement disorder society evidence‐based medicine review: Update on treatments for the motor symptoms of Parkinson's disease,"OBJECTIVE: The objective of this review was to update evidence-based medicine recommendations for treating motor symptoms of Parkinson's disease (PD). BACKGROUND: The Movement Disorder Society Evidence-Based Medicine Committee recommendations for treatments of PD were first published in 2002 and updated in 2011, and we continued the review to December 31, 2016. METHODS: Level I studies of interventions for motor symptoms were reviewed. Criteria for inclusion and quality scoring were as previously reported. Five clinical indications were considered, and conclusions regarding the implications for clinical practice are reported. RESULTS: A total of 143 new studies qualified. There are no clinically useful interventions to prevent/delay disease progression. For monotherapy of early PD, nonergot dopamine agonists, oral levodopa preparations, selegiline, and rasagiline are clinically useful. For adjunct therapy in early/stable PD, nonergot dopamine agonists, rasagiline, and zonisamide are clinically useful. For adjunct therapy in optimized PD for general or specific motor symptoms including gait, rivastigmine is possibly useful and physiotherapy is clinically useful; exercise-based movement strategy training and formalized patterned exercises are possibly useful. There are no new studies and no changes in the conclusions for the prevention/delay of motor complications. For treating motor fluctuations, most nonergot dopamine agonists, pergolide, levodopa ER, levodopa intestinal infusion, entacapone, opicapone, rasagiline, zonisamide, safinamide, and bilateral STN and GPi DBS are clinically useful. For dyskinesia, amantadine, clozapine, and bilateral STN DBS and GPi DBS are clinically useful. CONCLUSIONS: The options for treating PD symptoms continues to expand. These recommendations allow the treating physician to determine which intervention to recommend to an individual patient. © 2018 International Parkinson and Movement Disorder Society.",2018,movement disorder,neurology,True,,,Movement Disorders,movement disorders,False,openalex,Susan H. Fox; Regina Katzenschlager; Shen‐Yang Lim; Brandon Barton; Rob M.A. de Bie; Klaus Seppi; Miguel Coelho; Cristina Sampaio,https://pure.amsterdamumc.nl/en/publications/efd85300-df16-4e3c-89ef-aa9339d0566d,966,,,,29570866,,,,,,,True,cited_by_count>=405 (top 10.0%); cited_by_count>=405 (top 10.0%),10.1002/mds.27372,,,False,0.024098417
https://openalex.org/W2996080671,10.1038/s41582-019-0284-z,Cannabinoids and the expanded endocannabinoid system in neurological disorders,,2019,neurology,neurology,False,,,Nature Reviews Neurology,nature reviews neurology,False,openalex,Luigia Cristino; Tiziana Bisogno; Vincenzo Di Marzo,,959,,,,31831863,,,,,,,True,cited_by_count>=405 (top 10.0%); cited_by_count>=405 (top 10.0%),10.1038/s41582-019-0284-z,,,False,-0.04271129
https://openalex.org/W2796983933,10.1038/s41586-018-0023-4,Innate immune memory in the brain shapes neurological disease hallmarks,,2018,neurology,neurology,True,,,Nature,nature,False,openalex,Ann‐Christin Wendeln; Karoline Degenhardt; Lalit Kaurani; Michael Gertig; Thomas Ulas; Gaurav Jain; Jessica Wagner; Lisa M. Häsler; Katleen Wild; Angelos Skodras; Thomas Blank; Ori Staszewski; Moumita Datta; Tonatiuh Peña Centeno; Vincenzo Capece; Rezaul Islam; Cemil Kerimoglu; Matthias Staufenbiel; Joachim L. Schultze; Marc Beyer; Marco Prinz; Mathias Jucker; André Fischer; Jonas J. Neher,https://www.ncbi.nlm.nih.gov/pmc/articles/6038912,946,,,,29643512,,,,,,,True,cited_by_count>=405 (top 10.0%); cited_by_count>=405 (top 10.0%),10.1038/s41586-018-0023-4,,,False,-0.005330976
https://openalex.org/W3029172496,10.1001/jamaneurol.2020.2065,Neuropathogenesis and Neurologic Manifestations of the Coronaviruses in the Age of Coronavirus Disease 2019,"Importance: Severe acute respiratory syndrome coronavirus 2 (SARS-CoV-2) emerged in December 2019, causing human coronavirus disease 2019 (COVID-19), which has now spread into a worldwide pandemic. The pulmonary manifestations of COVID-19 have been well described in the literature. Two similar human coronaviruses that cause Middle East respiratory syndrome (MERS-CoV) and severe acute respiratory syndrome (SARS-CoV-1) are known to cause disease in the central and peripheral nervous systems. Emerging evidence suggests COVID-19 has neurologic consequences as well. Observations: This review serves to summarize available information regarding coronaviruses in the nervous system, identify the potential tissue targets and routes of entry of SARS-CoV-2 into the central nervous system, and describe the range of clinical neurological complications that have been reported thus far in COVID-19 and their potential pathogenesis. Viral neuroinvasion may be achieved by several routes, including transsynaptic transfer across infected neurons, entry via the olfactory nerve, infection of vascular endothelium, or leukocyte migration across the blood-brain barrier. The most common neurologic complaints in COVID-19 are anosmia, ageusia, and headache, but other diseases, such as stroke, impairment of consciousness, seizure, and encephalopathy, have also been reported. Conclusions and Relevance: Recognition and understanding of the range of neurological disorders associated with COVID-19 may lead to improved clinical outcomes and better treatment algorithms. Further neuropathological studies will be crucial to understanding the pathogenesis of the disease in the central nervous system, and longitudinal neurologic and cognitive assessment of individuals after recovery from COVID-19 will be crucial to understand the natural history of COVID-19 in the central nervous system and monitor for any long-term neurologic sequelae.",2020,neurology,neurology,True,,,JAMA Neurology,jama neurology,False,openalex,Adeel Zubair; Lindsay McAlpine; Tova Gardin; Shelli Farhadian; Deena E. Kuruvilla; Serena Spudich,https://doi.org/10.1001/jamaneurol.2020.2065,942,,,,32469387,,,,,,,True,cited_by_count>=405 (top 10.0%); cited_by_count>=405 (top 10.0%),10.1001/jamaneurol.2020.2065,,,False,-0.021949138
https://openalex.org/W4211147755,10.1038/nrdp.2018.24,Epilepsy,,2018,epilepsy,neurology,False,,,Nature Reviews Disease Primers,nature reviews disease primers,False,openalex,Orrin Devinsky; Annamaria Vezzani; Terence J. O’Brien; Nathalie Jetté; Ingrid E. Scheffer; Marco de Curtis; Piero Perucca,,933,,,,29722352,,,,,,,True,cited_by_count>=405 (top 10.0%); cited_by_count>=405 (top 10.0%),10.1038/nrdp.2018.24,,,False,-0.012237955
https://openalex.org/W2756391458,10.1073/pnas.1711233114,Gut microbiota from multiple sclerosis patients enables spontaneous autoimmune encephalomyelitis in mice,", an organism shown to induce a protective immunoregulatory profile in vitro. Immune cells from mouse recipients of MS-twin samples produced less IL-10 than immune cells from mice colonized with healthy-twin samples. IL-10 may have a regulatory role in spontaneous CNS autoimmunity, as neutralization of the cytokine in mice colonized with healthy-twin fecal samples increased disease incidence. These findings provide evidence that MS-derived microbiota contain factors that precipitate an MS-like autoimmune disease in a transgenic mouse model. They hence encourage the detailed search for protective and pathogenic microbial components in human MS.",2017,multiple sclerosis,neurology,True,,,Proceedings of the National Academy of Sciences,proceedings of the national academy of sciences,False,openalex,Kerstin Berer; Lisa Ann Gerdes; Egle Cekanaviciute; Xiaoming Jia; Liang Xiao; Zhongkui Xia; Chuan Liu; Luisa Klotz; Uta Stauffer; Sergio E. Baranzini; Tania Kümpfel; Reinhard Hohlfeld; Gurumoorthy Krishnamoorthy; Hartmut Wekerle,https://doi.org/10.1073/pnas.1711233114,932,,,,28893994,,,,,,,True,cited_by_count>=405 (top 10.0%); cited_by_count>=405 (top 10.0%),10.1073/pnas.1711233114,,,False,-0.030658484
https://openalex.org/W2788933778,10.1016/j.neuron.2018.01.021,Multiple Sclerosis: Mechanisms and Immunotherapy,,2018,multiple sclerosis,neurology,True,,,Neuron,neuron,False,openalex,Clare Baecher‐Allan; Belinda J. Kaskow; Howard L. Weiner,https://doi.org/10.1016/j.neuron.2018.01.021,928,,,,29470968,,,,,,,True,cited_by_count>=405 (top 10.0%); cited_by_count>=405 (top 10.0%),10.1016/j.neuron.2018.01.021,,,False,-0.1374532
https://openalex.org/W3042308502,10.1016/j.amjmed.2020.05.049,Treatment of Multiple Sclerosis: A Review,,2020,multiple sclerosis,neurology,True,,,The American Journal of Medicine,the american journal of medicine,False,openalex,Stephen L. Hauser; Bruce Cree,https://www.ncbi.nlm.nih.gov/pmc/articles/7704606,918,,,,32682869,,,,,,,True,cited_by_count>=405 (top 10.0%); cited_by_count>=405 (top 10.0%),10.1016/j.amjmed.2020.05.049,,,False,-0.06525828
https://openalex.org/W2790816436,10.1016/s0140-6736(18)30475-6,"Siponimod versus placebo in secondary progressive multiple sclerosis (EXPAND): a double-blind, randomised, phase 3 study",,2018,multiple sclerosis,neurology,False,,,The Lancet,the lancet,False,openalex,Ludwig Kappos; Amit Bar‐Or; Bruce Cree; Robert J. Fox; Gavin Giovannoni; Ralf Gold; Patrick Vermersch; Douglas L. Arnold; Sophie Arnould; Tatiana Scherz; Christian Wolf; Erik Wallström; Frank Dahlke; Anat Achiron; Lutz Achtnichts; Kadriye Ağan; Gülşen Akman‐Demir; Alison Allen; Jack P. Antel; Alfredo Rodríguez Antigüedad; Michelle Apperson; Angela Applebee; Guillermo Izquierdo Ayuso; Masayuki Baba; Ovidiu Băjenaru; Rodica Balasa; Belgin Petek Balcı; Michael Barnett; Ann Bass; V. Becker; Mihaela Bejinariu; Florian Then Bergh; Arnfin Bergmann; Evanthia Bernitsas; Achim Berthele; Virender Bhan; Felix Bischof; Randall J. Bjork; Gregg Blevins; Matthias Boehringer; Thomas Boerner; Robert Bonek; James D. Bowen; Allen C. Bowling; Alexey Boyко; Cavit Boz; Vera Bracknies; Stefan Braune; Vincenzo Brescia Morra; Bruno Brochet; Waldemar Brola; Paul Brownstone; M Brozman; Donald Brunet; Ioan Buraga; Margaret Burnett; Mathias Buttmann; Helmut Butzkueven; Jonathan Cahill; Jonathan Calkwood; William Camu; Mark Cascione; G. Castelnovo; Diego Centonze; João Cerqueira; Andrew Chan; Andrea Cimprichová; Stanley Cohan; Giancarlo Comi; Jill Ker Conway; Joanna A. Cooper; John R. Corboy; Jorge Correale; Brian Costell; David A. Cottrell; Patricia K. Coyle; Matthew Craner; Liying Cui; Luı́s Cunha; Anna Członkowska; Ana Silva; Joao de; de Sèze; Marc Debouverie; Jan Debruyne; D. Decoo; G. Defer; Tobias Derfuß; Norma Deri; Bhupesh Dihenia; Péter Diószeghy; Vladimír Donáth; Bénédicte Dubois; Martin Duddy; Pierre Duquette; Gilles Edan; Hüsnü Efendi; Stanton B. Elias; Peter Emrich; Bonaventura Casanova Estruch,,918,,,,29576505,,,,,,,True,cited_by_count>=405 (top 10.0%); cited_by_count>=405 (top 10.0%),10.1016/s0140-6736(18)30475-6,,,False,-0.044425767
https://openalex.org/W2766867032,10.1056/nejmoa1703784,Histopathological Findings in Brain Tissue Obtained during Epilepsy Surgery,"BACKGROUND: Detailed neuropathological information on the structural brain lesions underlying seizures is valuable for understanding drug-resistant focal epilepsy. METHODS: We report the diagnoses made on the basis of resected brain specimens from 9523 patients who underwent epilepsy surgery for drug-resistant seizures in 36 centers from 12 European countries over 25 years. Histopathological diagnoses were determined through examination of the specimens in local hospitals (41%) or at the German Neuropathology Reference Center for Epilepsy Surgery (59%). RESULTS: The onset of seizures occurred before 18 years of age in 75.9% of patients overall, and 72.5% of the patients underwent surgery as adults. The mean duration of epilepsy before surgical resection was 20.1 years among adults and 5.3 years among children. The temporal lobe was involved in 71.9% of operations. There were 36 histopathological diagnoses in seven major disease categories. The most common categories were hippocampal sclerosis, found in 36.4% of the patients (88.7% of cases were in adults), tumors (mainly ganglioglioma) in 23.6%, and malformations of cortical development in 19.8% (focal cortical dysplasia was the most common type, 52.7% of cases of which were in children). No histopathological diagnosis could be established for 7.7% of the patients. CONCLUSIONS: In patients with drug-resistant focal epilepsy requiring surgery, hippocampal sclerosis was the most common histopathological diagnosis among adults, and focal cortical dysplasia was the most common diagnosis among children. Tumors were the second most common lesion in both groups. (Funded by the European Union and others.).",2017,epilepsy,neurology,True,,,New England Journal of Medicine,new england journal of medicine,False,openalex,Ingmar Blümcke; Roberto Spreafico; Gerrit Haaker; Roland Coras; Katja Kobow; Christian G. Bien; Margarete Pfäfflin; Christian E. Elger; Guido Widman; Johannes Schramm; Albert J. Becker; Kees P. J. Braun; Frans S. S. Leijten; Johannes C. Baayen; Eleonora Aronica; Francine Chassoux; Hajo M. Hamer; Hermann Stefan; Karl Rössler; Maria Thom; Matthew C. Walker; Sanjay M. Sisodiya; John S. Duncan; Andrew W. McEvoy; Tom Pieper; Hans Holthausen; Manfred Kudernatsch; H. J. Meencke; Philippe Kahane; Andreas Schulze‐Bonhage; Josef Zentner; Dieter Henrik Heiland; Horst Urbach; Bernhard J. Steinhoff; Thomas Bast; Laura Tassi; Giorgio Lo Russo; Çiğdem Özkara; Büğe Öz; Pavel Kršek; Silke Vogelgesang; Uwe Runge; Holger Lerche; Yvonne Weber; Mrinalini Honavar; José Pimentel; Alexis Arzimanoglou; Adriana Ulate-Campos; Soheyl Noachtar; Elisabeth Härtl; Olaf Schijns; Renzo Guerrini; Carmen Barba; Thomas S. Jacques; J. Helen Cross; Martha Feucht; Angelika Mühlebner; Thomas Grünwald; Eugen Trinka; Peter Winkler; António Gil‐Nagel; Rafael Toledano; Thomas Mayer; Martin Lutz; Basilios Zountsas; Kyriakos Garganis; Felix Rosenow; Anke Hermsen; Tim J. von Oertzen; Thomas L. Diepgen; G. Avanzini,https://doi.org/10.1056/nejmoa1703784,908,,,,29069555,,,,,,,True,cited_by_count>=405 (top 10.0%); cited_by_count>=405 (top 10.0%),10.1056/nejmoa1703784,,,False,-0.057024688
https://openalex.org/W2218838944,10.3389/fnmol.2015.00077,NF-kappaB Signaling Pathways in Neurological Inflammation: A Mini Review,"The NF-κB (nuclear factor κ-light-chain-enhancer of activated B cells) transcription factor family is a pleiotropic regulator of many cellular signaling pathways, providing a mechanism for the cells in response to a wide variety of stimuli linking to inflammation. The stimulated cells will be regulated by not only the canonical but also non-canonical NF-κB pathways. To initiate both of these pathways, IκB-degradation triggers NF-κB release and the nuclear translocated-heterodimer (or homodimer) can associate with the κB sites of promoter to regulate the gene transcriptions. NF-κB ubiquitously expresses in neurons and the constitutive NF-κB activation is associated with processing of neuronal information. NF-κB can regulate the transcription of genes such as chemokines, cytokines, proinflammatory enzymes, adhesion molecules, proinflammatory transcription factors, and other factors to modulate the neuronal survival. In neuronal insult, NF-κB constitutively active in neuron cell bodies can protect neurons against different injuries and regulate the neuronal inflammatory reactions. Besides neurons, NF-κB transcription factors are abundant in glial cells and cerebral blood vessels and the diverse functions of NF-κB also regulate the inflammatory reaction around the neuronal environment. NF-κB transcription factors are abundant in the brain and exhibit diverse functions. Several central nerve system (CNS) diseases are linked to NF-κB activated by inflammatory mediators. The RelA and c-Rel expression produce opposite effects on neuronal survival. Importantly, c-Rel expression in CNS plays a critical role in anti-apoptosis and reduces the age-related behaviors. Moreover, the different subunits of NF-κB dimer formation can modulate the neuroninflammation, neuronal protection, or neurotoxicity. The diverse functions of NF-κB depend on the subunits of the NF-κB dimer-formation which enable us to develop a therapeutic approach to neuroinflammation based on a new concept of inflammation as a strategic tool in neuronal cells. However, the detail role of NF-κB in neuroinflammation, remains to be clarified. In the present article, we provide an updated review of the current state of our knowledge about relationship between NF-κB and neuroinflammation.",2015,neurology,neurology,True,,,Frontiers in Molecular Neuroscience,frontiers in molecular neuroscience,True,openalex,Ruey‐Horng Shih; Chen-Yu Wang; Chuen‐Mao Yang,https://doi.org/10.3389/fnmol.2015.00077,908,,,,26733801,,,,,,,True,cited_by_count>=405 (top 10.0%); cited_by_count>=405 (top 10.0%),10.3389/fnmol.2015.00077,,,False,0.05855805
https://openalex.org/W1922178820,10.1016/s0140-6736(15)00390-6,"Addressing the burden of mental, neurological, and substance use disorders: key messages from Disease Control Priorities, 3rd edition",,2015,neurology,neurology,True,,,The Lancet,the lancet,False,openalex,Vikram Patel; Dan Chisholm; Rachana Parikh; Fiona Charlson; Louisa Degenhardt; Tarun Dua; Alize J Ferrari; Steve Hyman; Ramanan Laxminarayan; Carol Levin; Crick Lund; María Elena Medina Mora; Inge Petersen; James G. Scott; Rahul Shidhaye; Lakshmi Vijayakumar; Graham Thornicroft; Harvey Whiteford,https://cris.maastrichtuniversity.nl/en/publications/3b6582b4-681a-4333-934e-33ad9f002bcd,902,,,,26454360,,,,,,,True,cited_by_count>=405 (top 10.0%); cited_by_count>=405 (top 10.0%),10.1016/s0140-6736(15)00390-6,,,False,0.12488701
https://openalex.org/W2099169745,10.1101/cshperspect.a022426,Seizures and Epilepsy: An Overview for Neuroscientists,"Epilepsy is one of the most common and disabling neurologic conditions, yet we have an incomplete understanding of the detailed pathophysiology and, thus, treatment rationale for much of epilepsy. This article reviews the clinical aspects of seizures and epilepsy with the goal of providing neuroscientists an introduction to aspects that might be amenable to scientific investigation. Seizures and epilepsy are defined, diagnostic methods are reviewed, various clinical syndromes are discussed, and aspects of differential diagnosis, treatment, and prognosis are considered to enable neuroscientists to formulate basic and translational research questions.",2015,epilepsy,neurology,True,,,Cold Spring Harbor Perspectives in Medicine,cold spring harbor perspectives in medicine,False,openalex,Carl E. Stafstrom; Lionel Carmant,https://doi.org/10.1101/cshperspect.a022426,897,,,,26033084,,,,,,,True,cited_by_count>=405 (top 10.0%); cited_by_count>=405 (top 10.0%),10.1101/cshperspect.a022426,,,False,-0.024816208
https://openalex.org/W2211460847,10.1016/s1474-4422(15)00379-8,Cannabidiol in patients with treatment-resistant epilepsy: an open-label interventional trial,,2015,epilepsy,neurology,False,,,The Lancet Neurology,the lancet neurology,False,openalex,Orrin Devinsky; Eric D. Marsh; Daniel J. Friedman; Elizabeth A. Thiele; Linda Laux; Joseph Sullivan; Ian Miller; Robert Flamini; Angus A. Wilfong; Francis Filloux; Matthew H. Wong; Nicole Tilton; Patricia L. Bruno; Judith Bluvstein; Julie Hedlund; Rebecca M. Kamens; Jane MacLean; Srishti Nangia; Nilika S. Singhal; Carey Wilson; Anup D. Patel; Maria Roberta Cilio,,895,,,,26724101,,,,,,,True,cited_by_count>=405 (top 10.0%); cited_by_count>=405 (top 10.0%),10.1016/s1474-4422(15)00379-8,,,False,-0.06328873
https://openalex.org/W2911725378,10.1038/s41586-019-0903-2,Altered human oligodendrocyte heterogeneity in multiple sclerosis,,2019,multiple sclerosis,neurology,True,,,Nature,nature,False,openalex,Sarah Jäkel; Eneritz Agirre; Ana Mendanha Falcão; David van Bruggen; Ka Wai Lee; Irène Knuesel; Dheeraj Malhotra; Charles ffrench‐Constant; Anna Williams; Gonçalo Castelo‐Branco,https://www.research.ed.ac.uk/en/publications/cc66a03b-84eb-4920-bbc4-e1d38fc27096,875,,,,30747918,,,,,,,True,cited_by_count>=405 (top 10.0%); cited_by_count>=405 (top 10.0%),10.1038/s41586-019-0903-2,,,False,-0.022919845
https://openalex.org/W2489242797,10.1101/cshperspect.a028936,Multiple Sclerosis Pathology,"Multiple sclerosis (MS) is a chronic inflammatory demyelinating disease of the central nervous system (CNS), which gives rise to focal lesions in the gray and white matter and to diffuse neurodegeneration in the entire brain. In this review, the spectrum of MS lesions and their relation to the inflammatory process is described. Pathology suggests that inflammation drives tissue injury at all stages of the disease. Focal inflammatory infiltrates in the meninges and the perivascular spaces appear to produce soluble factors, which induce demyelination or neurodegeneration either directly or indirectly through microglia activation. The nature of these soluble factors, which are responsible for demyelinating activity in sera and cerebrospinal fluid of the patients, is currently undefined. Demyelination and neurodegeneration is finally accomplished by oxidative injury and mitochondrial damage leading to a state of ""virtual hypoxia.""",2018,multiple sclerosis,neurology,False,,,Cold Spring Harbor Perspectives in Medicine,cold spring harbor perspectives in medicine,False,openalex,Hans Lassmann,,871,,,,29358320,,,,,,,True,cited_by_count>=405 (top 10.0%); cited_by_count>=405 (top 10.0%),10.1101/cshperspect.a028936,,,False,-0.037436333
https://openalex.org/W4225295961,10.1111/epi.17241,International League Against Epilepsy classification and definition of epilepsy syndromes with onset in childhood: Position paper by the ILAE Task Force on Nosology and Definitions,"The 2017 International League Against Epilepsy classification has defined a three-tier system with epilepsy syndrome identification at the third level. Although a syndrome cannot be determined in all children with epilepsy, identification of a specific syndrome provides guidance on management and prognosis. In this paper, we describe the childhood onset epilepsy syndromes, most of which have both mandatory seizure type(s) and interictal electroencephalographic (EEG) features. Based on the 2017 Classification of Seizures and Epilepsies, some syndrome names have been updated using terms directly describing the seizure semiology. Epilepsy syndromes beginning in childhood have been divided into three categories: (1) self-limited focal epilepsies, comprising four syndromes: self-limited epilepsy with centrotemporal spikes, self-limited epilepsy with autonomic seizures, childhood occipital visual epilepsy, and photosensitive occipital lobe epilepsy; (2) generalized epilepsies, comprising three syndromes: childhood absence epilepsy, epilepsy with myoclonic absence, and epilepsy with eyelid myoclonia; and (3) developmental and/or epileptic encephalopathies, comprising five syndromes: epilepsy with myoclonic-atonic seizures, Lennox-Gastaut syndrome, developmental and/or epileptic encephalopathy with spike-and-wave activation in sleep, hemiconvulsion-hemiplegia-epilepsy syndrome, and febrile infection-related epilepsy syndrome. We define each, highlighting the mandatory seizure(s), EEG features, phenotypic variations, and findings from key investigations.",2022,epilepsy,neurology,True,,,Epilepsia,epilepsia,False,openalex,Nicola Specchio; Elaine Wirrell; Ingrid E. Scheffer; Rima Nabbout; Kate Riney; Pauline Samia; Marilisa M. Guerreiro; Sam Gwer; Sameer M. Zuberi; Jo M. Wilmshurst; Elissa Yozawitz; Ronit Pressler; Édouard Hirsch; Samuel Wiebe; J. Helen Cross; Emilio Perucca; Solomon L. Moshé; Paolo Tinuper; Stéphane Auvin,https://doi.org/10.1111/epi.17241,862,,,,35503717,,,,,,,True,cited_by_count>=405 (top 10.0%); cited_by_count>=405 (top 10.0%),10.1111/epi.17241,,,False,-0.007095013
https://openalex.org/W2280334572,10.1016/s1474-4422(15)00393-2,MRI criteria for the diagnosis of multiple sclerosis: MAGNIMS consensus guidelines,,2016,multiple sclerosis,neurology,True,,,The Lancet Neurology,the lancet neurology,False,openalex,Massimo Filippi; Maria A. Rocca; Olga Ciccarelli; Nicola De Stefano; Nikos Evangelou; Ludwig Kappos; Àlex Rovira; Jaume Sastre‐Garriga; Mar Tintoré; Jette Lautrup Frederiksen; Claudio Gasperini; Jacqueline Palace; Daniel S. Reich; Brenda Banwell; Xavier Montalbán; Frederik Barkhof,https://ddd.uab.cat/record/185776,855,,,,26822746,,,,,,,True,cited_by_count>=405 (top 10.0%); cited_by_count>=405 (top 10.0%),10.1016/s1474-4422(15)00393-2,,,False,0.028820422
https://openalex.org/W2954314772,10.1038/s41582-019-0217-x,Neuroinflammatory pathways as treatment targets and biomarkers in epilepsy,,2019,epilepsy,neurology,False,,,Nature Reviews Neurology,nature reviews neurology,False,openalex,Annamaria Vezzani; Silvia Balosso; Teresa Ravizza,,850,,,,31263255,,,,,,,True,cited_by_count>=405 (top 10.0%); cited_by_count>=405 (top 10.0%),10.1038/s41582-019-0217-x,,,False,0.03504256
https://openalex.org/W3035511928,10.1124/pr.120.019539,"Drug Resistance in Epilepsy: Clinical Impact, Potential Mechanisms, and New Innovative Treatment Options",,2020,epilepsy,neurology,True,,,Pharmacological Reviews,pharmacological reviews,False,openalex,Wolfgang Löscher; Heidrun Potschka; Sanjay M. Sisodiya; Annamaria Vezzani,https://doi.org/10.1124/pr.120.019539,844,,,,32540959,,,,,,,True,cited_by_count>=405 (top 10.0%); cited_by_count>=405 (top 10.0%),10.1124/pr.120.019539,,,False,-0.01493766
https://openalex.org/W3175256745,10.3390/nu13062099,Regulation of Neurotransmitters by the Gut Microbiota and Effects on Cognition in Neurological Disorders,"Emerging evidence indicates that gut microbiota is important in the regulation of brain activity and cognitive functions. Microbes mediate communication among the metabolic, peripheral immune, and central nervous systems via the microbiota-gut-brain axis. However, it is not well understood how the gut microbiome and neurons in the brain mutually interact or how these interactions affect normal brain functioning and cognition. We summarize the mechanisms whereby the gut microbiota regulate the production, transportation, and functioning of neurotransmitters. We also discuss how microbiome dysbiosis affects cognitive function, especially in neurodegenerative diseases such as Alzheimer's disease and Parkinson's disease.",2021,neurology,neurology,True,,,Nutrients,nutrients,True,openalex,Yijing Chen; Jinying Xu; Yu Chen,https://doi.org/10.3390/nu13062099,843,,,,34205336,,,,,,,True,cited_by_count>=405 (top 10.0%); cited_by_count>=405 (top 10.0%),10.3390/nu13062099,,,False,0.039667603
https://openalex.org/W4206915534,10.1038/s41586-022-04432-7,Clonally expanded B cells in multiple sclerosis bind EBV EBNA1 and GlialCAM,,2022,multiple sclerosis,neurology,True,,,Nature,nature,False,openalex,Tobias V. Lanz; R. Camille Brewer; Peggy P. Ho; Jae‐Seung Moon; Kevin M. Jude; Daniel Fernández; Ricardo A. Fernandes; Alejandro M. Gomez; Gabriel-Stefan Nadj; Christopher M. Bartley; Ryan Schubert; Isobel A. Hawes; Sara E. Vazquez; Manasi Iyer; J. Bradley Zuchero; Bianca Teegen; Jeffrey Dunn; Christopher Lock; Lucas Kipp; Victoria C. Cotham; Beatrix Ueberheide; Blake T. Aftab; Mark S. Anderson; Joseph L. DeRisi; Michael R. Wilson; Rachael Bashford-Rogers; Michael Platten; K. Christopher García; Lawrence Steinman; William H. Robinson,https://www.ncbi.nlm.nih.gov/pmc/articles/9382663,832,,,,35073561,,,,,,,True,cited_by_count>=405 (top 10.0%); cited_by_count>=405 (top 10.0%),10.1038/s41586-022-04432-7,,,False,-0.14968593
https://openalex.org/W2588292672,10.1177/1352458517690821,Validity of the Symbol Digit Modalities Test as a cognition performance outcome measure for multiple sclerosis,"Cognitive and motor performance measures are commonly employed in multiple sclerosis (MS) research, particularly when the purpose is to determine the efficacy of treatment. The increasing focus of new therapies on slowing progression or reversing neurological disability makes the utilization of sensitive, reproducible, and valid measures essential. Processing speed is a basic elemental cognitive function that likely influences downstream processes such as memory. The Multiple Sclerosis Outcome Assessments Consortium (MSOAC) includes representatives from advocacy organizations, Food and Drug Administration (FDA), European Medicines Agency (EMA), National Institute of Neurological Disorders and Stroke (NINDS), academic institutions, and industry partners along with persons living with MS. Among the MSOAC goals is acceptance and qualification by regulators of performance outcomes that are highly reliable and valid, practical, cost-effective, and meaningful to persons with MS. A critical step for these neuroperformance metrics is elucidation of clinically relevant benchmarks, well-defined degrees of disability, and gradients of change that are deemed clinically meaningful. This topical review provides an overview of research on one particular cognitive measure, the Symbol Digit Modalities Test (SDMT), recognized as being particularly sensitive to slowed processing of information that is commonly seen in MS. The research in MS clearly supports the reliability and validity of this test and recently has supported a responder definition of SDMT change approximating 4 points or 10% in magnitude.",2017,multiple sclerosis,neurology,True,,,Multiple Sclerosis Journal,multiple sclerosis journal,False,openalex,Ralph H. B. Benedict; John DeLuca; Glenn Phillips; Nicholas G. LaRocca; Lynn D. Hudson; Richard A. Rudick,https://doi.org/10.1177/1352458517690821,820,,,,28206827,,,,,,,True,cited_by_count>=405 (top 10.0%); cited_by_count>=405 (top 10.0%),10.1177/1352458517690821,,,False,0.00753792
https://openalex.org/W4225383465,10.1111/epi.17239,ILAE classification and definition of epilepsy syndromes with onset in neonates and infants: Position statement by the ILAE Task Force on Nosology and Definitions,"The International League Against Epilepsy (ILAE) Task Force on Nosology and Definitions proposes a classification and definition of epilepsy syndromes in the neonate and infant with seizure onset up to 2 years of age. The incidence of epilepsy is high in this age group and epilepsy is frequently associated with significant comorbidities and mortality. The licensing of syndrome specific antiseizure medications following randomized controlled trials and the development of precision, gene-related therapies are two of the drivers defining the electroclinical phenotypes of syndromes with onset in infancy. The principal aim of this proposal, consistent with the 2017 ILAE Classification of the Epilepsies, is to support epilepsy diagnosis and emphasize the importance of classifying epilepsy in an individual both by syndrome and etiology. For each syndrome, we report epidemiology, clinical course, seizure types, electroencephalography (EEG), neuroimaging, genetics, and differential diagnosis. Syndromes are separated into self-limited syndromes, where there is likely to be spontaneous remission and developmental and epileptic encephalopathies, diseases where there is developmental impairment related to both the underlying etiology independent of epileptiform activity and the epileptic encephalopathy. The emerging class of etiology-specific epilepsy syndromes, where there is a specific etiology for the epilepsy that is associated with a clearly defined, relatively uniform, and distinct clinical phenotype in most affected individuals as well as consistent EEG, neuroimaging, and/or genetic correlates, is presented. The number of etiology-defined syndromes will continue to increase, and these newly described syndromes will in time be incorporated into this classification. The tables summarize mandatory features, cautionary alerts, and exclusionary features for the common syndromes. Guidance is given on the criteria for syndrome diagnosis in resource-limited regions where laboratory confirmation, including EEG, MRI, and genetic testing, might not be available.",2022,epilepsy,neurology,True,,,Epilepsia,epilepsia,False,openalex,Sameer M. Zuberi; Elaine Wirrell; Elissa Yozawitz; Jo M. Wilmshurst; Nicola Specchio; Kate Riney; Ronit Pressler; Stéphane Auvin; Pauline Samia; Édouard Hirsch; Santiago Galicchio; Chahnez Triki; O. Carter Snead; Samuel Wiebe; J. Helen Cross; Paolo Tinuper; Ingrid E. Scheffer; Emilio Perucca; Solomon L. Moshé; Rima Nabbout,https://doi.org/10.1111/epi.17239,819,,,,35503712,,,,,,,True,cited_by_count>=405 (top 10.0%); cited_by_count>=405 (top 10.0%),10.1111/epi.17239,,,False,0.05787439
https://openalex.org/W2158334924,10.1212/wnl.0000000000001334,Long-term efficacy and safety of thalamic stimulation for drug-resistant partial epilepsy,"OBJECTIVE: To report long-term efficacy and safety results of the SANTE trial investigating deep brain stimulation of the anterior nucleus of the thalamus (ANT) for treatment of localization-related epilepsy. METHODS: This long-term follow-up is a continuation of a previously reported trial of 5- vs 0-V ANT stimulation. Long-term follow-up began 13 months after device implantation with stimulation parameters adjusted at the investigators' discretion. Seizure frequency was determined using daily seizure diaries. RESULTS: The median percent seizure reduction from baseline at 1 year was 41%, and 69% at 5 years. The responder rate (≥50% reduction in seizure frequency) at 1 year was 43%, and 68% at 5 years. In the 5 years of follow-up, 16% of subjects were seizure-free for at least 6 months. There were no reported unanticipated adverse device effects or symptomatic intracranial hemorrhages. The Liverpool Seizure Severity Scale and 31-item Quality of Life in Epilepsy measure showed statistically significant improvement over baseline by 1 year and at 5 years (p < 0.001). CONCLUSION: Long-term follow-up of ANT deep brain stimulation showed sustained efficacy and safety in a treatment-resistant population. CLASSIFICATION OF EVIDENCE: This long-term follow-up provides Class IV evidence that for patients with drug-resistant partial epilepsy, anterior thalamic stimulation is associated with a 69% reduction in seizure frequency and a 34% serious device-related adverse event rate at 5 years.",2015,epilepsy,neurology,True,,,Neurology,neurology,False,openalex,Vicenta Salanova; Thomas J. Witt; Robert M. Worth; Thomas R. Henry; Robert E. Gross; Jules M. Nazzaro; Douglas Labar; Michael R. Sperling; Ashwini Sharan; Evan Sandok; Adrian Handforth; John M. Stern; Steve Chung; Jaimie M. Henderson; Jacqueline A. French; Gordon H. Baltuch; William E. Rosenfeld; Paul A. Garcia; Nicholas M. Barbaro; Nathan B. Fountain; W. Jeffrey Elias; Robert Goodman; John R. Pollard; Alexander I. Tröster; Christopher P. Irwin; Kristin Lambrecht; Nina M. Graves; Robert S. Fisher; For the SANTE Study Group; Charles M. Epstein; Jeanne King; Ivan Osorio; Roy A.E. Bakay; Donna Bergen,https://doi.org/10.1212/wnl.0000000000001334,817,,,,25663221,,,,,,,True,cited_by_count>=405 (top 10.0%); cited_by_count>=405 (top 10.0%),10.1212/wnl.0000000000001334,,,False,-0.009513227
https://openalex.org/W2200372542,10.1371/journal.pone.0137429,"Dysbiosis in the Gut Microbiota of Patients with Multiple Sclerosis, with a Striking Depletion of Species Belonging to Clostridia XIVa and IV Clusters","The pathogenesis of multiple sclerosis (MS), an autoimmune disease affecting the brain and spinal cord, remains poorly understood. Patients with MS typically present with recurrent episodes of neurological dysfunctions such as blindness, paresis, and sensory disturbances. Studies on experimental autoimmune encephalomyelitis (EAE) animal models have led to a number of testable hypotheses including a hypothetical role of altered gut microbiota in the development of MS. To investigate whether gut microbiota in patients with MS is altered, we compared the gut microbiota of 20 Japanese patients with relapsing-remitting (RR) MS (MS20) with that of 40 healthy Japanese subjects (HC40) and an additional 18 healthy subjects (HC18). All the HC18 subjects repeatedly provided fecal samples over the course of months (158 samples in total). Analysis of the bacterial 16S ribosomal RNA (rRNA) gene by using a high-throughput culture-independent pyrosequencing method provided evidence of a moderate dysbiosis in the structure of gut microbiota in patients with MS. Furthermore, we found 21 species that showed significant differences in relative abundance between the MS20 and HC40 samples. On comparing MS samples to the 158 longitudinal HC18 samples, the differences were found to be reproducibly significant for most of the species. These taxa comprised primarily of clostridial species belonging to Clostridia clusters XIVa and IV and Bacteroidetes. The phylogenetic tree analysis revealed that none of the clostridial species that were significantly reduced in the gut microbiota of patients with MS overlapped with other spore-forming clostridial species capable of inducing colonic regulatory T cells (Treg), which prevent autoimmunity and allergies; this suggests that many of the clostridial species associated with MS might be distinct from those broadly associated with autoimmune conditions. Correcting the dysbiosis and altered gut microbiota might deserve consideration as a potential strategy for the prevention and treatment of MS.",2015,multiple sclerosis,neurology,True,,,PLoS ONE,plos one,True,openalex,Sachiko Miyake; Sangwan Kim; Wataru Suda; Kenshiro Oshima; Masakazu Nakamura; Takako Matsuoka; Norio Chihara; Atsuko Tomita; Wakiro Sato; Seok-Won Kim; Hidetoshi Morita; Masahira Hattori; Takashi Yamamura,https://doi.org/10.1371/journal.pone.0137429,807,,,,26367776,,,,,,,True,cited_by_count>=405 (top 10.0%); cited_by_count>=405 (top 10.0%),10.1371/journal.pone.0137429,,,False,-0.043177165
https://openalex.org/W2906480617,10.1038/s41586-018-0824-5,Brain regulatory T cells suppress astrogliosis and potentiate neurological recovery,,2018,neurology,neurology,False,,,Nature,nature,False,openalex,Minako Ito; Kyoko Komai; Setsuko Mise‐Omata; Mana Iizuka-Koga; Yoshiko Noguchi; Taisuke Kondo; Ryota Sakai; Kazuhiko Matsuo; Takashi Nakayama; Osamu Yoshie; Hiroko Nakatsukasa; Shunsuke Chikuma; Takashi Shichita; Akihiko Yoshimura,,793,,,,30602786,,,,,,,True,cited_by_count>=405 (top 10.0%); cited_by_count>=405 (top 10.0%),10.1038/s41586-018-0824-5,,,False,0.0065541603
https://openalex.org/W3193421084,10.1016/j.phrs.2021.105840,The role of microbiota-gut-brain axis in neuropsychiatric and neurological disorders,"Emerging evidence indicates that the gut microbiota play a crucial role in the bidirectional communication between the gut and the brain suggesting that the gut microbes may shape neural development, modulate neurotransmission and affect behavior, and thereby contribute to the pathogenesis and/or progression of many neurodevelopmental, neuropsychiatric, and neurological conditions. This review summarizes recent data on the role of microbiota-gut-brain axis in the pathophysiology of neuropsychiatric and neurological disorders including depression, anxiety, schizophrenia, autism spectrum disorders, Parkinson's disease, migraine, and epilepsy. Also, the involvement of microbiota in gut disorders co-existing with neuropsychiatric conditions is highlighted. We discuss data from both in vivo preclinical experiments and clinical reports including: (1) studies in germ-free animals, (2) studies exploring the gut microbiota composition in animal models of diseases or in humans, (3) studies evaluating the effects of probiotic, prebiotic or antibiotic treatment as well as (4) the effects of fecal microbiota transplantation.",2021,neurology,neurology,True,,,Pharmacological Research,pharmacological research,False,openalex,Katarzyna Socała; Urszula Doboszewska; Aleksandra Szopa; Anna Serefko; Marcin Włodarczyk; Anna Zielińska; Ewa Poleszak; Jakub Fichna; Piotr Właź,https://doi.org/10.1016/j.phrs.2021.105840,785,,,,34450312,,,,,,,True,cited_by_count>=405 (top 10.0%); cited_by_count>=405 (top 10.0%),10.1016/j.phrs.2021.105840,,,False,0.06884011
https://openalex.org/W2771247031,10.1038/nrneurol.2017.148,Antisense oligonucleotides: the next frontier for treatment of neurological disorders,,2017,neurology,neurology,False,,,Nature Reviews Neurology,nature reviews neurology,False,openalex,Carlo Rinaldi; Matthew J. A. Wood,,778,,,,,,,,,,,True,cited_by_count>=405 (top 10.0%); cited_by_count>=405 (top 10.0%),10.1038/nrneurol.2017.148,,,False,0.024760162
https://openalex.org/W2570428169,10.1016/s0140-6736(16)32399-6,"Living near major roads and the incidence of dementia, Parkinson's disease, and multiple sclerosis: a population-based cohort study",,2017,multiple sclerosis,neurology,False,,,The Lancet,the lancet,False,openalex,Hong Chen; Jeffrey C. Kwong; Ray Copes; Karen Tu; Paul J. Villeneuve; Aaron van Donkelaar; Perry Hystad; Randall V. Martin; Brian J. Murray; Barry Jessiman; Andrew S. Wilton; Alexander Kopp; Richard T. Burnett,,775,,,,28063597,,,,,,,True,cited_by_count>=405 (top 10.0%); cited_by_count>=405 (top 10.0%),10.1016/s0140-6736(16)32399-6,,,False,0.077122994
https://openalex.org/W3125365537,10.1101/2020.02.22.20026500,"Neurological Manifestations of Hospitalized Patients with COVID-19 in Wuhan, China: a retrospective case series study","ABSTRACT OBJECTIVE To study the neurological manifestations of patients with coronavirus disease 2019 (COVID-19). DESIGN Retrospective case series SETTING Three designated COVID-19 care hospitals of the Union Hospital of Huazhong University of Science and Technology in Wuhan, China. PARTICIPANTS Two hundred fourteen hospitalized patients with laboratory confirmed diagnosis of severe acute respiratory syndrome from coronavirus 2 (SARS-CoV-2) infection. Data were collected from 16 January 2020 to 19 February 2020. MAIN OUTCOME MEASURES Clinical data were extracted from electronic medical records and reviewed by a trained team of physicians. Neurological symptoms fall into three categories: central nervous system (CNS) symptoms or diseases (headache, dizziness, impaired consciousness, ataxia, acute cerebrovascular disease, and epilepsy), peripheral nervous system (PNS) symptoms (hypogeusia, hyposmia, hypopsia, and neuralgia), and skeletal muscular symptoms. Data of all neurological symptoms were checked by two trained neurologists. RESULTS Of 214 patients studied, 88 (41.1%) were severe and 126 (58.9%) were non-severe patients. Compared with non-severe patients, severe patients were older (58.7 ± 15.0 years vs 48.9 ± 14.7 years), had more underlying disorders (42 [47.7%] vs 41 [32.5%]), especially hypertension (32 [36.4%] vs 19 [15.1%]), and showed less typical symptoms such as fever (40 [45.5%] vs 92 [73%]) and cough (30 [34.1%] vs 77 [61.1%]). Seventy-eight (36.4%) patients had neurologic manifestations. More severe patients were likely to have neurologic symptoms (40 [45.5%] vs 38 [30.2%]), such as acute cerebrovascular diseases (5 [5.7%] vs 1 [0.8%]), impaired consciousness (13 [14.8%] vs 3 [2.4%]) and skeletal muscle injury (17 [19.3%] vs 6 [4.8%]). CONCLUSION Compared with non-severe patients with COVID-19, severe patients commonly had neurologic symptoms manifested as acute cerebrovascular diseases, consciousness impairment and skeletal muscle symptoms.",2020,neurology,neurology,True,,,medRxiv,medrxiv,False,openalex,Ling Mao; Mengdie Wang; Shengcai Chen; Quanwei He; Jiang Chang; Candong Hong; Yifan Zhou; David Wang; Yanan Li; Huijuan Jin; Bo Hu,https://doi.org/10.1101/2020.02.22.20026500,771,,,,,,,,,,,True,cited_by_count>=405 (top 10.0%); cited_by_count>=405 (top 10.0%),10.1101/2020.02.22.20026500,,,False,-0.0038586818
https://openalex.org/W3031033561,10.1212/wnl.0000000000009937,Neurologic manifestations in hospitalized patients with COVID-19,"OBJECTIVE: The coronavirus disease 2019 (COVID-19) has spread worldwide since December 2019. Neurologic symptoms have been reported as part of the clinical spectrum of the disease. We aimed to determine whether neurologic manifestations are common in hospitalized patients with COVID-19 and to describe their main characteristics. METHODS: We systematically reviewed all patients diagnosed with COVID-19 admitted to the hospital in a Spanish population during March 2020. Demographic characteristics, systemic and neurologic clinical manifestations, and complementary tests were analyzed. RESULTS: Of 841 patients hospitalized with COVID-19 (mean age 66.4 years, 56.2% men), 57.4% developed some form of neurologic symptom. Nonspecific symptoms such as myalgias (17.2%), headache (14.1%), and dizziness (6.1%) were present mostly in the early stages of infection. Anosmia (4.9%) and dysgeusia (6.2%) tended to occur early (60% as the first clinical manifestation) and were more frequent in less severe cases. Disorders of consciousness occurred commonly (19.6%), mostly in older patients and in severe and advanced COVID-19 stages. Myopathy (3.1%), dysautonomia (2.5%), cerebrovascular diseases (1.7%), seizures (0.7%), movement disorders (0.7%), encephalitis (n = 1), Guillain-Barré syndrome (n = 1), and optic neuritis (n = 1) were also reported, but less frequent. Neurologic complications were the main cause of death in 4.1% of all deceased study participants. CONCLUSIONS: Neurologic manifestations are common in hospitalized patients with COVID-19. In our series, more than half of patients presented some form of neurologic symptom. Clinicians need to maintain close neurologic surveillance for prompt recognition of these complications. The mechanisms and consequences of severe acute respiratory syndrome coronavirus type 2 neurologic involvement require further studies.",2020,neurology,neurology,True,,,Neurology,neurology,False,openalex,Carlos Sánchez; Inmaculada Díaz-Maroto; Eva Fernández-Díaz; Álvaro Sánchez‐Larsen; Almudena Layos-Romero; Jorge García‐García; E. Moreno González; Inmaculada Redondo-Peñas; Ana Belén Perona Moratalla; José Antonio Del Valle-Pérez; J. Gracia Gil; Laura Rojas-Bartolomé; Inmaculada Feria-Vilar; María Elena Artiles Monteagudo; María Palao; Elena Palazón-García; Cristian Alcahut-Rodríguez; David Sopelana‐Garay; Yóscar Moreno; Javaad Ahmad; Tomás Segura,https://www.ncbi.nlm.nih.gov/pmc/articles/7668545,765,,,,32482845,,,,,,,True,cited_by_count>=405 (top 10.0%); cited_by_count>=405 (top 10.0%),10.1212/wnl.0000000000009937,,,False,-0.02633609
https://openalex.org/W4224213495,10.1002/mds.29005,The Movement Disorder Society Criteria for the Diagnosis of Multiple System Atrophy,"BACKGROUND: The second consensus criteria for the diagnosis of multiple system atrophy (MSA) are widely recognized as the reference standard for clinical research, but lack sensitivity to diagnose the disease at early stages. OBJECTIVE: To develop novel Movement Disorder Society (MDS) criteria for MSA diagnosis using an evidence-based and consensus-based methodology. METHODS: We identified shortcomings of the second consensus criteria for MSA diagnosis and conducted a systematic literature review to answer predefined questions on clinical presentation and diagnostic tools relevant for MSA diagnosis. The criteria were developed and later optimized using two Delphi rounds within the MSA Criteria Revision Task Force, a survey for MDS membership, and a virtual Consensus Conference. RESULTS: The criteria for neuropathologically established MSA remain unchanged. For a clinical MSA diagnosis a new category of clinically established MSA is introduced, aiming for maximum specificity with acceptable sensitivity. A category of clinically probable MSA is defined to enhance sensitivity while maintaining specificity. A research category of possible prodromal MSA is designed to capture patients in the earliest stages when symptoms and signs are present, but do not meet the threshold for clinically established or clinically probable MSA. Brain magnetic resonance imaging markers suggestive of MSA are required for the diagnosis of clinically established MSA. The number of research biomarkers that support all clinical diagnostic categories will likely grow. CONCLUSIONS: This set of MDS MSA diagnostic criteria aims at improving the diagnostic accuracy, particularly in early disease stages. It requires validation in a prospective clinical and a clinicopathological study. © 2022 The Authors. Movement Disorders published by Wiley Periodicals LLC on behalf of International Parkinson and Movement Disorder Society.",2022,movement disorder,neurology,True,,,Movement Disorders,movement disorders,False,openalex,Gregor K. Wenning; Iva Stanković; Luca Vignatelli; Alessandra Fanciulli; Giovanna Calandra–Buonaura; Klaus Seppi; Jose‐Alberto Palma; Wassilios G. Meissner; Florian Krismer; Daniela Berg; Pietro Cortelli; Roy Freeman; Glenda M. Halliday; Günter U. Höglinger; Anthony E. Lang; Helen Ling; Irene Litvan; Phillip A. Low; Yasuo Miki; Jalesh N. Panicker; Maria Teresa Pellecchia; Niall Quinn; Ryuji Sakakibara; María Stamelou; Eduardo Tolosa; Shoji Tsuji; Tom Warner; Werner Poewe; Horacio Kaufmann,https://doi.org/10.1002/mds.29005,762,,,,35445419,,,,,,,True,cited_by_count>=405 (top 10.0%); cited_by_count>=405 (top 10.0%),10.1002/mds.29005,,,False,0.041222487
https://openalex.org/W4210724686,10.1016/j.jns.2022.120162,Mid and long-term neurological and neuropsychiatric manifestations of post-COVID-19 syndrome: A meta-analysis,,2022,neurology,neurology,True,,,Journal of the Neurological Sciences,journal of the neurological sciences,False,openalex,Lavienraj Premraj; Nivedha Kannapadi; Jack Briggs; Stella Seal; Denise Battaglini; Jonathon P. Fanning; Jacky Y. Suen; Chiara Robba; John F. Fraser; Sung‐Min Cho,https://www.ncbi.nlm.nih.gov/pmc/articles/8798975,759,,,,35121209,,,,,,,True,cited_by_count>=405 (top 10.0%); cited_by_count>=405 (top 10.0%),10.1016/j.jns.2022.120162,,,False,-0.05207912
https://openalex.org/W2208088507,10.1007/s00401-015-1513-1,Astrocytes: a central element in neurological diseases,,2015,neurology,neurology,True,,,Acta Neuropathologica,acta neuropathologica,False,openalex,Milos Pekny; Marcela Pekna; Albee Messing; Christian Steinhäuser; Jin‐Moo Lee; Vladimir Parpura; Elly M. Hol; Michael V. Sofroniew; Alexei Verkhratsky,https://www.research.manchester.ac.uk/portal/en/publications/astrocytes-a-central-element-in-neurological-diseases(785662e4-ee2a-4e6a-96a8-b5d0e3771e29).html,753,,,,26671410,,,,,,,True,cited_by_count>=405 (top 10.0%); cited_by_count>=405 (top 10.0%),10.1007/s00401-015-1513-1,,,False,0.06551454
https://openalex.org/W2146867319,10.1016/s1474-4422(15)00225-2,Comorbidities of epilepsy: current concepts and future perspectives,,2015,epilepsy,neurology,True,,,The Lancet Neurology,the lancet neurology,False,openalex,Mark R. Keezer; Sanjay M. Sisodiya; Josemir W. Sander,https://discovery.ucl.ac.uk/id/eprint/1478112/,753,,,,26549780,,,,,,,True,cited_by_count>=405 (top 10.0%); cited_by_count>=405 (top 10.0%),10.1016/s1474-4422(15)00225-2,,,False,0.014141517
https://openalex.org/W2950228559,10.1001/jamaneurol.2019.1534,Diagnostic Value of Cerebrospinal Fluid Neurofilament Light Protein in Neurology,"IMPORTANCE: Neurofilament light protein (NfL) is elevated in cerebrospinal fluid (CSF) of a number of neurological conditions compared with healthy controls (HC) and is a candidate biomarker for neuroaxonal damage. The influence of age and sex is largely unknown, and levels across neurological disorders have not been compared systematically to date. OBJECTIVES: To assess the associations of age, sex, and diagnosis with NfL in CSF (cNfL) and to evaluate its potential in discriminating clinically similar conditions. DATA SOURCES: PubMed was searched for studies published between January 1, 2006, and January 1, 2016, reporting cNfL levels (using the search terms neurofilament light and cerebrospinal fluid) in neurological or psychiatric conditions and/or in HC. STUDY SELECTION: Studies reporting NfL levels measured in lumbar CSF using a commercially available immunoassay, as well as age and sex. DATA EXTRACTION AND SYNTHESIS: Individual-level data were requested from study authors. Generalized linear mixed-effects models were used to estimate the fixed effects of age, sex, and diagnosis on log-transformed NfL levels, with cohort of origin modeled as a random intercept. MAIN OUTCOME AND MEASURE: The cNfL levels adjusted for age and sex across diagnoses. RESULTS: Data were collected for 10 059 individuals (mean [SD] age, 59.7 [18.8] years; 54.1% female). Thirty-five diagnoses were identified, including inflammatory diseases of the central nervous system (n = 2795), dementias and predementia stages (n = 4284), parkinsonian disorders (n = 984), and HC (n = 1332). The cNfL was elevated compared with HC in a majority of neurological conditions studied. Highest levels were observed in cognitively impaired HIV-positive individuals (iHIV), amyotrophic lateral sclerosis, frontotemporal dementia (FTD), and Huntington disease. In 33.3% of diagnoses, including HC, multiple sclerosis, Alzheimer disease (AD), and Parkinson disease (PD), cNfL was higher in men than women. The cNfL increased with age in HC and a majority of neurological conditions, although the association was strongest in HC. The cNfL overlapped in most clinically similar diagnoses except for FTD and iHIV, which segregated from other dementias, and PD, which segregated from atypical parkinsonian syndromes. CONCLUSIONS AND RELEVANCE: These data support the use of cNfL as a biomarker of neuroaxonal damage and indicate that age-specific and sex-specific (and in some cases disease-specific) reference values may be needed. The cNfL has potential to assist the differentiation of FTD from AD and PD from atypical parkinsonian syndromes.",2019,neurology,neurology,True,,,JAMA Neurology,jama neurology,False,openalex,Claire Bridel; Wessel N. van Wieringen; Henrik Zetterberg; Betty M. Tijms; Charlotte E. Teunissen; and the NFL Group; José C. Álvarez‐Cermeño; Ulf Andréasson; Markus Axelsson; David Bäckström; Aleš Bartoš; Maria Bjerke; Kaj Blennow; Adam L. Boxer; Lou Brundin; Joachim Burman; Tove Christensen; L Fialová; Lars Forsgren; Jette Lautrup Frederiksen; Magnus Gisslén; Elizabeth Gray; Martin Gunnarsson; Sara Hall; Oskar Hansson; Megan K. Herbert; Joel Jakobsson; Jan Jessen-Krut; Shorena Janelidze; Gudmundur Johannsson; Michael Jonsson; Ludwig Kappos; Mohsen Khademi; Michael Khalil; Jens Kühle; Mikael Landén; Ville Leinonen; Giancarlo Logroscino; Ching‐Hua Lu; Jan Lycke; Nadia Magdalinou; Andrea Malaspina; Niklas Mattsson; Lieke Meeter; Sanjay R. Mehta; Signe Modvig; Tomas Olsson; Ross W. Paterson; Josué Pérez‐Santiago; Fredrik Piehl; Yolande A.L. Pijnenburg; Okko T. Pyykkö; Óskar Ragnarsson; Julio C. Rojas; Jeppe Romme Christensen; Linda Sandberg; Carole Scherling; Jonathan M. Schott; Finn Sellebjerg; Isabella Laura Simone; Tobias Skillbäck; Morten Stilund; Peter Sundström; Anders Svenningsson; Rosanna Tortelli; Carla Tortorella; Alessandro Trentini; Maria Troiano; Martin R. Turner; John C. van Swieten; Mattias Vågberg; Marcel M. Verbeek; Luisa María Villar; Pieter Jelle Visser; Anders Wallin; Andreas Weiss; Carsten Wikkelsø; Edward J. Wild,https://doi.org/10.1001/jamaneurol.2019.1534,752,,,,31206160,,,,,,,True,cited_by_count>=405 (top 10.0%); cited_by_count>=405 (top 10.0%),10.1001/jamaneurol.2019.1534,,,False,0.10769741
https://openalex.org/W3197136220,10.1038/s41586-021-03892-7,A lymphocyte–microglia–astrocyte axis in chronic active multiple sclerosis,,2021,multiple sclerosis,neurology,True,,,Nature,nature,False,openalex,Martina Absinta; Dragan Maric; Marjan Gharagozloo; Thomas Garton; Matthew D. Smith; Jing Jin; Kathryn C. Fitzgerald; Anya Song; Poching Liu; Jing‐Ping Lin; Tianxia Wu; Kory Johnson; Dorian B. McGavern; Dorothy P. Schafer; Peter A. Calabresi; Daniel S. Reich,https://www.ncbi.nlm.nih.gov/pmc/articles/8719282,751,,,,34497421,,,,,,,True,cited_by_count>=405 (top 10.0%); cited_by_count>=405 (top 10.0%),10.1038/s41586-021-03892-7,,,False,-0.025950817
https://openalex.org/W2929404193,10.1186/s12974-019-1434-3,Impact of microbiota on central nervous system and neurological diseases: the gut-brain axis,"Development of central nervous system (CNS) is regulated by both intrinsic and peripheral signals. Previous studies have suggested that environmental factors affect neurological activities under both physiological and pathological conditions. Although there is anatomical separation, emerging evidence has indicated the existence of bidirectional interaction between gut microbiota, i.e., (diverse microorganisms colonizing human intestine), and brain. The cross-talk between gut microbiota and brain may have crucial impact during basic neurogenerative processes, in neurodegenerative disorders and tumors of CNS. In this review, we discuss the biological interplay between gut-brain axis, and further explore how this communication may be dysregulated in neurological diseases. Further, we highlight new insights in modification of gut microbiota composition, which may emerge as a promising therapeutic approach to treat CNS disorders.",2019,neurology,neurology,True,,,Journal of Neuroinflammation,journal of neuroinflammation,True,openalex,Qianquan Ma; Changsheng Xing; Wenyong Long; Helen Y. Wang; Qing Liu; Rong‐Fu Wang,https://doi.org/10.1186/s12974-019-1434-3,749,,,,30823925,,,,,,,True,cited_by_count>=405 (top 10.0%); cited_by_count>=405 (top 10.0%),10.1186/s12974-019-1434-3,,,False,0.034870803
https://openalex.org/W2805331168,10.1001/jamaneurol.2018.1264,Current Concepts in Diagnosis and Treatment of Functional Neurological Disorders,"Importance: Functional neurological disorders (FND) are common sources of disability in medicine. Patients have often been misdiagnosed, correctly diagnosed after lengthy delays, and/or subjected to poorly delivered diagnoses that prevent diagnostic understanding and lead to inappropriate treatments, iatrogenic harm, unnecessary and costly evaluations, and poor outcomes. Observations: Functional Neurological Symptom Disorder/Conversion Disorder was adopted by the Diagnostic and Statistical Manual of Mental Disorders, Fifth Edition, replacing the term psychogenic with functional and removing the criterion of psychological stress as a prerequisite for FND. A diagnosis can now be made in an inclusionary manner by identifying neurological signs that are specific to FNDs without reliance on presence or absence of psychological stressors or suggestive historical clues. The new model highlights a wider range of past sensitizing events, such as physical trauma, medical illness, or physiological/psychophysiological events. In this model, strong ideas and expectations about these events correlate with abnormal predictions of sensory data and body-focused attention. Neurobiological abnormalities include hypoactivation of the supplementary motor area and relative disconnection with areas that select or inhibit movements and are associated with a sense of agency. Promising evidence has accumulated for the benefit of specific physical rehabilitation and psychological interventions alone or in combination, but clinical trial evidence remains limited. Conclusions and Relevance: Functional neurological disorders are a neglected but potentially reversible source of disability. Further research is needed to determine the dose and duration of various interventions, the value of combination treatments and multidisciplinary therapy, and the therapeutic modality best suited for each patient.",2018,neurology,neurology,True,,,JAMA Neurology,jama neurology,False,openalex,Alberto J. Espay; Selma Aybek; Alan Carson; Mark J. Edwards; Laura H. Goldstein; Mark Hallett; Kathrin LaFaver; W. Curt LaFrance; Anthony E. Lang; Timothy R. Nicholson; Glenn Nielsen; Markus Reuber; Valerie Voon; Jon Stone; Francesca Morgante,https://www.ncbi.nlm.nih.gov/pmc/articles/7293766,746,,,,29868890,,,,,,,True,cited_by_count>=405 (top 10.0%); cited_by_count>=405 (top 10.0%),10.1001/jamaneurol.2018.1264,,,False,0.005792547
https://openalex.org/W3171124897,10.1038/s41418-021-00814-y,Molecular mechanisms of cell death in neurological diseases,"Tightly orchestrated programmed cell death (PCD) signalling events occur during normal neuronal development in a spatially and temporally restricted manner to establish the neural architecture and shaping the CNS. Abnormalities in PCD signalling cascades, such as apoptosis, necroptosis, pyroptosis, ferroptosis, and cell death associated with autophagy as well as in unprogrammed necrosis can be observed in the pathogenesis of various neurological diseases. These cell deaths can be activated in response to various forms of cellular stress (exerted by intracellular or extracellular stimuli) and inflammatory processes. Aberrant activation of PCD pathways is a common feature in neurodegenerative diseases, such as amyotrophic lateral sclerosis (ALS), Alzheimer's disease, Parkinson's disease, and Huntington's disease, resulting in unwanted loss of neuronal cells and function. Conversely, inactivation of PCD is thought to contribute to the development of brain cancers and to impact their response to therapy. For many neurodegenerative diseases and brain cancers current treatment strategies have only modest effect, engendering the need for investigations into the origins of these diseases. With many diseases of the brain displaying aberrations in PCD pathways, it appears that agents that can either inhibit or induce PCD may be critical components of future therapeutic strategies. The development of such therapies will have to be guided by preclinical studies in animal models that faithfully mimic the human disease. In this review, we briefly describe PCD and unprogrammed cell death processes and the roles they play in contributing to neurodegenerative diseases or tumorigenesis in the brain. We also discuss the interplay between distinct cell death signalling cascades and disease pathogenesis and describe pharmacological agents targeting key players in the cell death signalling pathways that have progressed through to clinical trials.",2021,neurology,neurology,True,,,Cell Death and Differentiation,cell death and differentiation,False,openalex,Diane Moujalled; Andreas Strasser; Jeffrey R. Liddell,https://doi.org/10.1038/s41418-021-00814-y,743,,,,34099897,,,,,,,True,cited_by_count>=405 (top 10.0%); cited_by_count>=405 (top 10.0%),10.1038/s41418-021-00814-y,,,False,0.025538042
https://openalex.org/W2748337949,10.1111/ene.13381,European Stroke Organization guideline for the diagnosis and treatment of cerebral venous thrombosis – endorsed by the European Academy of Neurology,"BACKGROUND AND PURPOSE: Current guidelines on cerebral venous thrombosis (CVT) diagnosis and management were issued by the European Federation of Neurological Societies in 2010. We aimed to update the previous European Federation of Neurological Societies guidelines using a clearer and evidence-based methodology. METHOD: We followed the Grading of Recommendations, Assessment, Development and Evaluation system, formulating relevant diagnostic and treatment questions, performing systematic reviews and writing recommendations based on the quality of available scientific evidence. RESULTS: We suggest using magnetic resonance or computed tomographic angiography for confirming the diagnosis of CVT and not routinely screening patients with CVT for thrombophilia or cancer. We recommend parenteral anticoagulation in acute CVT and decompressive surgery to prevent death due to brain herniation. We suggest preferentially using low-molecular-weight heparin in the acute phase and not direct oral anticoagulants. We suggest not using steroids and acetazolamide to reduce death or dependency. We suggest using antiepileptics in patients with an early seizure and supratentorial lesions to prevent further early seizures. We could not make recommendations concerning duration of anticoagulation after the acute phase, thrombolysis and/or thrombectomy, therapeutic lumbar puncture, and prevention of remote seizures with antiepileptic drugs. We suggest that, in women who have suffered a previous CVT, contraceptives containing oestrogens should be avoided. We suggest that subsequent pregnancies are safe, but use of prophylactic low-molecular-weight heparin should be considered throughout pregnancy and puerperium. CONCLUSIONS: Multicentre observational and experimental studies are needed to increase the level of evidence supporting recommendations on the diagnosis and management of CVT.",2017,neurology,neurology,True,,,European Journal of Neurology,european journal of neurology,False,openalex,José M. Ferro; M G Bousser; Patrícia Canhão; Jonathan M. Coutinho; Isabelle Crassard; Francesco Dentali; Matteo Nicola Dario Di Minno; Alberto Maino; Ida Martinelli; Florian Masuhr; Diana Aguiar de Sousa; J. Stam,https://doi.org/10.1111/ene.13381,732,,,,28833980,,,,,,,True,cited_by_count>=405 (top 10.0%); cited_by_count>=405 (top 10.0%),10.1111/ene.13381,,,False,0.008777644
https://openalex.org/W3084818633,10.1016/s1474-4422(20)30277-5,"Cognitive impairment in multiple sclerosis: clinical management, MRI, and therapeutic avenues",,2020,multiple sclerosis,neurology,True,,,The Lancet Neurology,the lancet neurology,False,openalex,Ralph H. B. Benedict; Maria Pia Amato; John DeLuca; Jeroen J.G. Geurts,https://www.ncbi.nlm.nih.gov/pmc/articles/10011205,727,,,,32949546,,,,,,,True,cited_by_count>=405 (top 10.0%); cited_by_count>=405 (top 10.0%),10.1016/s1474-4422(20)30277-5,,,False,-0.029314175
https://openalex.org/W2904483712,10.3389/fncel.2018.00488,Microglia in Neurological Diseases: A Road Map to Brain-Disease Dependent-Inflammatory Response,"Microglia represent a specialized population of macrophages-like cells in the central nervous system (CNS) considered immune sentinels that are capable of orchestrating a potent inflammatory response. Microglia are also involved in synaptic organization, trophic neuronal support during development, phagocytosis of apoptotic cells in the developing brain, myelin turnover, control of neuronal excitability, phagocytic debris removal as well as brain protection and repair. Microglial response is pathology dependent and affects to immune, metabolic. In this review, we will shed light on microglial activation depending on the disease context and the influence of factors such as aging, environment or cell-to-cell interaction.",2018,neurology,neurology,True,,,Frontiers in Cellular Neuroscience,frontiers in cellular neuroscience,True,openalex,Sara Bachiller; Itzia Jiménez-Ferrer; Agnes Paulus; Yiyi Yang; Maria Swanberg; Tomas Deierborg; Antonio Boza‐Serrano,https://doi.org/10.3389/fncel.2018.00488,726,,,,30618635,,,,,,,True,cited_by_count>=405 (top 10.0%); cited_by_count>=405 (top 10.0%),10.3389/fncel.2018.00488,,,False,-0.012177676
https://openalex.org/W2800663093,10.1002/epi4.12225,Optimal clinical management of children receiving dietary therapies for epilepsy: Updated recommendations of the International Ketogenic Diet Study Group,"Ketogenic dietary therapies (KDTs) are established, effective nonpharmacologic treatments for intractable childhood epilepsy. For many years KDTs were implemented differently throughout the world due to lack of consistent protocols. In 2009, an expert consensus guideline for the management of children on KDT was published, focusing on topics of patient selection, pre-KDT counseling and evaluation, diet choice and attributes, implementation, supplementation, follow-up, side events, and KDT discontinuation. It has been helpful in outlining a state-of-the-art protocol, standardizing KDT for multicenter clinical trials, and identifying areas of controversy and uncertainty for future research. Now one decade later, the organizers and authors of this guideline present a revised version with additional authors, in order to include recent research, especially regarding other dietary treatments, clarifying indications for use, side effects during initiation and ongoing use, value of supplements, and methods of KDT discontinuation. In addition, authors completed a survey of their institution's practices, which was compared to responses from the original consensus survey, to show trends in management over the last 10 years.",2018,epilepsy,neurology,True,,,Epilepsia Open,epilepsia open,True,openalex,Eric H. Kossoff; Beth Zupec‐Kania; Stéphane Auvin; Karen Ballaban‐Gil; Anna Bergqvist; Robyn Blackford; Jeffrey Buchhalter; Roberto Caraballo; J. Helen Cross; Maria Dahlin; Elizabeth Donner; Orkide Güzel; Rana Jehle; Joerg Klepper; Hoon‐Chul Kang; Danielle A.J.E. Lambrechts; Y.M. Christiana Liu; Janak Nathan; Douglas R. Nordli; Heidi H. Pfeifer; Jong M. Rho; Ingrid E. Scheffer; Suvasini Sharma; Carl E. Stafstrom; Elizabeth A. Thiele; Zahava Turner; María Vaccarezza; Elles van der Louw; Pierangelo Veggiotti; James W. Wheless; Elaine Wirrell; Matthew's Friends,https://doi.org/10.1002/epi4.12225,726,,,,29881797,,,,,,,True,cited_by_count>=405 (top 10.0%); cited_by_count>=405 (top 10.0%),10.1002/epi4.12225,,,False,0.040302504
https://openalex.org/W2591088516,10.1177/1352458517694432,New insights into the burden and costs of multiple sclerosis in Europe,"BACKGROUND: The current focus in multiple sclerosis (MS) is on early diagnosis and drug intervention, with a view to modifying disease progression. Consequently, healthcare costs have shifted from inpatient care and rehabilitation to outpatient care. OBJECTIVES: This European burden of illness study provides data that can be combined with other evidence to assess whether management approaches provide value to society. METHODS: A cross-sectional study was conducted in 16 countries. Patients reported on their disease, health-related quality of life (HRQoL) and resource consumption. Descriptive analyses were performed by disease severity. Costs are reported from a societal perspective in 2015€ PPP (adjusted for purchasing power parity). RESULTS: The 16,808 participants had a mean age of 51.5 years, and 52% had relapsing-remitting multiple sclerosis (RRMS). Work capacity declined from 82% to 8%, and utility declined from normal population values to less than zero with advancing disease. Mean costs were 22,800€ PPP in mild, 37,100€ PPP in moderate and 57,500€ PPP in severe disease; healthcare accounted for 68%, 47% and 26%, respectively. Fatigue and cognitive difficulties were reported by 95% and 71% of participants, respectively; both had a significant independent effect on utility. CONCLUSION: Costs and utility were highly correlated with disease severity, but resource consumption was heavily influenced by healthcare systems organisation and availability of services.",2017,multiple sclerosis,neurology,True,,,Multiple Sclerosis Journal,multiple sclerosis journal,False,openalex,Gisela Kobelt; Alan J. Thompson; Jenny Berg; Mia Gannedahl; Jennifer Eriksson; the MSCOI Study Group; the European Multiple Sclerosis Platform,https://doi.org/10.1177/1352458517694432,723,,,,28273775,,,,,,,True,cited_by_count>=405 (top 10.0%); cited_by_count>=405 (top 10.0%),10.1177/1352458517694432,,,False,0.026531562
https://openalex.org/W4292410795,10.1016/s2215-0366(22)00260-7,Neurological and psychiatric risk trajectories after SARS-CoV-2 infection: an analysis of 2-year retrospective cohort studies including 1 284 437 patients,"BACKGROUND: COVID-19 is associated with increased risks of neurological and psychiatric sequelae in the weeks and months thereafter. How long these risks remain, whether they affect children and adults similarly, and whether SARS-CoV-2 variants differ in their risk profiles remains unclear. METHODS: In this analysis of 2-year retrospective cohort studies, we extracted data from the TriNetX electronic health records network, an international network of de-identified data from health-care records of approximately 89 million patients collected from hospital, primary care, and specialist providers (mostly from the USA, but also from Australia, the UK, Spain, Bulgaria, India, Malaysia, and Taiwan). A cohort of patients of any age with COVID-19 diagnosed between Jan 20, 2020, and April 13, 2022, was identified and propensity-score matched (1:1) to a contemporaneous cohort of patients with any other respiratory infection. Matching was done on the basis of demographic factors, risk factors for COVID-19 and severe COVID-19 illness, and vaccination status. Analyses were stratified by age group (age <18 years [children], 18-64 years [adults], and ≥65 years [older adults]) and date of diagnosis. We assessed the risks of 14 neurological and psychiatric diagnoses after SARS-CoV-2 infection and compared these risks with the matched comparator cohort. The 2-year risk trajectories were represented by time-varying hazard ratios (HRs) and summarised using the 6-month constant HRs (representing the risks in the earlier phase of follow-up, which have not yet been well characterised in children), the risk horizon for each outcome (ie, the time at which the HR returns to 1), and the time to equal incidence in the two cohorts. We also estimated how many people died after a neurological or psychiatric diagnosis during follow-up in each age group. Finally, we compared matched cohorts of patients diagnosed with COVID-19 directly before and after the emergence of the alpha (B.1.1.7), delta (B.1.617.2), and omicron (B.1.1.529) variants. FINDINGS: We identified 1 487 712 patients with a recorded diagnosis of COVID-19 during the study period, of whom 1 284 437 (185 748 children, 856 588 adults, and 242 101 older adults; overall mean age 42·5 years [SD 21·9]; 741 806 [57·8%] were female and 542 192 [42·2%] were male) were adequately matched with an equal number of patients with another respiratory infection. The risk trajectories of outcomes after SARS-CoV-2 infection in the whole cohort differed substantially. While most outcomes had HRs significantly greater than 1 after 6 months (with the exception of encephalitis; Guillain-Barré syndrome; nerve, nerve root, and plexus disorder; and parkinsonism), their risk horizons and time to equal incidence varied greatly. Risks of the common psychiatric disorders returned to baseline after 1-2 months (mood disorders at 43 days, anxiety disorders at 58 days) and subsequently reached an equal overall incidence to the matched comparison group (mood disorders at 457 days, anxiety disorders at 417 days). By contrast, risks of cognitive deficit (known as brain fog), dementia, psychotic disorders, and epilepsy or seizures were still increased at the end of the 2-year follow-up period. Post-COVID-19 risk trajectories differed in children compared with adults: in the 6 months after SARS-CoV-2 infection, children were not at an increased risk of mood (HR 1·02 [95% CI 0·94-1·10) or anxiety (1·00 [0·94-1·06]) disorders, but did have an increased risk of cognitive deficit, insomnia, intracranial haemorrhage, ischaemic stroke, nerve, nerve root, and plexus disorders, psychotic disorders, and epilepsy or seizures (HRs ranging from 1·20 [1·09-1·33] to 2·16 [1·46-3·19]). Unlike adults, cognitive deficit in children had a finite risk horizon (75 days) and a finite time to equal incidence (491 days). A sizeable proportion of older adults who received a neurological or psychiatric diagnosis, in either cohort, subsequently died, especially those diagnosed with dementia or epilepsy or seizures. Risk profiles were similar just before versus just after the emergence of the alpha variant (n=47 675 in each cohort). Just after (vs just before) the emergence of the delta variant (n=44 835 in each cohort), increased risks of ischaemic stroke, epilepsy or seizures, cognitive deficit, insomnia, and anxiety disorders were observed, compounded by an increased death rate. With omicron (n=39 845 in each cohort), there was a lower death rate than just before emergence of the variant, but the risks of neurological and psychiatric outcomes remained similar. INTERPRETATION: This analysis of 2-year retrospective cohort studies of individuals diagnosed with COVID-19 showed that the increased incidence of mood and anxiety disorders was transient, with no overall excess of these diagnoses compared with other respiratory infections. In contrast, the increased risk of psychotic disorder, cognitive deficit, dementia, and epilepsy or seizures persisted throughout. The differing trajectories suggest a different pathogenesis for these outcomes. Children have a more benign overall profile of psychiatric risk than do adults and older adults, but their sustained higher risk of some diagnoses is of concern. The fact that neurological and psychiatric outcomes were similar during the delta and omicron waves indicates that the burden on the health-care system might continue even with variants that are less severe in other respects. Our findings are relevant to understanding individual-level and population-level risks of neurological and psychiatric disorders after SARS-CoV-2 infection and can help inform our responses to them. FUNDING: National Institute for Health and Care Research Oxford Health Biomedical Research Centre, The Wolfson Foundation, and MQ Mental Health Research.",2022,neurology,neurology,True,,,The Lancet Psychiatry,the lancet psychiatry,False,openalex,Maxime Taquet; Rebecca Sillett; Lena Zhu; Jacob Mendel; Isabella Camplisson; Quentin Dercon; Paul J. Harrison,https://doi.org/10.1016/s2215-0366(22)00260-7,717,,,,35987197,,,,,,,True,cited_by_count>=405 (top 10.0%); cited_by_count>=405 (top 10.0%),10.1016/s2215-0366(22)00260-7,,,False,0.02400864
https://openalex.org/W3137239897,10.1002/acn3.51350,Persistent neurologic symptoms and cognitive dysfunction in non‐hospitalized Covid‐19 “long haulers”,"Abstract Objective Most SARS‐CoV‐2‐infected individuals never require hospitalization. However, some develop prolonged symptoms. We sought to characterize the spectrum of neurologic manifestations in non‐hospitalized Covid‐19 “long haulers”. Methods This is a prospective study of the first 100 consecutive patients (50 SARS‐CoV‐2 laboratory‐positive (SARS‐CoV‐2 + ) and 50 laboratory‐negative (SARS‐CoV‐2 ‐ ) individuals) presenting to our Neuro‐Covid‐19 clinic between May and November 2020. Due to early pandemic testing limitations, patients were included if they met Infectious Diseases Society of America symptoms of Covid‐19, were never hospitalized for pneumonia or hypoxemia, and had neurologic symptoms lasting over 6 weeks. We recorded the frequency of neurologic symptoms and analyzed patient‐reported quality of life measures and standardized cognitive assessments. Results Mean age was 43.2 ± 11.3 years, 70% were female, and 48% were evaluated in televisits. The most frequent comorbidities were depression/anxiety (42%) and autoimmune disease (16%). The main neurologic manifestations were: “brain fog” (81%), headache (68%), numbness/tingling (60%), dysgeusia (59%), anosmia (55%), and myalgias (55%), with only anosmia being more frequent in SARS‐CoV‐2 + than SARS‐CoV‐2 ‐ patients (37/50 [74%] vs. 18/50 [36%]; p &lt; 0.001). Moreover, 85% also experienced fatigue. There was no correlation between time from disease onset and subjective impression of recovery. Both groups exhibited impaired quality of life in cognitive and fatigue domains. SARS‐CoV‐2 + patients performed worse in attention and working memory cognitive tasks compared to a demographic‐matched US population (T‐score 41.5 [37, 48.25] and 43 [37.5, 48.75], respectively; both p &lt; 0.01). Interpretation Non‐hospitalized Covid‐19 “long haulers” experience prominent and persistent “brain fog” and fatigue that affect their cognition and quality of life.",2021,neurology,neurology,True,,,Annals of Clinical and Translational Neurology,annals of clinical and translational neurology,True,openalex,Edith L. Graham; Jeffrey R. Clark; Zachary S. Orban; Patrick H. Lim; April L. Szymanski; Carolyn Taylor; Rebecca DiBiase; Dan Jia; Roumen Balabanov; Sam U. Ho; Ayush Batra; Eric M. Liotta; Igor J. Koralnik,https://doi.org/10.1002/acn3.51350,705,,,,,,,,,,,True,cited_by_count>=405 (top 10.0%); cited_by_count>=405 (top 10.0%),10.1002/acn3.51350,,,False,-0.019786634
https://openalex.org/W2743692336,10.15585/mmwr.mm6631a1,"National and State Estimates of the Numbers of Adults and Children with Active Epilepsy — United States, 2015","Epilepsy, a brain disorder leading to recurring seizures, has garnered increased public health focus because persons with epilepsy experience pronounced and persistent health and socioeconomic disparities despite treatment advances, public awareness programs, and expanded rights for persons with disabilities (1,2). For almost all states, epilepsy prevalence estimates do not exist. CDC used national data sources including the 2015 National Health Interview Survey (NHIS) for adults (aged ≥18 years), the 2011-2012 National Survey of Children's Health (NSCH), and the 2015 Current Population Survey data, describing 2014 income levels, to estimate prevalent cases of active epilepsy, overall and by state, to provide information for state public health planning. In 2015, 1.2% of the U.S. population (3.4 million persons: 3 million adults and 470,000 children) reported active epilepsy (self-reported doctor-diagnosed epilepsy and under treatment or with recent seizures within 12 months of interview) or current epilepsy (parent-reported doctor-diagnosed epilepsy and current epilepsy). Estimated numbers of persons with active epilepsy, after accounting for income and age differences by state, ranged from 5,900 in Wyoming to 427,700 in California. NHIS data from 2010-2015 indicate increases in the number of persons with active epilepsy, probably because of population growth. This study provides updated national and modeled state-specific numbers of active epilepsy cases. Public health practitioners, health care providers, policy makers, epilepsy researchers, and other epilepsy stakeholders, including family members and people with epilepsy, can use these findings to ensure that evidence-based programs meet the complex needs of adults and children with epilepsy and reduce the disparities resulting from it.",2017,epilepsy,neurology,True,,,MMWR Morbidity and Mortality Weekly Report,mmwr morbidity and mortality weekly report,False,openalex,Matthew M. Zack; Rosemarie Kobau,https://doi.org/10.15585/mmwr.mm6631a1,703,,,,28796763,,,,,,,True,cited_by_count>=405 (top 10.0%); cited_by_count>=405 (top 10.0%),10.15585/mmwr.mm6631a1,,,False,0.07339594
https://openalex.org/W1763205699,10.1002/ana.24497,Clinical and pathological insights into the dynamic nature of the white matter multiple sclerosis plaque,"OBJECTIVE: An extensive analysis of white matter plaques in a large sample of multiple sclerosis (MS) autopsies provides insights into the dynamic nature of MS pathology. METHODS: One hundred twenty MS cases (1,220 tissue blocks) were included. Plaque types were classified according to demyelinating activity based on stringent criteria. Early active, late active, smoldering, inactive, and shadow plaques were distinguished. A total of 2,476 MS white matter plaques were identified. Plaque type distribution was analyzed in relation to clinical data. RESULTS: Active plaques were most often found in early disease, whereas at later stages, smoldering, inactive, and shadow plaques predominated. The presence of early active plaques rapidly declined with disease duration. Plaque type distribution differed significantly by clinical course. The majority of plaques in acute monophasic and relapsing-remitting MS (RRMS) were active. Among secondary progressive MS (SPMS) cases with attacks, all plaque types could be distinguished including active plaques, in contrast to SPMS without attacks, in which inactive plaques predominated. Smoldering plaques were frequently and almost exclusively found in progressive MS. At 47 years of age, an equilibrium was observed between active and inactive plaques, whereas smoldering plaques began to peak. Men displayed a higher proportion of smoldering plaques. INTERPRETATION: Disease duration, clinical course, age, and gender contribute to the dynamic nature of white matter MS pathology. Active MS plaques predominate in acute and early RRMS and are the likely substrate of clinical attacks. Progressive MS transitions to an accumulation of smoldering plaques characterized by microglial activation and slow expansion of pre-existing plaques. Whether current MS therapeutics impact this pathological driver of disease progression remains uncertain.",2015,multiple sclerosis,neurology,True,,,Annals of Neurology,annals of neurology,False,openalex,Josa M. Frischer; Stephen D. Weigand; Yong Guo; Nilüfer Kale; Joseph E. Parisi; Istvan Pirko; Jay Mandrekar; Stephan Bramow; Imke Metz; Wolfgang Brück; Hans Lassmann; Claudia F. Lucchinetti,https://resolver.sub.uni-goettingen.de/purl?gro-2/35550,701,,,,26239536,,,,,,,True,cited_by_count>=405 (top 10.0%); cited_by_count>=405 (top 10.0%),10.1002/ana.24497,,,False,-0.01912742
https://openalex.org/W2787204655,10.1177/1352458517751049,ECTRIMS/EAN Guideline on the pharmacological treatment of people with multiple sclerosis,"BACKGROUND: Multiple sclerosis (MS) is a complex disease with new drugs becoming available in the past years. There is a need for a reference tool compiling current data to aid professionals in treatment decisions. OBJECTIVES: To develop an evidence-based clinical practice guideline for the pharmacological treatment of people with MS. METHODS: This guideline has been developed using the Grading of Recommendations Assessment, Development and Evaluation (GRADE) methodology and following the updated EAN recommendations. Clinical questions were formulated in Patients-Intervention-Comparator-Outcome (PICO) format and outcomes were prioritized. The quality of evidence was rated into four categories according to the risk of bias. The recommendations with assigned strength (strong and weak) were formulated based on the quality of evidence and the risk-benefit balance. Consensus between the panelists was reached by use of the modified nominal group technique. RESULTS: A total of 10 questions were agreed, encompassing treatment efficacy, response criteria, strategies to address suboptimal response and safety concerns and treatment strategies in MS and pregnancy. The guideline takes into account all disease-modifying drugs approved by the European Medicine Agency (EMA) at the time of publication. A total of 21 recommendations were agreed by the guideline working group after three rounds of consensus. CONCLUSION: The present guideline will enable homogeneity of treatment decisions across Europe.",2018,multiple sclerosis,neurology,True,,,Multiple Sclerosis Journal,multiple sclerosis journal,False,openalex,Xavier Montalbán; Ralf Gold; Alan J. Thompson; Susana Otero-Romero; Maria Pia Amato; Dhia Chandraratna; M. Clanet; Gıancarlo Comı; Tobias Derfuß; Franz Fazekas; Hans Hartung; Eva Havrdová; Bernhard Hemmer; Ludwig Kappos; Roland Liblau; Catherine Lubetzki; Elena Marcus; David H. Miller; Tomas Olsson; Steve Pilling; Krzysztof Selmaj; Aksel Sıva; Per Soelberg Sørensen; Maria Pia Sormani; Christoph Thalheim; Heinz Wiendl; Frauke Zipp,https://doi.org/10.1177/1352458517751049,699,,,,29353550,,,,,,,True,cited_by_count>=405 (top 10.0%); cited_by_count>=405 (top 10.0%),10.1177/1352458517751049,,,False,0.073070735
https://openalex.org/W2498582720,10.1016/s1474-4422(16)30158-2,"Sudden unexpected death in epilepsy: epidemiology, mechanisms, and prevention",,2016,epilepsy,neurology,False,,,The Lancet Neurology,the lancet neurology,False,openalex,Orrin Devinsky; Dale C. Hesdorffer; David J. Thurman; Samden D. Lhatoo; George B. Richerson,,695,,,,27571159,,,,,,,True,cited_by_count>=405 (top 10.0%); cited_by_count>=405 (top 10.0%),10.1016/s1474-4422(16)30158-2,,,False,-0.059246182
https://openalex.org/W2804721038,10.1186/s12974-018-1192-7,The role of inflammation in the development of epilepsy,"Epilepsy, a neurological disease characterized by recurrent seizures, is often associated with a history of previous lesions in the nervous system. Impaired regulation of the activation and resolution of inflammatory cells and molecules in the injured neuronal tissue is a critical factor to the development of epilepsy. However, it is still unclear as to how that unbalanced regulation of inflammation contributes to epilepsy. Therefore, one of the goals in epilepsy research is to identify and elucidate the interconnected inflammatory pathways in systemic and neurological disorders that may further develop epilepsy progression. In this paper, inflammatory molecules, in neurological and systemic disorders (rheumatoid arthritis, Crohn's, Type I Diabetes, etc.) that could contribute to epilepsy development, are reviewed.Understanding the neurobiology of inflammation in epileptogenesis will contribute to the development of new biomarkers for better screening of patients at risk for epilepsy and new therapeutic targets for both prophylaxis and treatment of epilepsy.",2018,epilepsy,neurology,True,,,Journal of Neuroinflammation,journal of neuroinflammation,True,openalex,Amna Rana; Alberto E. Musto,https://doi.org/10.1186/s12974-018-1192-7,692,,,,29764485,,,,,,,True,cited_by_count>=405 (top 10.0%); cited_by_count>=405 (top 10.0%),10.1186/s12974-018-1192-7,,,False,-0.005199369
https://openalex.org/W2562977489,10.1007/s00401-016-1653-y,An updated histological classification system for multiple sclerosis lesions,,2016,multiple sclerosis,neurology,False,,,Acta Neuropathologica,acta neuropathologica,False,openalex,Tanja Kuhlmann; Samuel K. Ludwin; Alexandre Prat; Jack P. Antel; Wolfgang Brück; Hans Lassmann,,691,,,,27988845,,,,,,,True,cited_by_count>=405 (top 10.0%); cited_by_count>=405 (top 10.0%),10.1007/s00401-016-1653-y,,,False,0.014143084
https://openalex.org/W2558115423,10.1016/j.jns.2016.11.067,Prevalence of depression and anxiety in Multiple Sclerosis: A systematic review and meta-analysis,,2016,multiple sclerosis,neurology,True,,,Journal of the Neurological Sciences,journal of the neurological sciences,False,openalex,Rosa E. Boeschoten; Annemarie Braamse; Aartjan T.F. Beekman; Pim Cuijpers; Patricia van Oppen; Joost Dekker; Bernard M.J. Uitdehaag,https://doi.org/10.1016/j.jns.2016.11.067,689,,,,28017241,,,,,,,True,cited_by_count>=405 (top 10.0%); cited_by_count>=405 (top 10.0%),10.1016/j.jns.2016.11.067,,,False,0.045109734
https://openalex.org/W3163926470,10.1212/nxi.0000000000001014,Updated Diagnostic Criteria for Paraneoplastic Neurologic Syndromes,"OBJECTIVE: The contemporary diagnosis of paraneoplastic neurologic syndromes (PNSs) requires an increasing understanding of their clinical, immunologic, and oncologic heterogeneity. The 2004 PNS criteria are partially outdated due to advances in PNS research in the last 16 years leading to the identification of new phenotypes and antibodies that have transformed the diagnostic approach to PNS. Here, we propose updated diagnostic criteria for PNS. METHODS: A panel of experts developed by consensus a modified set of diagnostic PNS criteria for clinical decision making and research purposes. The panel reappraised the 2004 criteria alongside new knowledge on PNS obtained from published and unpublished data generated by the different laboratories involved in the project. RESULTS: The panel proposed to substitute ""classical syndromes"" with the term ""high-risk phenotypes"" for cancer and introduce the concept of ""intermediate-risk phenotypes."" The term ""onconeural antibody"" was replaced by ""high risk"" (>70% associated with cancer) and ""intermediate risk"" (30%-70% associated with cancer) antibodies. The panel classified 3 levels of evidence for PNS: definite, probable, and possible. Each level can be reached by using the PNS-Care Score, which combines clinical phenotype, antibody type, the presence or absence of cancer, and time of follow-up. With the exception of opsoclonus-myoclonus, the diagnosis of definite PNS requires the presence of high- or intermediate-risk antibodies. Specific recommendations for similar syndromes triggered by immune checkpoint inhibitors are also provided. CONCLUSIONS: The proposed criteria and recommendations should be used to enhance the clinical care of patients with PNS and to encourage standardization of research initiatives addressing PNS.",2021,neurology,neurology,True,,,Neurology Neuroimmunology & Neuroinflammation,neurology neuroimmunology & neuroinflammation,True,openalex,Francesc Graus; Alberto Vogrig; Sergio Muñiz‐Castrillo; Jean-Christophe G. Antoine; Virginie Desestret; Divyanshu Dubey; Bruno Giometto; Sarosh R. Irani; Bastien Joubert; Frank Leypoldt; Andrew McKeon; Harald Prüß; Dimitri Psimaras; Laure Thomas; Maarten J. Titulaer; Christian A. Vedeler; Jan J.G.M. Verschuuren; Josep Dalmau; Jérôme Honnorat,https://doi.org/10.1212/nxi.0000000000001014,688,,,,34006622,,,,,,,True,cited_by_count>=405 (top 10.0%); cited_by_count>=405 (top 10.0%),10.1212/nxi.0000000000001014,,,False,0.03760001
https://openalex.org/W3047302551,10.1056/nejmoa1917246,Ofatumumab versus Teriflunomide in Multiple Sclerosis,"BACKGROUND: Ofatumumab, a subcutaneous anti-CD20 monoclonal antibody, selectively depletes B cells. Teriflunomide, an oral inhibitor of pyrimidine synthesis, reduces T-cell and B-cell activation. The relative effects of these two drugs in patients with multiple sclerosis are not known. METHODS: In two double-blind, double-dummy, phase 3 trials, we randomly assigned patients with relapsing multiple sclerosis to receive subcutaneous ofatumumab (20 mg every 4 weeks after 20-mg loading doses at days 1, 7, and 14) or oral teriflunomide (14 mg daily) for up to 30 months. The primary end point was the annualized relapse rate. Secondary end points included disability worsening confirmed at 3 months or 6 months, disability improvement confirmed at 6 months, the number of gadolinium-enhancing lesions per T1-weighted magnetic resonance imaging (MRI) scan, the annualized rate of new or enlarging lesions on T2-weighted MRI, serum neurofilament light chain levels at month 3, and change in brain volume. RESULTS: Overall, 946 patients were assigned to receive ofatumumab and 936 to receive teriflunomide; the median follow-up was 1.6 years. The annualized relapse rates in the ofatumumab and teriflunomide groups were 0.11 and 0.22, respectively, in trial 1 (difference, -0.11; 95% confidence interval [CI], -0.16 to -0.06; P<0.001) and 0.10 and 0.25 in trial 2 (difference, -0.15; 95% CI, -0.20 to -0.09; P<0.001). In the pooled trials, the percentage of patients with disability worsening confirmed at 3 months was 10.9% with ofatumumab and 15.0% with teriflunomide (hazard ratio, 0.66; P = 0.002); the percentage with disability worsening confirmed at 6 months was 8.1% and 12.0%, respectively (hazard ratio, 0.68; P = 0.01); and the percentage with disability improvement confirmed at 6 months was 11.0% and 8.1% (hazard ratio, 1.35; P = 0.09). The number of gadolinium-enhancing lesions per T1-weighted MRI scan, the annualized rate of lesions on T2-weighted MRI, and serum neurofilament light chain levels, but not the change in brain volume, were in the same direction as the primary end point. Injection-related reactions occurred in 20.2% in the ofatumumab group and in 15.0% in the teriflunomide group (placebo injections). Serious infections occurred in 2.5% and 1.8% of the patients in the respective groups. CONCLUSIONS: Among patients with multiple sclerosis, ofatumumab was associated with lower annualized relapse rates than teriflunomide. (Funded by Novartis; ASCLEPIOS I and II ClinicalTrials.gov numbers, NCT02792218 and NCT02792231.).",2020,multiple sclerosis,neurology,True,,,New England Journal of Medicine,new england journal of medicine,False,openalex,Stephen L. Hauser; Amit Bar‐Or; Jeffrey Cohen; Gıancarlo Comı; Jorge Correale; Patricia K. Coyle; Anne H. Cross; de Sèze; David Leppert; Xavier Montalbán; Krzysztof Selmaj; Heinz Wiendl; Cécile Kerloëguen; Roman Willi; Bingbing Li; Algirdas Kakarieka; Davorka Tomic; Alexandra Goodyear; Ratnakar Pingili; Dieter A. Häring; Krishnan Ramanathan; Martin Merschhemke; Ludwig Kappos,https://doi.org/10.1056/nejmoa1917246,687,,,,32757523,,,,,,,True,cited_by_count>=405 (top 10.0%); cited_by_count>=405 (top 10.0%),10.1056/nejmoa1917246,,,False,-0.057565656
https://openalex.org/W2620266814,10.1093/brain/awx113,Loss of ‘homeostatic’ microglia and patterns of their activation in active multiple sclerosis,"Microglia and macrophages accumulate at the sites of active demyelination and neurodegeneration in the multiple sclerosis brain and are thought to play a central role in the disease process. We used recently described markers to characterize the origin and functional states of microglia/macrophages in acute, relapsing and progressive multiple sclerosis. We found microglia activation in normal white matter of controls and that the degree of activation increased with age. This microglia activation was more pronounced in the normal-appearing white matter of patients in comparison to controls and increased with disease duration. In contrast to controls, the normal-appearing white matter of patients with multiple sclerosis showed a significant reduction of P2RY12, a marker expressed in homeostatic microglia in rodents, which was completely lost in active and slowly expanding lesions. Early stages of demyelination and neurodegeneration in active lesions contained microglia with a pro-inflammatory phenotype, which expressed molecules involved in phagocytosis, oxidative injury, antigen presentation and T cell co-stimulation. In later stages, the microglia and macrophages in active lesions changed to a phenotype that was intermediate between pro- and anti-inflammatory activation. In inactive lesions, the density of microglia/macrophages was significantly reduced and microglia in part converted to a P2RY12+ phenotype. Analysis of TMEM119, which is expressed on microglia but not on recruited macrophages, demonstrated that on average 45% of the macrophage-like cells in active lesions were derived from the resident microglia pool. Our study demonstrates the loss of the homeostatic microglial signature in active multiple sclerosis with restoration associated with disease inactivity.",2017,multiple sclerosis,neurology,True,,,Brain,brain,False,openalex,Tobias Zrzavy; Simon Hametner; Isabella Wimmer; Oleg Butovsky; Howard L. Weiner; Hans Lassmann,https://doi.org/10.1093/brain/awx113,687,,,,28541408,,,,,,,True,cited_by_count>=405 (top 10.0%); cited_by_count>=405 (top 10.0%),10.1093/brain/awx113,,,False,0.01674649
https://openalex.org/W2626436891,10.22074/cellj.2016.4867,"Multiple Sclerosis: Pathogenesis, Symptoms, Diagnoses and Cell-Based Therapy.","Multiple sclerosis (MS) is a chronic inflammatory disease characterized by central nervous system (CNS) lesions that can lead to severe physical or cognitive disability as well as neurological defects. Although the etiology and pathogenesis of MS remains unclear, the present documents illustrate that the cause of MS is multifactorial and include genetic predisposition together with environmental factors such as exposure to infectious agents, vitamin deficiencies, and smoking. These agents are able to trigger a cascade of events in the immune system which lead to neuronal cell death accompanied by nerve demyelination and neuronal dysfunction. Conventional therapies for MS are based on the use of anti-inflammatory and immunomodulatory drugs, but these treatments are not able to stop the destruction of nerve tissue. Thus, other strategies such as stem cell transplantation have been proposed for the treatment of MS. Overall, it is important that neurologists be aware of current information regarding the pathogenesis, etiology, diagnostic criteria, and treatment of MS. Thus, this issue has been discussed according to recent available information.",2016,multiple sclerosis,neurology,True,,,PubMed,pubmed,False,openalex,Nazem Ghasemi; Shahnaz Razavi; Elham Nikzad,https://doaj.org/article/5633ef82a00b4c57a2b148297ae81aa3,685,,,,28367411,,,,,,,True,cited_by_count>=405 (top 10.0%); cited_by_count>=405 (top 10.0%),10.22074/cellj.2016.4867,,,False,0.015431689
https://openalex.org/W2553410079,10.1016/s0140-6736(16)30959-x,Diagnosis of multiple sclerosis: progress and challenges,,2016,multiple sclerosis,neurology,True,,,The Lancet,the lancet,False,openalex,Wallace Brownlee; Todd A. Hardy; Franz Fazekas; David H. Miller,https://discovery.ucl.ac.uk/id/eprint/1501109/,682,,,,27889190,,,,,,,True,cited_by_count>=405 (top 10.0%); cited_by_count>=405 (top 10.0%),10.1016/s0140-6736(16)30959-x,,,False,-0.007660026
https://openalex.org/W3008714035,10.1111/ene.14151,European Academy of Neurology guideline on the diagnosis of coma and other disorders of consciousness,"BACKGROUND AND PURPOSE: Patients with acquired brain injury and acute or prolonged disorders of consciousness (DoC) are challenging. Evidence to support diagnostic decisions on coma and other DoC is limited but accumulating. This guideline provides the state-of-the-art evidence regarding the diagnosis of DoC, summarizing data from bedside examination techniques, functional neuroimaging and electroencephalography (EEG). METHODS: Sixteen members of the European Academy of Neurology (EAN) Scientific Panel on Coma and Chronic Disorders of Consciousness, representing 10 European countries, reviewed the scientific evidence for the evaluation of coma and other DoC using standard bibliographic measures. Recommendations followed the Grading of Recommendations Assessment, Development and Evaluation (GRADE) system. The guideline was endorsed by the EAN. RESULTS: Besides a comprehensive neurological examination, the following suggestions are made: probe for voluntary eye movements using a mirror; repeat clinical assessments in the subacute and chronic setting, using the Coma Recovery Scale - Revised; use the Full Outline of Unresponsiveness score instead of the Glasgow Coma Scale in the acute setting; obtain clinical standard EEG; search for sleep patterns on EEG, particularly rapid eye movement sleep and slow-wave sleep; and, whenever feasible, consider positron emission tomography, resting state functional magnetic resonance imaging (fMRI), active fMRI or EEG paradigms and quantitative analysis of high-density EEG to complement behavioral assessment in patients without command following at the bedside. CONCLUSIONS: Standardized clinical evaluation, EEG-based techniques and functional neuroimaging should be integrated for multimodal evaluation of patients with DoC. The state of consciousness should be classified according to the highest level revealed by any of these three approaches.",2020,neurology,neurology,True,,,European Journal of Neurology,european journal of neurology,False,openalex,"Daniel Kondziella; Andreas Bender; Karin Diserens; Willemijn S. van Erp; Anna Estraneo; Rita Formisano; Steven Laureys; Lionel Naccache; Şerefnur Öztürk; Benjamin Rohaut; Jacobo Sitt; Johan Stender; Marjaana Tiainen; Andrea O. Rossetti; Olivia Gosseries; Camille Chatelle; the EAN Panel on Coma, Disorders of Consciousness",https://doi.org/10.1111/ene.14151,676,,,,32090418,,,,,,,True,cited_by_count>=405 (top 10.0%); cited_by_count>=405 (top 10.0%),10.1111/ene.14151,,,False,0.060925484
https://openalex.org/W3010897008,10.7759/cureus.7352,Neurological Complications of Coronavirus Disease (COVID-19): Encephalopathy,Coronavirus disease 2019 (COVID-19) is a pandemic. Neurological complications of COVID-19 have not been reported. Encephalopathy has not been described as a presenting symptom or complication of COVID-19. We report a case of a 74-year-old patient who traveled from Europe to the United States and presented with encephalopathy and COVID-19.,2020,neurology,neurology,True,,,Cureus,cureus,True,openalex,Asia Filatov; Pamraj Sharma; Fawzi Hindi; Patricio S Espinosa,https://doi.org/10.7759/cureus.7352,675,,,,32328364,,,,,,,True,cited_by_count>=405 (top 10.0%); cited_by_count>=405 (top 10.0%),10.7759/cureus.7352,,,False,-0.0257537
https://openalex.org/W2885518311,10.1002/adma.201801362,Overcoming the Blood–Brain Barrier: The Role of Nanomaterials in Treating Neurological Diseases,"Therapies directed toward the central nervous system remain difficult to translate into improved clinical outcomes. This is largely due to the blood-brain barrier (BBB), arguably the most tightly regulated interface in the human body, which routinely excludes most therapeutics. Advances in the engineering of nanomaterials and their application in biomedicine (i.e., nanomedicine) are enabling new strategies that have the potential to help improve our understanding and treatment of neurological diseases. Herein, the various mechanisms by which therapeutics can be delivered to the brain are examined and key challenges facing translation of this research from benchtop to bedside are highlighted. Following a contextual overview of the BBB anatomy and physiology in both healthy and diseased states, relevant therapeutic strategies for bypassing and crossing the BBB are discussed. The focus here is especially on nanomaterial-based drug delivery systems and the potential of these to overcome the biological challenges imposed by the BBB. Finally, disease-targeting strategies and clearance mechanisms are explored. The objective is to provide the diverse range of researchers active in the field (e.g., material scientists, chemists, engineers, neuroscientists, and clinicians) with an easily accessible guide to the key opportunities and challenges currently facing the nanomaterial-mediated treatment of neurological diseases.",2018,neurology,neurology,True,,,Advanced Materials,advanced materials,False,openalex,Denzil Furtado; Mattias Björnmalm; Scott Ayton; Ashley I. Bush; Kristian Kempe; Frank Caruso,https://doi.org/10.1002/adma.201801362,675,,,,30066406,,,,,,,True,cited_by_count>=405 (top 10.0%); cited_by_count>=405 (top 10.0%),10.1002/adma.201801362,,,False,0.08979267
https://openalex.org/W1969682776,10.1016/s1474-4422(14)70267-4,Environmental risk factors and multiple sclerosis: an umbrella review of systematic reviews and meta-analyses,,2015,multiple sclerosis,neurology,False,,,The Lancet Neurology,the lancet neurology,False,openalex,Lazaros Belbasis; Vanesa Bellou; Εvangelos Εvangelou; John P. A. Ioannidis; Ioanna Tzoulaki,,674,,,,25662901,,,,,,,True,cited_by_count>=405 (top 10.0%); cited_by_count>=405 (top 10.0%),10.1016/s1474-4422(14)70267-4,,,False,0.09242623
https://openalex.org/W4213294877,10.1001/jama.2022.1025,"Effect of Intra-arrest Transport, Extracorporeal Cardiopulmonary Resuscitation, and Immediate Invasive Assessment and Treatment on Functional Neurologic Outcome in Refractory Out-of-Hospital Cardiac Arrest","Importance: Out-of-hospital cardiac arrest (OHCA) has poor outcome. Whether intra-arrest transport, extracorporeal cardiopulmonary resuscitation (ECPR), and immediate invasive assessment and treatment (invasive strategy) is beneficial in this setting remains uncertain. Objective: To determine whether an early invasive approach in adults with refractory OHCA improves neurologically favorable survival. Design, Setting, and Participants: Single-center, randomized clinical trial in Prague, Czech Republic, of adults with a witnessed OHCA of presumed cardiac origin without return of spontaneous circulation. A total of 256 participants, of a planned sample size of 285, were enrolled between March 2013 and October 2020. Patients were observed until death or day 180 (last patient follow-up ended on March 30, 2021). Interventions: In the invasive strategy group (n = 124), mechanical compression was initiated, followed by intra-arrest transport to a cardiac center for ECPR and immediate invasive assessment and treatment. Regular advanced cardiac life support was continued on-site in the standard strategy group (n = 132). Main Outcomes and Measures: The primary outcome was survival with a good neurologic outcome (defined as Cerebral Performance Category [CPC] 1-2) at 180 days after randomization. Secondary outcomes included neurologic recovery at 30 days (defined as CPC 1-2 at any time within the first 30 days) and cardiac recovery at 30 days (defined as no need for pharmacological or mechanical cardiac support for at least 24 hours). Results: The trial was stopped at the recommendation of the data and safety monitoring board when prespecified criteria for futility were met. Among 256 patients (median age, 58 years; 44 [17%] women), 256 (100%) completed the trial. In the main analysis, 39 patients (31.5%) in the invasive strategy group and 29 (22.0%) in the standard strategy group survived to 180 days with good neurologic outcome (odds ratio [OR], 1.63 [95% CI, 0.93 to 2.85]; difference, 9.5% [95% CI, -1.3% to 20.1%]; P = .09). At 30 days, neurologic recovery had occurred in 38 patients (30.6%) in the invasive strategy group and in 24 (18.2%) in the standard strategy group (OR, 1.99 [95% CI, 1.11 to 3.57]; difference, 12.4% [95% CI, 1.9% to 22.7%]; P = .02), and cardiac recovery had occurred in 54 (43.5%) and 45 (34.1%) patients, respectively (OR, 1.49 [95% CI, 0.91 to 2.47]; difference, 9.4% [95% CI, -2.5% to 21%]; P = .12). Bleeding occurred more frequently in the invasive strategy vs standard strategy group (31% vs 15%, respectively). Conclusions and Relevance: Among patients with refractory out-of-hospital cardiac arrest, the bundle of early intra-arrest transport, ECPR, and invasive assessment and treatment did not significantly improve survival with neurologically favorable outcome at 180 days compared with standard resuscitation. However, the trial was possibly underpowered to detect a clinically relevant difference. Trial Registration: ClinicalTrials.gov Identifier: NCT01511666.",2022,neurology,neurology,True,,,JAMA,jama,False,openalex,Jan Bělohlávek; Jana Šmalcová; Daniel Rob; Ondřej Franěk; Ondřej Šmíd; Milana Pokorná; J Horák; Vratislav Mrázek; Tomáš Kovárník; David Zemánek; Aleš Král; Štěpán Havránek; Petra Kaválková; Lucie Kompelentova; Helena Tomková; Alan Mejstrik; Jaroslav Valasek; David Peřan; Jaroslav Pekara; Jan Rulíšek; Martin Balík; Michal Huptych; Jiří Jarkovský; Jan Malík; Anna Valeriánová; František Mlejnský; Petr Kolouch; Petra Havránková; Dan Romportl; Arnošt Komárek; Aleš Linhart; Prague OHCA Study Group; Michael Aschermann; Petr Jeřábek; Michal Paďour; Jan Šimek; Michal Otáhal; Marek Flaksa; Ilona Lálová; Markéta Hubatová; Michal Pořízka; Hana Skalická,https://www.ncbi.nlm.nih.gov/pmc/articles/8864504,666,,,,35191923,,,,,,,True,cited_by_count>=405 (top 10.0%); cited_by_count>=405 (top 10.0%),10.1001/jama.2022.1025,,,False,0.029334128
https://openalex.org/W2951560273,10.1038/s41586-019-1404-z,Neuronal vulnerability and multilineage diversity in multiple sclerosis,,2019,multiple sclerosis,neurology,True,,,Nature,nature,False,openalex,Lucas Schirmer; Dmitry Velmeshev; Staffan Holmqvist; Max Kaufmann; Sebastian Werneburg; Diane Jung; Stephanie Vistnes; John H. Stockley; Adam M. H. Young; M. Steindel; Brian Tung; Nitasha Goyal; Aparna Bhaduri; Simone Mayer; Jan Broder Engler; Omer Ali Bayraktar; Robin J.M. Franklin; Maximilian Haeussler; Richard Reynolds; Dorothy P. Schafer; Manuel A. Friese; Lawrence R. Shiow; Arnold R. Kriegstein; David H. Rowitch,https://doi.org/10.17863/cam.40837,663,,,,31316211,,,,,,,True,cited_by_count>=405 (top 10.0%); cited_by_count>=405 (top 10.0%),10.1038/s41586-019-1404-z,,,False,-0.029115953
https://openalex.org/W3025947666,10.1016/j.clineuro.2020.105921,Neurological manifestations of COVID-19 and other coronavirus infections: A systematic review,,2020,neurology,neurology,True,,,Clinical Neurology and Neurosurgery,clinical neurology and neurosurgery,False,openalex,Víctor Montalván; J. Lee; Tulio Bueso; John De Toledo; Karla M. Rico Rivas,https://www.ncbi.nlm.nih.gov/pmc/articles/7227498,660,,,,32422545,,,,,,,True,cited_by_count>=405 (top 10.0%); cited_by_count>=405 (top 10.0%),10.1016/j.clineuro.2020.105921,,,False,-0.055028193
https://openalex.org/W2569531558,10.1016/j.neubiorev.2017.01.002,Using deep learning to investigate the neuroimaging correlates of psychiatric and neurological disorders: Methods and applications,"Deep learning (DL) is a family of machine learning methods that has gained considerable attention in the scientific community, breaking benchmark records in areas such as speech and visual recognition. DL differs from conventional machine learning methods by virtue of its ability to learn the optimal representation from the raw data through consecutive nonlinear transformations, achieving increasingly higher levels of abstraction and complexity. Given its ability to detect abstract and complex patterns, DL has been applied in neuroimaging studies of psychiatric and neurological disorders, which are characterised by subtle and diffuse alterations. Here we introduce the underlying concepts of DL and review studies that have used this approach to classify brain-based disorders. The results of these studies indicate that DL could be a powerful tool in the current search for biomarkers of psychiatric and neurologic disease. We conclude our review by discussing the main promises and challenges of using DL to elucidate brain-based disorders, as well as possible directions for future research.",2017,neurology,neurology,True,,,Neuroscience & Biobehavioral Reviews,neuroscience & biobehavioral reviews,False,openalex,Sandra Vieira; Walter Hugo Lopez Pinaya; Andrea Mechelli,https://doi.org/10.1016/j.neubiorev.2017.01.002,651,,,,28087243,,,,,,,True,cited_by_count>=405 (top 10.0%); cited_by_count>=405 (top 10.0%),10.1016/j.neubiorev.2017.01.002,,,False,0.012223819
https://openalex.org/W1991623258,10.1001/jama.2014.17426,Resective Epilepsy Surgery for Drug-Resistant Focal Epilepsy,"IMPORTANCE: Epilepsy surgery is indicated for patients with focal seizures who do not respond to appropriate antiepileptic drug therapy consisting of 2 or more medications. OBJECTIVES: To review resective surgery outcomes for focal epilepsy, to identify which patients benefit the most, and to discuss why epilepsy surgery may not be universally accepted. EVIDENCE REVIEW: Medline and Cochrane databases were searched between January 1993 and June 2014 for randomized clinical trials, meta-analyses, systematic reviews, and large retrospective case series (>300 patients) using Medical Subject Headings and indexed text terms. Fifty-five articles were included. Subpopulations and prognostic factors were identified. Systematic reviews for cognitive, psychiatric, quality-of-life, and psychosocial outcomes were included. FINDINGS: Two randomized clinical trials enrolling 118 patients with temporal lobe epilepsy found greater freedom from seizures with surgery when compared with continued medical treatment (58% vs 8% [n = 80] and 73% vs 0% [n = 38], P < .001). Nine systematic reviews and 2 large case series of medically refractory patients treated with surgery reported seizure-free outcomes in 34% to 74% of patients (median, 62.4%). The remainder of systematic reviews and meta-analyses examined subpopulations. Epilepsy surgery was less effective when there were extratemporal lesions, the epilepsy was not associated with a structural lesion, or both. Seizure-free outcomes were similar between children and adults. Hippocampal sclerosis and benign tumors were associated with better outcomes relative to other pathologies. Similar procedures such as selective amygdalohippocampectomy and temporal lobectomy for temporal lobe epilepsy were associated with subtle differences in seizure and neuropsychological outcome. There is low perioperative mortality (0.1%-0.5%) from epilepsy surgery. The most frequent neurologic complication is visual field defect occurring from temporal lobe resection. Quality of life improved after surgery but improved the most in patients who were seizure-free after surgery. CONCLUSIONS AND RELEVANCE: Epilepsy surgery reduced seizure activity in randomized clinical trials when compared with continued medical therapy. Long-term cognitive, psychiatric, psychosocial, and quality-of-life outcomes were less well defined. Despite good outcomes from high-quality clinical trials, referrals of patients with seizures refractory to medical treatment remain infrequent.",2015,epilepsy,neurology,False,,,JAMA,jama,False,openalex,Barbara C. Jobst; Gregory D. Cascino,,650,,,,25602999,,,,,,,True,cited_by_count>=405 (top 10.0%); cited_by_count>=405 (top 10.0%),10.1001/jama.2014.17426,,,False,-0.06565867
https://openalex.org/W4387445706,10.1016/s1474-4422(23)00277-6,Pragmatic solutions to reduce the global burden of stroke: a World Stroke Organization–Lancet Neurology Commission,,2023,neurology,neurology,True,,,The Lancet Neurology,the lancet neurology,False,openalex,Valery L. Feigin; Mayowa Owolabi; Valery L. Feigin; Foad Abd-Allah; Rufus Akinyemi; Natalia V. Bhattacharjee; Michael Brainin; Jackie Cao; Valeria Caso; Bronte Dalton; Alan Davis; Robert J. Dempsey; Joseph Duprey; Wuwei Feng; Gary A. Ford; Seana Gall; Dorcas B.C. Gandhi; David C. Good; Vladimir Hachinski; Werner Hacke; Graeme J. Hankey; Marie Ishida; Walter D. Johnson; Julie Kim; Pablo M. Lavados; Patrice Lindsay; Ajay Mahal; Sheila Martins; Christopher J L Murray; Thuy Phuong Nguyen; Bo Norrving; Muideen T. Olaiya; Oladotun Olalusi; Jeyaraj Pandian; Hoang Phan; Thomas Platz; Annemarei Ranta; Sabah Rehman; Greg Roth; Ivy Sebastian; Amanda Smith; Nijasri C. Suwanwela; PN Sylaja; Rajshree Thapa; Amanda G. Thrift; Ezinne Uvere; Stein Emil Vollset; Dileep R. Yavagal; Joseph Yaria; Mayowa Owolabi; Mayowa Owolabi; Valery L. Feigin; Foad Abd-Allah; Semaw Ferede Abera; Rufus Akinyemi; Michael Brainin; Valeria Caso; Robert J. Dempsey; Gary A. Ford; Seana Gall; Dorcas B.C. Gandhi; Vladimir Hachinski; Werner Hacke; Graeme J. Hankey; Norlinah Mohamed Ibrahim; Walter D. Johnson; Pablo M. Lavados; Liping Liu; Patrice Lindsay; Sheila Martins; Bo Norrving; Muideen T. Olaiya; Bruce Ovbiagele; Jeyaraj Pandian; Hoang Phan; М. А. Пирадов; Thomas Platz; Annemarei Ranta; Greg Roth; Ivy Sebastian; Nijasri C. Suwanwela; PN Sylaja; Amanda G. Thrift; Ezinne Uvere; Joseph Yaria; Carlos Abanto; Adamu Addissie; Amos O. Adeleye; Yerzhan Adilbekov; B. Adilbekova; Thierry Adoukonou; Diana Aguiar de Sousa; З Б Ахметжанова; Albert Akpalu; Mustapha El Alaoui-Faris; Sebastián F. Ameriso; Silva Andonova; Anita Arsovska; Folorunso E Awoniyi; Moiz Bakhiet,https://doi.org/10.1016/s1474-4422(23)00277-6,646,,,,37827183,,,,,,,True,cited_by_count>=405 (top 10.0%); cited_by_count>=405 (top 10.0%),10.1016/s1474-4422(23)00277-6,,,False,0.08920477
https://openalex.org/W2909270098,10.3389/fimmu.2018.03116,Pathogenic Mechanisms Associated With Different Clinical Courses of Multiple Sclerosis,"In the majority of patients multiple sclerosis starts with a relapsing remitting disease (RRMS), which may at later times transform into secondary progressive disease (SPMS). In a minority of patients the relapsing remitting disease is skipped and the patients show progression from the onset (primary progressive MS, PPMS). Evidence obtained so far indicate major differences between RRMS and progressive MS, but no essential differences between SPMS and PPMS, with the exception of a lower incidence in the global load of focal white matter lesions and in particular in the presence of classical active plaques. We suggest that in MS patients two types of inflammation occur, which develop in parallel but partially independent from each other. The first is the focal bulk invasion of T- and B-lymphocytes with profound blood brain barrier leakage, which predominately affects the white matter and which gives rise to classical active demyelinated plaques. The other type of inflammation is a slow accumulation of T-cells and B-cells in the absence of major blood brain barrier damage in the connective tissue spaces of the brain, such as the meninges and the large perivascular Virchow Robin spaces, where they may form aggregates or in most severe cases structures in part resembling tertiary lymph follicles. This type of inflammation is associated with the formation of subpial demyelinated lesions in the cerebral and cerebellar cortex, with slow expansion of pre-existing lesions in the white matter and with diffuse neurodegeneration in the normal appearing white or grey matter. The first type of inflammation dominates in acute and relapsing MS. The second type of inflammation is already present in early stages of MS, but gradually increases with disease duration and patient age. CD8+ T-lymphocytes remain in the brain and spinal cord as tissue resident cells, which focally propagate neuroinflammation, when they re-encounter their cognate antigen. B-lymphocytes appear to propagate demyelination and neurodegeneration, most likely by producing soluble neurotoxic factors. Key open questions in MS research are the identification of the target antigen recognized by tissue resident CD8+ T-cells and B-cells and the molecular nature of the soluble inflammatory mediators, which trigger tissue damage.",2019,multiple sclerosis,neurology,True,,,Frontiers in Immunology,frontiers in immunology,True,openalex,Hans Lassmann,https://doi.org/10.3389/fimmu.2018.03116,644,,,,30687321,,,,,,,True,cited_by_count>=405 (top 10.0%); cited_by_count>=405 (top 10.0%),10.3389/fimmu.2018.03116,,,False,-0.0726207
https://openalex.org/W2898372989,10.3389/fncel.2018.00386,Neurologic Alterations Due to Respiratory Virus Infections,"Central Nervous System (CNS) infections are one of the most critical problems in public health, as frequently patients exhibit neurologic sequelae. Usually, CNS pathologies are caused by known neurotropic viruses such as measles virus (MV), herpes virus and human immunodeficiency virus (HIV), among others. However, nowadays respiratory viruses have placed themselves as relevant agents responsible for CNS pathologies. Among these neuropathological viruses are the human respiratory syncytial virus (hRSV), the influenza virus (IV), the coronavirus (CoV) and the human metapneumovirus (hMPV). These viral agents are leading causes of acute respiratory infections every year affecting mainly children under 5 years old and also the elderly. Up to date, several reports have described the association between respiratory viral infections with neurological symptoms. The most frequent clinical manifestations described in these patients are febrile or afebrile seizures, status epilepticus, encephalopathies and encephalitis. All these viruses have been found in cerebrospinal fluid (CSF), which suggests that all these pathogens, once in the lungs, can spread throughout the body and eventually reach the CNS. The current knowledge about the mechanisms and routes used by these neuro-invasive viruses remains scarce. In this review article, we describe the most recent findings associated to neurologic complications, along with data about the possible invasion routes of these viruses in humans and their various effects on the CNS, as studied in animal models.",2018,neurology,neurology,True,,,Frontiers in Cellular Neuroscience,frontiers in cellular neuroscience,True,openalex,Karen Böhmwald; Nicolás M. S. Gálvez; Mariana Ríos; Alexis M. Kalergis,https://doi.org/10.3389/fncel.2018.00386,643,,,,30416428,,,,,,,True,cited_by_count>=405 (top 10.0%); cited_by_count>=405 (top 10.0%),10.3389/fncel.2018.00386,,,False,-0.052831598
https://openalex.org/W3171747481,10.1016/s1474-4422(21)00095-8,2021 MAGNIMS–CMSC–NAIMS consensus recommendations on the use of MRI in patients with multiple sclerosis,,2021,multiple sclerosis,neurology,True,,,The Lancet Neurology,the lancet neurology,False,openalex,Mike P. Wattjes; Olga Ciccarelli; Daniel S. Reich; Brenda Banwell; Nicola De Stefano; Christian Enzinger; Franz Fazekas; Massimo Filippi; Jette Lautrup Frederiksen; Claudio Gasperini; Yael Hacohen; Ludwig Kappos; David K.B. Li; Kshitij Mankad; Xavier Montalbán; Scott D. Newsome; Jiwon Oh; Jacqueline Palace; Maria A. Rocca; Jaume Sastre‐Garriga; Mar Tintoré; Anthony Traboulsee; Hugo Vrenken; Tarek Yousry; Frederik Barkhof; Àlex Rovira; Mike P. Wattjes; Olga Ciccarelli; Nicola De Stefano; Christian Enzinger; Franz Fazekas; Massimo Filippi; Jette Lautrup Frederiksen; Claudio Gasperini; Yael Hacohen; Ludwig Kappos; Kshitij Mankad; Xavier Montalbán; Jacqueline Palace; Maria A. Rocca; Jaume Sastre‐Garriga; Mar Tintoré; Hugo Vrenken; Tarek Yousry; Frederik Barkhof; Àlex Rovira; David K.B. Li; Anthony Traboulsee; Scott D. Newsome; Brenda Banwell; Jiwon Oh; Daniel S. Reich; Daniel S. Reich; Jiwon Oh,https://discovery.ucl.ac.uk/id/eprint/10130296/,634,,,,34139157,,,,,,,True,cited_by_count>=405 (top 10.0%); cited_by_count>=405 (top 10.0%),10.1016/s1474-4422(21)00095-8,,,False,0.06853818
https://openalex.org/W3095385778,10.1001/jamaneurol.2020.4152,Burden of Neurological Disorders Across the US From 1990-2017,"Importance: Accurate and up-to-date estimates on incidence, prevalence, mortality, and disability-adjusted life-years (burden) of neurological disorders are the backbone of evidence-based health care planning and resource allocation for these disorders. It appears that no such estimates have been reported at the state level for the US. Objective: To present burden estimates of major neurological disorders in the US states by age and sex from 1990 to 2017. Design, Setting, and Participants: This is a systematic analysis of the Global Burden of Disease (GBD) 2017 study. Data on incidence, prevalence, mortality, and disability-adjusted life-years (DALYs) of major neurological disorders were derived from the GBD 2017 study of the 48 contiguous US states, Alaska, and Hawaii. Fourteen major neurological disorders were analyzed: stroke, Alzheimer disease and other dementias, Parkinson disease, epilepsy, multiple sclerosis, motor neuron disease, migraine, tension-type headache, traumatic brain injury, spinal cord injuries, brain and other nervous system cancers, meningitis, encephalitis, and tetanus. Exposures: Any of the 14 listed neurological diseases. Main Outcome and Measure: Absolute numbers in detail by age and sex and age-standardized rates (with 95% uncertainty intervals) were calculated. Results: The 3 most burdensome neurological disorders in the US in terms of absolute number of DALYs were stroke (3.58 [95% uncertainty interval [UI], 3.25-3.92] million DALYs), Alzheimer disease and other dementias (2.55 [95% UI, 2.43-2.68] million DALYs), and migraine (2.40 [95% UI, 1.53-3.44] million DALYs). The burden of almost all neurological disorders (in terms of absolute number of incident, prevalent, and fatal cases, as well as DALYs) increased from 1990 to 2017, largely because of the aging of the population. Exceptions for this trend included traumatic brain injury incidence (-29.1% [95% UI, -32.4% to -25.8%]); spinal cord injury prevalence (-38.5% [95% UI, -43.1% to -34.0%]); meningitis prevalence (-44.8% [95% UI, -47.3% to -42.3%]), deaths (-64.4% [95% UI, -67.7% to -50.3%]), and DALYs (-66.9% [95% UI, -70.1% to -55.9%]); and encephalitis DALYs (-25.8% [95% UI, -30.7% to -5.8%]). The different metrics of age-standardized rates varied between the US states from a 1.2-fold difference for tension-type headache to 7.5-fold for tetanus; southeastern states and Arkansas had a relatively higher burden for stroke, while northern states had a relatively higher burden of multiple sclerosis and eastern states had higher rates of Parkinson disease, idiopathic epilepsy, migraine and tension-type headache, and meningitis, encephalitis, and tetanus. Conclusions and Relevance: There is a large and increasing burden of noncommunicable neurological disorders in the US, with up to a 5-fold variation in the burden of and trends in particular neurological disorders across the US states. The information reported in this article can be used by health care professionals and policy makers at the national and state levels to advance their health care planning and resource allocation to prevent and reduce the burden of neurological disorders.",2020,neurology,neurology,True,,,JAMA Neurology,jama neurology,False,openalex,GBD 2017 US Neurological Disorders Collaborators; Valery L. Feigin; Theo Vos; Fares Alahdab; Arianna Maever L. Amit; Till Bärnighausen; Ettore Beghi; Mahya Beheshti; Prachi P. Chavan; Michael H. Criqui; Rupak Desai; Samath Dhamminda Dharmaratne; E. Ray Dorsey; Arielle Wilder Eagan; Islam Y. Elgendy; Irina Filip; Simona Giampaoli; Giorgia Giussani; Nima Hafezi‐Nejad; Michael K. Hole; Takayoshi Ikeda; Catherine O. Johnson; Rizwan Suliankatchi Abdulkader; Khaled Khatab; Jagdish Khubchandani; Daniel Kim; Walter J. Koroshetz; Vijay Krishnamoorthy; Rita Krishnamurthi; Xuefeng Liu; Warren Lo; Giancarlo Logroscino; George A. Mensah; Ted R. Miller; Salahuddin Mohammed; Ali H. Mokdad; Maziar Moradi‐Lakeh; Shane D. Morrison; Veeresh Kumar N. Shivamurthy; Mohsen Naghavi; Emma Nichols; Bo Norrving; Christopher M Odell; Elisabetta Pupillo; Amir Radfar; Gregory A. Roth; Azadeh Shafieesabet; Aziz Sheikh; Sara Sheikhbahaei; Jae Il Shin; Jasvinder A. Singh; Timothy J. Steiner; Lars Jacob Stovner; Mitchell T. Wallin; Jordan Weiss; Chenkai Wu; Joseph R. Zunt; Jaimie D. Adelson; Christopher J L Murray,https://doi.org/10.1001/jamaneurol.2020.4152,622,,,,33136137,,,,,,,True,cited_by_count>=405 (top 10.0%); cited_by_count>=405 (top 10.0%),10.1001/jamaneurol.2020.4152,,,False,0.11720012
https://openalex.org/W3010923525,10.1016/j.cell.2020.02.035,Propionic Acid Shapes the Multiple Sclerosis Disease Course by an Immunomodulatory Mechanism,,2020,multiple sclerosis,neurology,True,,,Cell,cell,False,openalex,Alexander Duscha; Barbara Gisevius; Sarah Hirschberg; Nissan Yissachar; Gabriele I. Stangl; Eva Dawin; Verian Bader; Stefanie Haase; Johannes Kaisler; Christina David; Ruth Schneider; Riccardo Troisi; Daniel Zent; Tobias Hegelmaier; Nikolaos Dokalis; Sara Gerstein; Sara Del Mare-Roumani; Sivan Amidror; Ori Staszewski; Gereon Poschmann; Kai Stühler; Frank Hirche; András Balogh; Stefan Kempa; Pascal Träger; Mario M. Zaiss; Jacob Bak Holm; Megan G. Massa; Henrik Bjørn Nielsen; Andréas Faissner; Carsten Lukas; Sören Gatermann; Markus Scholz; H. Przuntek; Marco Prinz; Sofia K. Forslund; Konstanze F. Winklhofer; Dominik N. Müller; Ralf A. Linker; Ralf Gold; Aiden Haghikia,https://doi.org/10.1016/j.cell.2020.02.035,619,,,,32160527,,,,,,,True,cited_by_count>=405 (top 10.0%); cited_by_count>=405 (top 10.0%),10.1016/j.cell.2020.02.035,,,False,-0.03406509
https://openalex.org/W2922242162,10.1111/ene.13950,European Academy of Neurology guideline on trigeminal neuralgia,"BACKGROUND AND PURPOSE: Trigeminal neuralgia (TN) is an extremely painful condition which can be difficult to diagnose and treat. In Europe, TN patients are managed by many different specialities. Therefore, there is a great need for comprehensive European guidelines for the management of TN. The European Academy of Neurology asked an expert panel to develop recommendations for a series of questions that are essential for daily clinical management of patients with TN. METHODS: A systematic review of the literature was performed and recommendations was developed based on GRADE, where feasible; if not, a good practice statement was given. RESULTS: The use of the most recent classification system is recommended, which diagnoses TN as primary TN, either classical or idiopathic depending on the degree of neurovascular contact, or as secondary TN caused by pathology other than neurovascular contact. Magnetic resonance imaging (MRI), using a combination of three high-resolution sequences, should be performed as part of the work-up in TN patients, because no clinical characteristics can exclude secondary TN. If MRI is not possible, trigeminal reflexes can be used. Neurovascular contact plays an important role in primary TN, but demonstration of a neurovascular contact should not be used to confirm the diagnosis of TN. Rather, it may help to decide if and when a patient should be referred for microvascular decompression. In acute exacerbations of pain, intravenous infusion of fosphenytoin or lidocaine can be used. For long-term treatment, carbamazepine or oxcarbazepine are recommended as drugs of first choice. Lamotrigine, gabapentin, botulinum toxin type A, pregabalin, baclofen and phenytoin may be used either alone or as add-on therapy. It is recommended that patients should be offered surgery if pain is not sufficiently controlled medically or if medical treatment is poorly tolerated. Microvascular decompression is recommended as first-line surgery in patients with classical TN. No recommendation can be given for choice between any neuroablative treatments or between them and microvascular decompression in patients with idiopathic TN. Neuroablative treatments should be the preferred choice if MRI does not demonstrate any neurovascular contact. Treatment for patients with secondary TN should in general follow the same principles as for primary TN. In addition to medical and surgical management, it is recommended that patients are offered psychological and nursing support. CONCLUSIONS: Compared with previous TN guidelines, there are important changes regarding diagnosis and imaging. These allow better characterization of patients and help in decision making regarding the planning of medical and surgical management. Recommendations on pharmacological and surgical management have been updated. There is a great need for future research on all aspects of TN, including pathophysiology and management.",2019,neurology,neurology,True,,,European Journal of Neurology,european journal of neurology,False,openalex,Lars Bendtsen; Joanna M. Zakrzewska; Jeremy Abbott; Mark Braschinsky; Giulia Di Stefano; Anne Donnet; Per Kristian Eide; Paulo Roberto Lacerda Leal; Stine Maarbjerg; A. May; Turo Nurmikko; Mark Obermann; Troels S. Jensen; G. Cruccu,https://doi.org/10.1111/ene.13950,618,,,,30860637,,,,,,,True,cited_by_count>=405 (top 10.0%); cited_by_count>=405 (top 10.0%),10.1111/ene.13950,,,False,0.060585156
https://openalex.org/W4213362614,10.1038/s41573-022-00390-x,Function and therapeutic value of astrocytes in neurological diseases,,2022,neurology,neurology,True,,,Nature Reviews Drug Discovery,nature reviews drug discovery,False,openalex,Hong‐Gyun Lee; Michael A. Wheeler; Francisco J. Quintana,http://hdl.handle.net/10554/70041,618,,,,35173313,,,,,,,True,cited_by_count>=405 (top 10.0%); cited_by_count>=405 (top 10.0%),10.1038/s41573-022-00390-x,,,False,0.058718674
https://openalex.org/W3091396307,10.1016/s2468-2667(20)30190-0,The burden of neurological diseases in Europe: an analysis for the Global Burden of Disease Study 2017,"BACKGROUND: Neurological disorders account for a large and increasing health burden worldwide, as shown in the Global Burden of Diseases (GBD) Study 2016. Unpacking how this burden varies regionally and nationally is important to inform public health policy and prevention strategies. The population in the EU is older than that of the WHO European region (western, central, and eastern Europe) and even older than the global population, suggesting that it might be particularly vulnerable to an increasing burden of age-related neurological disorders. We aimed to compare the burden of neurological disorders in the EU between 1990 and 2017 with those of the WHO European region and worldwide. METHODS: The burden of neurological disorders was calculated for the year 2017 as incidence, prevalence, mortality, disability-adjusted life-years (DALYs), years of life lost, and years lived with disability for the countries in the EU and the WHO European region, totally and, separately. Diseases analysed were Alzheimer's disease and other dementias, epilepsy, headache (migraine and tension-type headache), multiple sclerosis, Parkinson's disease, brain cancer, motor neuron diseases, neuroinfectious diseases, and stroke. Data are presented as totals and by sex, age, year, location and socio-demographic context, and shown as counts and rates. FINDINGS: In 2017, the total number of DALYs attributable to neurological disorders was 21·0 million (95% uncertainty interval 18·5-23·9) in the EU and 41·1 million (36·7-45·9) in the WHO European region, and the total number of deaths was 1·1 million (1·09-1·14) in the EU and 1·97 million (1·95-2·01) in the WHO European region. In the EU, neurological disorders ranked third after cardiovascular diseases and cancers representing 13·3% (10·3-17·1) of total DALYs and 19·5% (18·0-21·3) of total deaths. Stroke, dementias, and headache were the three commonest causes of DALYs in the EU. Stroke was also the leading cause of DALYs in the WHO European region. During the study period we found a substantial increase in the all-age burden of neurodegenerative diseases, despite a substantial decrease in the rates of stroke and infections. The burden of neurological disorders in Europe was higher in men than in women, peaked in individuals aged 80-84 years, and varied substantially with WHO European region and country. All-age DALYs, deaths, and prevalence of neurological disorders increased in all-age measures, but decreased when using age-standardised measures in all but three countries (Azerbaijan, Turkmenistan, and Uzbekistan). The decrease was mostly attributed to the reduction of premature mortality despite an overall increase in the number of DALYs. INTERPRETATION: Neurological disorders are the third most common cause of disability and premature death in the EU and their prevalence and burden will likely increase with the progressive ageing of the European population. Greater attention to neurological diseases must be paid by health authorities for prevention and care. The data presented here suggest different priorities for health service development and resource allocation in different countries. FUNDING: European Academy of Neurology.",2020,neurology,neurology,True,,,The Lancet Public Health,the lancet public health,True,openalex,Günther Deuschl; Ettore Beghi; Franz Fazekas; Tímea Varga; Kalliopi A Christoforidi; Eveline Sipido; Claudio L. Bassetti; Theo Vos; Valery L. Feigin,https://doi.org/10.1016/s2468-2667(20)30190-0,616,,,,33007212,,,,,,,True,cited_by_count>=405 (top 10.0%); cited_by_count>=405 (top 10.0%),10.1016/s2468-2667(20)30190-0,,,False,0.10420914
https://openalex.org/W2100428079,10.1016/s1474-4422(15)00069-1,Neurological and neuropsychiatric aspects of tuberous sclerosis complex,,2015,neurology,neurology,False,,,The Lancet Neurology,the lancet neurology,False,openalex,Paolo Curatolo; Romina Moavero; Petrus J. de Vries,,612,,,,26067126,,,,,,,True,cited_by_count>=405 (top 10.0%); cited_by_count>=405 (top 10.0%),10.1016/s1474-4422(15)00069-1,,,False,-0.11309455
https://openalex.org/W2905137679,10.1038/s41582-018-0112-x,Myelin oligodendrocyte glycoprotein antibodies in neurological disease,,2018,neurology,neurology,False,,,Nature Reviews Neurology,nature reviews neurology,False,openalex,Markus Reindl; Patrick Waters,,611,,,,30559466,,,,,,,True,cited_by_count>=405 (top 10.0%); cited_by_count>=405 (top 10.0%),10.1038/s41582-018-0112-x,,,False,0.020995695
https://openalex.org/W3033968144,10.1001/jamaneurol.2020.1568,Contribution of Relapse-Independent Progression vs Relapse-Associated Worsening to Overall Confirmed Disability Accumulation in Typical Relapsing Multiple Sclerosis in a Pooled Analysis of 2 Randomized Clinical Trials,"Importance: Accumulation of disability in multiple sclerosis may occur as relapse-associated worsening (RAW) or steady progression independent of relapse activity (PIRA), with PIRA regarded as a feature of primary and secondary progressive multiple sclerosis. Objective: To investigate the contributions of relapse-associated worsening vs relapse-independent progression to overall confirmed disability accumulation (CDA) and assess respective baseline prognostic factors and outcomes of 2 treatments. Design, Setting, and Participants: Analyses occurred from July 2015 to February 2020 on pooled data from the intention-to-treat population of 2 identical, phase 3, multicenter, double-blind, double-dummy, parallel-group randomized clinical trials (OPERA I and II) conducted between August 2011 and April 2015. In the trials, patients with relapsing multiple sclerosis (RMS), diagnosed using the 2010 revised McDonald criteria, were randomized from 307 trial sites in 56 countries; resulting data were analyzed in the pooled data set. Interventions: Participants were randomized 1:1 to receive 600 mg of ocrelizumab by intravenous infusion every 24 weeks or subcutaneous interferon β-1a 3 times a week at a dose of 44 μg throughout a 96-week treatment period. Main Outcomes and Measures: Confirmed disability accumulation was defined by an increase in 1 or more of 3 measures (Expanded Disability Status Scale, timed 25-ft walk, or 9-hole peg test), confirmed after 3 or 6 months, and classified per temporal association with confirmed clinical relapses (PIRA or RAW). Results: In the pooled OPERA I and II population (1656 of 2096 eligible participants), baseline demographics and disease characteristics were similar for patients randomized to interferon β-1a vs ocrelizumab (mean [SD] age, 37.2 [9.2] vs 37.1 [9.2] years; 552 [66.6%] vs 541 women [65.4%]). After 96 weeks, 12-week composite CDA had occurred in 223 (29.6% by Kaplan-Meier estimate) randomized to interferon β-1a and 167 (21.1%) randomized to ocrelizumab; 24-week composite CDA had occurred in 170 (22.7%) taking interferon β-1a and 129 (16.2%) taking ocrelizumab. The PIRA events were the main contributors to 12-week and 24-week composite CDA after 96 weeks in patients treated with interferon β-1a (174 of 223 [78.0%] and 137 of 170 [80.6%], respectively) and ocrelizumab (147 of 167 [88.0%] and 115 of 129 [89.1%], respectively); a minority had CDA explained by RAW events (69 of 390 [17.7%] and 52 of 299 [17.4%], respectively). Very few patients with composite CDA experienced both RAW and PIRA events (17 of 390 [4.4%] for 12-week and 15 of 299 [5.0%] for 24-week composite CDA). Ocrelizumab (vs interferon β-1a) was associated with reduced risk of composite CDA (hazard ratio [HR], 0.67) and confirmed PIRA (HR, 0.78) and RAW (HR, 0.47) events. Conclusions and Relevance: Most disability accumulation in RMS is not associated with overt relapses. This indicates an underlying progression in this typical RMS population and challenges the current clinical distinction of relapsing and progressive forms of multiple sclerosis. Ocrelizumab was superior to interferon β-1a in preventing both RAW and PIRA. Trial Registration: ClinicalTrials.gov Identifiers: OPERA I (NCT01247324) and OPERA II (NCT01412333).",2020,multiple sclerosis,neurology,True,,,JAMA Neurology,jama neurology,False,openalex,Ludwig Kappos; Jerry S. Wolinsky; Gavin Giovannoni; Douglas L. Arnold; Qing Wang; Corrado Bernasconi; Fabian Model; Harold Koendgen; Marianna Manfrini; Shibeshih Belachew; Stephen L. Hauser,https://doi.org/10.1001/jamaneurol.2020.1568,603,,,,32511687,,,,,,,True,cited_by_count>=405 (top 10.0%); cited_by_count>=405 (top 10.0%),10.1001/jamaneurol.2020.1568,,,False,-0.028848348
https://openalex.org/W3047035166,10.1001/jama.2020.11586,Determination of Brain Death/Death by Neurologic Criteria,"IMPORTANCE: There are inconsistencies in concept, criteria, practice, and documentation of brain death/death by neurologic criteria (BD/DNC) both internationally and within countries. OBJECTIVE: To formulate a consensus statement of recommendations on determination of BD/DNC based on review of the literature and expert opinion of a large multidisciplinary, international panel. PROCESS: Relevant international professional societies were recruited to develop recommendations regarding determination of BD/DNC. Literature searches of the Cochrane, Embase, and MEDLINE databases included January 1, 1992, through April 2020 identified pertinent articles for review. Because of the lack of high-quality data from randomized clinical trials or large observational studies, recommendations were formulated based on consensus of contributors and medical societies that represented relevant disciplines, including critical care, neurology, and neurosurgery. EVIDENCE SYNTHESIS: Based on review of the literature and consensus from a large multidisciplinary, international panel, minimum clinical criteria needed to determine BD/DNC in various circumstances were developed. RECOMMENDATIONS: Prior to evaluating a patient for BD/DNC, the patient should have an established neurologic diagnosis that can lead to the complete and irreversible loss of all brain function, and conditions that may confound the clinical examination and diseases that may mimic BD/DNC should be excluded. Determination of BD/DNC can be done with a clinical examination that demonstrates coma, brainstem areflexia, and apnea. This is seen when (1) there is no evidence of arousal or awareness to maximal external stimulation, including noxious visual, auditory, and tactile stimulation; (2) pupils are fixed in a midsize or dilated position and are nonreactive to light; (3) corneal, oculocephalic, and oculovestibular reflexes are absent; (4) there is no facial movement to noxious stimulation; (5) the gag reflex is absent to bilateral posterior pharyngeal stimulation; (6) the cough reflex is absent to deep tracheal suctioning; (7) there is no brain-mediated motor response to noxious stimulation of the limbs; and (8) spontaneous respirations are not observed when apnea test targets reach pH <7.30 and Paco2 ≥60 mm Hg. If the clinical examination cannot be completed, ancillary testing may be considered with blood flow studies or electrophysiologic testing. Special consideration is needed for children, for persons receiving extracorporeal membrane oxygenation, and for those receiving therapeutic hypothermia, as well as for factors such as religious, societal, and cultural perspectives; legal requirements; and resource availability. CONCLUSIONS AND RELEVANCE: This report provides recommendations for the minimum clinical standards for determination of brain death/death by neurologic criteria in adults and children with clear guidance for various clinical circumstances. The recommendations have widespread international society endorsement and can serve to guide professional societies and countries in the revision or development of protocols and procedures for determination of brain death/death by neurologic criteria, leading to greater consistency within and between countries.",2020,neurology,neurology,False,,,JAMA,jama,False,openalex,David M. Greer; Sam D. Shemie; Ariane Lewis; Sylvia Torrance; Panayiotis N. Varelas; Fernando D. Goldenberg; James L. Bernat; Michael J. Souter; Mehmet Akif Topçuoğlu; Anne W. Alexandrov; Marie R. Baldisseri; Thomas P. Bleck; Giuseppe Citerio; Rosanne Dawson; Arnold Hoppe; Stephen Jacobe; Alex Manara; Thomas A. Nakagawa; Thaddeus Mason Pope; William Silvester; David Thomson; Hussain Al Rahma; Rafael Badenes; Andrew Baker; Vladimír Černý; Cherylee W. J. Chang; Tiffany Chang; E. V. Gnedovskaya; Moon‐Ku Han; Stephen Honeybul; Edgar Jiménez; Yasuhiro Kuroda; Gang Liu; Uzzwal Kumar Mallick; Victoria Marquevich; Jorge Mejía-Mantilla; М. А. Пирадов; Sarah Quayyum; Gentle Sunder Shrestha; Ying-Ying Su; Shelly D. Timmons; Jeanne Teitelbaum; Walter Videtta; Kapil Zirpe; Gene Sung,,601,,,,32761206,,,,,,,True,cited_by_count>=405 (top 10.0%); cited_by_count>=405 (top 10.0%),10.1001/jama.2020.11586,,,False,0.060129017
https://openalex.org/W2482792965,10.1038/nrgastro.2016.107,The bowel and beyond: the enteric nervous system in neurological disorders,,2016,neurology,neurology,True,,,Nature Reviews Gastroenterology & Hepatology,nature reviews gastroenterology & hepatology,False,openalex,Meenakshi Rao; Michael D. Gershon,https://www.ncbi.nlm.nih.gov/pmc/articles/5005185,600,,,,27435372,,,,,,,True,cited_by_count>=405 (top 10.0%); cited_by_count>=405 (top 10.0%),10.1038/nrgastro.2016.107,,,False,0.026966559
https://openalex.org/W2896455370,10.1097/wco.0000000000000622,Multiple sclerosis: clinical aspects,"PURPOSE OF REVIEW: Multiple sclerosis is a chronic, predominantly immune-mediated disease of the central nervous system, and one of the most common causes of neurological disability in young adults globally. This review will discuss the epidemiology, diagnosis, disease course, and prognosis of multiple sclerosis and will focus on recent evidence and advances in these aspects of the disease. RECENT FINDINGS: Multiple sclerosis is increasing in incidence and prevalence globally, even in traditionally low-prevalence regions of the world. Recent revisions have been proposed to the existing multiple sclerosis diagnostic criteria, which will facilitate earlier diagnosis and treatment in appropriate patients. Classifying multiple sclerosis into distinct disease phenotypes can be challenging, and recent refinements have been proposed to clarify existing definitions. The prognosis of multiple sclerosis varies substantially across individual patients, and a combination of clinical, imaging, and laboratory markers can be useful in predicting clinical course and optimizing treatment in individual patients. SUMMARY: A number of recent advances have been made in the clinical diagnosis and prognostication of multiple sclerosis patients. Future research will enable the development of more accurate biomarkers of disease categorization and prognosis, which will enable timely personalized treatment in individual multiple sclerosis patients.",2018,multiple sclerosis,neurology,True,,,Current Opinion in Neurology,current opinion in neurology,False,openalex,Jiwon Oh; Ángela Vidal‐Jordana; Xavier Montalbán,https://repositorio.ufms.br/handle/123456789/4900,597,,,,30300239,,,,,,,True,cited_by_count>=405 (top 10.0%); cited_by_count>=405 (top 10.0%),10.1097/wco.0000000000000622,,,False,-0.00069488026
https://openalex.org/W4309374247,10.1016/s1474-4422(22)00289-7,Multiple sclerosis progression: time for a new mechanism-driven framework,,2022,multiple sclerosis,neurology,True,,,The Lancet Neurology,the lancet neurology,False,openalex,Tanja Kuhlmann; Marcello Moccia; Timothy Coetzee; Jeffrey A. Cohen; Jorge Correale; Jennifer Graves; Ruth Ann Marrie; Xavier Montalbán; V. Wee Yong; Alan J. Thompson; Daniel S. Reich; Maria Pia Amato; Brenda Banwell; Frederik Barkhof; Jeremy Chataway; Tanuja Chitnis; Gıancarlo Comı; Tobias Derfuß; Marcia Finlayson; Myla Goldman; Ari Green; Kerstin Hellwig; Daphne Kos; Aaron Miller; Ellen M. Mowry; Jiwon Oh; Amber Salter; Maria Pia Sormani; Mar Tintoré; Helen Tremlett; María Trojano; Anneke van der Walt; Sandra Vukusic; Emmaunelle Waubant,https://discovery.ucl.ac.uk/id/eprint/10151902/,593,,,,36410373,,,,,,,True,cited_by_count>=405 (top 10.0%); cited_by_count>=405 (top 10.0%),10.1016/s1474-4422(22)00289-7,,,False,0.0013119257
https://openalex.org/W2750226814,,Handbook of Clinical Neurology,,2015,neurology,neurology,False,,,Handbook of clinical neurology,handbook of clinical neurology,False,openalex,Marcus J. Drake,,593,,,,,,,,,,,True,cited_by_count>=405 (top 10.0%); cited_by_count>=405 (top 10.0%),,,,False,0.06502079
https://openalex.org/W2136266325,10.1016/s1474-4422(14)70305-9,Role of the innate and adaptive immune responses in the course of multiple sclerosis,,2015,multiple sclerosis,neurology,False,,,The Lancet Neurology,the lancet neurology,False,openalex,Bernhard Hemmer; Martin Kerschensteiner; Thomas Korn,,588,,,,25792099,,,,,,,True,cited_by_count>=405 (top 10.0%); cited_by_count>=405 (top 10.0%),10.1016/s1474-4422(14)70305-9,,,False,-0.09450516
https://openalex.org/W3044497410,10.1093/ijnp/pyaa051,Evidence-Based Guidelines and Secondary Meta-Analysis for the Use of Transcranial Direct Current Stimulation in Neurological and Psychiatric Disorders,"BACKGROUND: Transcranial direct current stimulation has shown promising clinical results, leading to increased demand for an evidence-based review on its clinical effects. OBJECTIVE: We convened a team of transcranial direct current stimulation experts to conduct a systematic review of clinical trials with more than 1 session of stimulation testing: pain, Parkinson's disease motor function and cognition, stroke motor function and language, epilepsy, major depressive disorder, obsessive compulsive disorder, Tourette syndrome, schizophrenia, and drug addiction. METHODS: Experts were asked to conduct this systematic review according to the search methodology from PRISMA guidelines. Recommendations on efficacy were categorized into Levels A (definitely effective), B (probably effective), C (possibly effective), or no recommendation. We assessed risk of bias for all included studies to confirm whether results were driven by potentially biased studies. RESULTS: Although most of the clinical trials have been designed as proof-of-concept trials, some of the indications analyzed in this review can be considered as definitely effective (Level A), such as depression, and probably effective (Level B), such as neuropathic pain, fibromyalgia, migraine, post-operative patient-controlled analgesia and pain, Parkinson's disease (motor and cognition), stroke (motor), epilepsy, schizophrenia, and alcohol addiction. Assessment of bias showed that most of the studies had low risk of biases, and sensitivity analysis for bias did not change these results. Effect sizes vary from 0.01 to 0.70 and were significant in about 8 conditions, with the largest effect size being in postoperative acute pain and smaller in stroke motor recovery (nonsignificant when combined with robotic therapy). CONCLUSION: All recommendations listed here are based on current published PubMed-indexed data. Despite high levels of evidence in some conditions, it must be underscored that effect sizes and duration of effects are often limited; thus, real clinical impact needs to be further determined with different study designs.",2020,neurology,neurology,True,,,The International Journal of Neuropsychopharmacology,the international journal of neuropsychopharmacology,True,openalex,Felipe Fregni; Mirret M. El-Hagrassy; Kevin Pacheco‐Barrios; Sandra Carvalho; Jorge Leite; Marcel Simis; Jérôme Brunelin; Ester Miyuki Nakamura-Palacios; Paola Marangolo; Ganesan Venkatasubramanian; Daniel San‐Juan; Wolnei Caumo; Marom Bikson; André R. Brunoni; Alejandra Cardenas‐Rojas; Stefano Giannoni‐Luza; Judah Leao; Douglas Teixeira Leffa; Piero F. Mejia-Pando; Maria Alejandra Luna‐Cuadros; Marina Gnoatto-Medeiros; Ana Balbuena-Pareja; Roberto Mathias Machado; Mayumi Toyama; Anna Carolyna Gianlorenço; Huiyan Zeng,https://doi.org/10.1093/ijnp/pyaa051,587,,,,32710772,,,,,,,True,cited_by_count>=405 (top 10.0%); cited_by_count>=405 (top 10.0%),10.1093/ijnp/pyaa051,,,False,0.016109005
https://openalex.org/W2898901335,10.1038/s41591-018-0236-y,Disease-specific oligodendrocyte lineage cells arise in multiple sclerosis,,2018,multiple sclerosis,neurology,True,,,Nature Medicine,nature medicine,False,openalex,Ana Mendanha Falcão; David van Bruggen; Sueli Marques; Mandy Meijer; Sarah Jäkel; Eneritz Agirre; Samudyata Samudyata; Elisa M. Floriddia; Darya Vanichkina; Charles ffrench‐Constant; Anna Williams; André Ortlieb Guerreiro‐Cacais; Gonçalo Castelo‐Branco,https://www.research.ed.ac.uk/en/publications/5621f2c1-c149-4dfe-b1e2-18f92f903190,587,,,,30420755,,,,,,,True,cited_by_count>=405 (top 10.0%); cited_by_count>=405 (top 10.0%),10.1038/s41591-018-0236-y,,,False,-0.0065042228
https://openalex.org/W4213066095,10.1016/s1474-4422(22)00009-6,Serum neurofilament light chain for individual prognostication of disease activity in people with multiple sclerosis: a retrospective modelling and validation study,,2022,multiple sclerosis,neurology,True,,,The Lancet Neurology,the lancet neurology,False,openalex,Pascal Benkert; Stephanie Meier; Sabine Schaedelin; Ali Manouchehrinia; Özgür Yaldizli; Aleksandra Maceski; Johanna Oechtering; Lutz Achtnichts; David Conen; Tobias Derfuss; Patrice H Lalive; Christian Mueller; Stefanie Müller; Yvonne Naegelin; Jorge R Oksenberg; Caroline Pot; Anke Salmen; Eline Willemse; Ingrid Kockum; Kaj Blennow; Henrik Zetterberg; Claudio Gobbi; Ludwig Kappos; Heinz Wiendl; Klaus Berger; Maria Pia Sormani; Cristina Granziera; Fredrik Piehl; David Leppert; Jens Kuhle; Stefanie Aeschbacher; Muhamed Barakovic; Andreas Buser; Andrew Chan; Giulio Disanto; Marcus D'Souza; Renaud Du Pasquier; Oliver Findling; Riccardo Galbusera; Kevin Hrusovsky; Michael Khalil; Johannes Lorscheider; Amandine Mathias; Annette Orleth; Ernst-Wilhelm Radue; Reza Rahmanzadeh; Tim Sinnecker; Suvitha Subramaniam; Jochen Vehoff; Sven Wellmann; Jens Wuerfel; Chiara Zecca,https://pure.amsterdamumc.nl/en/publications/cc5048ab-3c0c-4700-8b1a-813df6bbf006,582,,,,35182510,,,,,,,True,cited_by_count>=405 (top 10.0%); cited_by_count>=405 (top 10.0%),10.1016/s1474-4422(22)00009-6,,,False,0.052135848
https://openalex.org/W2754861217,10.1016/s1474-4422(17)30279-x,The chronic and evolving neurological consequences of traumatic brain injury,,2017,neurology,neurology,True,,,The Lancet Neurology,the lancet neurology,False,openalex,Lindsay Wilson; William Stewart; Kristen Dams-O’Connor; Ramon Diaz‐Arrastia; Lindsay Horton; David Menon; Suzanne Polinder,https://doi.org/10.1016/s1474-4422(17)30279-x,582,,,,28920887,,,,,,,True,cited_by_count>=405 (top 10.0%); cited_by_count>=405 (top 10.0%),10.1016/s1474-4422(17)30279-x,,,False,0.024773357
https://openalex.org/W2800924304,10.1212/wnl.0000000000005347,Practice guideline recommendations summary: Disease-modifying therapies for adults with multiple sclerosis,"OBJECTIVE: To develop recommendations for disease-modifying therapy (DMT) for multiple sclerosis (MS). METHODS: A multidisciplinary panel developed DMT recommendations, integrating findings from a systematic review; followed an Institute of Medicine-compliant process to ensure transparency and patient engagement; and developed modified Delphi consensus-based recommendations concerning starting, switching, and stopping DMTs pertinent to people with relapsing-remitting MS, secondary progressive MS, primary progressive MS, and clinically isolated syndromes of demyelination. Recommendations were supported by structured rationales, integrating evidence from one or more sources: systematic review, related evidence (evidence not from the systematic review), principles of care, and inference from evidence. RESULTS: Thirty recommendations were developed: 17 on starting DMTs, including recommendations on who should start them; 10 on switching DMTs if breakthrough disease develops; and 3 on stopping DMTs. Recommendations encompassed patient engagement strategies and individualization of treatment, including adherence monitoring and disease comorbidity assessment. The panel also discussed DMT risks, including counseling about progressive multifocal leukoencephalopathy risk in people with MS using natalizumab, fingolimod, rituximab, ocrelizumab, and dimethyl fumarate; and made suggestions for future research to evaluate relative merits of early treatment with higher potency DMTs vs standard stepped-care protocols, DMT comparative effectiveness, optimal switching strategies, long-term effects of DMT use, definitions of highly active MS, and effects of treatment on patient-specified priority outcomes. This guideline reflects the complexity of decision-making for starting, switching, or stopping MS DMTs. The field of MS treatment is rapidly changing; the Academy of Neurology development process includes planning for future updates.",2018,multiple sclerosis,neurology,True,,,Neurology,neurology,False,openalex,Alexander Rae‐Grant; Gregory S. Day; Ruth Ann Marrie; Alejandro A. Rabinstein; Bruce Cree; Gary Gronseth; Michael Haboubi; June Halper; Jonathan Hosey; David Jones; Robert P. Lisak; Daniel Pelletier; Sonja Potrebic; Cynthia Sitcov; Rick Sommers; Julie Stachowiak; Thomas S.D. Getchius; Shannon Merillat; Tamara Pringsheim,https://doi.org/10.1212/wnl.0000000000005347,580,,,,29686116,,,,,,,True,cited_by_count>=405 (top 10.0%); cited_by_count>=405 (top 10.0%),10.1212/wnl.0000000000005347,,,False,-0.07103213
https://openalex.org/W3032981909,10.1186/s13195-020-00640-3,Immediate and long-term consequences of COVID-19 infections for the development of neurological disease,"Increasing evidence suggests that infection with Sars-CoV-2 causes neurological deficits in a substantial proportion of affected patients. While these symptoms arise acutely during the course of infection, less is known about the possible long-term consequences for the brain. Severely affected COVID-19 cases experience high levels of proinflammatory cytokines and acute respiratory dysfunction and often require assisted ventilation. All these factors have been suggested to cause cognitive decline. Pathogenetically, this may result from direct negative effects of the immune reaction, acceleration or aggravation of pre-existing cognitive deficits, or de novo induction of a neurodegenerative disease. This article summarizes the current understanding of neurological symptoms of COVID-19 and hypothesizes that affected patients may be at higher risk of developing cognitive decline after overcoming the primary COVID-19 infection. A structured prospective evaluation should analyze the likelihood, time course, and severity of cognitive impairment following the COVID-19 pandemic.",2020,neurology,neurology,True,,,Alzheimer s Research & Therapy,alzheimer s research & therapy,True,openalex,Michael T. Heneka; Douglas T. Golenbock; Eicke Latz; Dave Morgan; Robert H. Brown,https://doi.org/10.1186/s13195-020-00640-3,578,,,,32498691,,,,,,,True,cited_by_count>=405 (top 10.0%); cited_by_count>=405 (top 10.0%),10.1186/s13195-020-00640-3,,,False,0.0022018421
https://openalex.org/W1913092771,10.1038/nrendo.2015.82,Perimenopause as a neurological transition state,,2015,neurology,neurology,True,,,Nature Reviews Endocrinology,nature reviews endocrinology,False,openalex,Roberta Dı́az Brinton; Jia Yao; Fei Yin; Wendy J. Mack; Enrique Cadenas,https://www.ncbi.nlm.nih.gov/pmc/articles/9934205,576,,,,26007613,,,,,,,True,cited_by_count>=405 (top 10.0%); cited_by_count>=405 (top 10.0%),10.1038/nrendo.2015.82,,,False,0.04009194
https://openalex.org/W2544079919,10.1093/brain/aww258,Progressive multiple sclerosis: from pathogenic mechanisms to treatment,"During the past decades, better understanding of relapsing-remitting multiple sclerosis disease mechanisms have led to the development of several disease-modifying therapies, reducing relapse rates and severity, through immune system modulation or suppression. In contrast, current therapeutic options for progressive multiple sclerosis remain comparatively disappointing and challenging. One possible explanation is a lack of understanding of pathogenic mechanisms driving progressive multiple sclerosis. Furthermore, diagnosis is usually retrospective, based on history of gradual neurological worsening with or without occasional relapses, minor remissions or plateaus. In addition, imaging methods as well as biomarkers are not well established. Magnetic resonance imaging studies in progressive multiple sclerosis show decreased blood-brain barrier permeability, probably reflecting compartmentalization of inflammation behind a relatively intact blood-brain barrier. Interestingly, a spectrum of inflammatory cell types infiltrates the leptomeninges during subpial cortical demyelination. Indeed, recent magnetic resonance imaging studies show leptomeningeal contrast enhancement in subjects with progressive multiple sclerosis, possibly representing an in vivo marker of inflammation associated to subpial demyelination. Treatments for progressive disease depend on underlying mechanisms causing central nervous system damage. Immunity sheltered behind an intact blood-brain barrier, energy failure, and membrane channel dysfunction may be key processes in progressive disease. Interfering with these mechanisms may provide neuroprotection and prevent disability progression, while potentially restoring activity and conduction along damaged axons by repairing myelin. Although most previous clinical trials in progressive multiple sclerosis have yielded disappointing results, important lessons have been learnt, improving the design of novel ones. This review discusses mechanisms involved in progressive multiple sclerosis, correlations between histopathology and magnetic resonance imaging studies, along with possible new therapeutic approaches.",2016,multiple sclerosis,neurology,True,,,Brain,brain,False,openalex,Jorge Correale; María I. Gaitán; María Célica Ysrraelit; Marcela Fiol,https://doi.org/10.1093/brain/aww258,571,,,,27794524,,,,,,,True,cited_by_count>=405 (top 10.0%); cited_by_count>=405 (top 10.0%),10.1093/brain/aww258,,,False,-0.08823355
https://openalex.org/W2765511579,10.1056/nejmoa1615335,Surgery for Drug-Resistant Epilepsy in Children,"BACKGROUND: Neurosurgical treatment may improve seizures in children and adolescents with drug-resistant epilepsy, but additional data are needed from randomized trials. METHODS: In this single-center trial, we randomly assigned 116 patients who were 18 years of age or younger with drug-resistant epilepsy to undergo brain surgery appropriate to the underlying cause of epilepsy along with appropriate medical therapy (surgery group, 57 patients) or to receive medical therapy alone (medical-therapy group, 59 patients). The patients in the medical-therapy group were assigned to a waiting list for surgery. The primary outcome was freedom from seizures at 12 months. Secondary outcomes were the score on the Hague Seizure Severity scale, the Binet-Kamat intelligence quotient, the social quotient on the Vineland Social Maturity Scale, and scores on the Child Behavior Checklist and the Pediatric Quality of Life Inventory. RESULTS: At 12 months, freedom from seizures occurred in 44 patients (77%) in the surgery group and in 4 (7%) in the medical-therapy group (P<0.001). Between-group differences in the change from baseline to 12 months significantly favored surgery with respect to the score on the Hague Seizure Severity scale (difference, 19.4; 95% confidence interval [CI], 15.8 to 23.1; P<0.001), on the Child Behavior Checklist (difference, 13.1; 95% CI, 10.7 to 15.6; P<0.001), on the Pediatric Quality of Life Inventory (difference, 21.9; 95% CI, 16.4 to 27.6; P<0.001), and on the Vineland Social Maturity Scale (difference, 4.7; 95% CI, 0.4 to 9.1; P=0.03), but not on the Binet-Kamat intelligence quotient (difference, 2.5; 95% CI, -0.1 to 5.1; P=0.06). Serious adverse events occurred in 19 patients (33%) in the surgery group, including hemiparesis in 15 (26%). CONCLUSIONS: In this single-center trial, children and adolescents with drug-resistant epilepsy who had undergone epilepsy surgery had a significantly higher rate of freedom from seizures and better scores with respect to behavior and quality of life than did those who continued medical therapy alone at 12 months. Surgery resulted in anticipated neurologic deficits related to the region of brain resection. (Funded by the Indian Council of Medical Research and others; Clinical Trial Registry-India number, CTRI/2010/091/000525 .).",2017,epilepsy,neurology,True,,,New England Journal of Medicine,new england journal of medicine,False,openalex,Rekha Dwivedi; Bhargavi Ramanujam; P. Sarat Chandra; Savita Sapra; Sheffali Gulati; Mani Kalaivani; Ajay Garg; Chandra S. Bal; Madhavi Tripathi; Sada N. Dwivedi; Rajesh Sagar; Chitra Sarkar; Manjari Tripathi,https://doi.org/10.1056/nejmoa1615335,570,,,,29069568,,,,,,,True,cited_by_count>=405 (top 10.0%); cited_by_count>=405 (top 10.0%),10.1056/nejmoa1615335,,,False,-0.026720703
https://openalex.org/W2760972505,10.1016/s0140-6736(17)32346-2,"Clemastine fumarate as a remyelinating therapy for multiple sclerosis (ReBUILD): a randomised, controlled, double-blind, crossover trial",,2017,multiple sclerosis,neurology,True,,,The Lancet,the lancet,False,openalex,Ari Green; Jeffrey M. Gelfand; Bruce Cree; Carolyn Bevan; W. John Boscardin; Feng Mei; Justin Inman; Sam Arnow; Michael Devereux; Aya Abounasr; Hiroko Nobuta; Alyssa H. Zhu; Matt Friessen; Roy Gerona; H.‐Christian von Büdingen; Roland G. Henry; Stephen L. Hauser; Jonah R. Chan,https://doi.org/10.1016/s0140-6736(17)32346-2,569,,,,29029896,,,,,,,True,cited_by_count>=405 (top 10.0%); cited_by_count>=405 (top 10.0%),10.1016/s0140-6736(17)32346-2,,,False,-0.016526466
https://openalex.org/W2901763507,10.1111/epi.14596,The epidemiology of drug‐resistant epilepsy: A systematic review and meta‐analysis,"OBJECTIVE: The definition of drug-resistant epilepsy (DRE) affects case identification and treatment, and impacts prevalence or incidence estimates and health burden estimation in epidemiology. The objective of this systematic review is to evaluate the consistency between definitions of DRE in the literature and the official definition in the International League Against Epilepsy (ILAE) guidelines, and to estimate the incidence, prevalence, and risk factors for DRE. METHODS: MEDLINE and EMBASE were searched for observational studies of DRE published between January 1980 and July 2015. The definitions of DRE in these studies were compared with the definition in the ILAE guidelines. Random-effect model meta-analyses were used to generate pooled estimates of prevalence or incidence and pooled odds ratios of the association with risk factors. RESULTS: Thirty-five studies met inclusion criteria, including 13 080 epilepsy patients and 3941 patients with DRE. The definition of DRE varied widely across studies, with only 12% meeting the requirements of the ILAE definition. The pooled prevalence proportion of DRE among epilepsy patients was 0.30 (95% confidence interval [CI] 0.19-0.42), and the pooled incidence proportion was 0.15 (95% CI 0.11-0.19). Age at onset, symptomatic epilepsy, abnormal neuroimaging findings, abnormal electroencephalography results, history of mental retardation, neuropsychiatric disorders, febrile seizure, and status epilepticus increased risk for DRE. SIGNIFICANCE: There are limited high-quality data available on DRE. Lack of consistency in definitions limits the ability to obtain robust estimates on the burden of DRE. More data based on the ILAE definition from well-designed epidemiologic studies are needed to generate accurate and reliable results.",2018,epilepsy,neurology,True,,,Epilepsia,epilepsia,False,openalex,Linda Kalilani; Xuezheng Sun; Barbara Pelgrims; Matthias Noack‐Rink; Vicente Villanueva,https://doi.org/10.1111/epi.14596,567,,,,30426482,,,,,,,True,cited_by_count>=405 (top 10.0%); cited_by_count>=405 (top 10.0%),10.1111/epi.14596,,,False,0.029850863
https://openalex.org/W2916543290,10.1136/neurintsurg-2018-014569,European Stroke Organisation (ESO) - European Society for Minimally Invasive Neurological Therapy (ESMINT) Guidelines on Mechanical Thrombectomy in Acute Ischemic Stroke,"BACKGROUND: Mechanical thrombectomy (MT) has become the cornerstone of acute ischemic stroke management in patients with large vessel occlusion (LVO). OBJECTIVE: To assist physicians in their clinical decisions with regard toMT. METHODS: These guidelines were developed based on the standard operating procedure of the European Stroke Organisation and followed the Grading of Recommendations, Assessment, Development, and Evaluation (GRADE) approach. An interdisciplinary working group identified 15 relevant questions, performed systematic reviews and meta-analyses of the literature, assessed the quality of the available evidence, and wrote evidence-based recommendations. Expert opinion was provided if not enough evidence was available to provide recommendations based on the GRADE approach. RESULTS: We found high-quality evidence to recommend MT plus best medical management (BMM, including intravenous thrombolysis whenever indicated) to improve functional outcome in patients with LVO-related acute ischemic stroke within 6 hours after symptom onset. We found moderate quality of evidence to recommend MT plus BMM in the 6-24h time window in patients meeting the eligibility criteria of published randomized trials. These guidelinesdetails aspects of prehospital management, patient selection based on clinical and imaging characteristics, and treatment modalities. CONCLUSIONS: MT is the standard of care in patients with LVO-related acute stroke. Appropriate patient selection and timely reperfusion are crucial. Further randomized trials are needed to inform clinical decision-making with regard tothe mothership and drip-and-ship approaches, anesthaesia modalities during MT, and to determine whether MT is beneficial in patients with low stroke severity or large infarct volume.",2019,neurology,neurology,True,,,Journal of NeuroInterventional Surgery,journal of neurointerventional surgery,False,openalex,Guillaume Turc; Pervinder Bhogal; Urs Fischer; Pooja Khatri; Kyriakos Lobotesis; Mikaël Mazighi; Peter D. Schellinger; Danilo Toni; Joost de Vries; Phil White; Jens Fiehler,https://doi.org/10.1136/neurintsurg-2018-014569,563,,,,30808653,,,,,,,True,cited_by_count>=405 (top 10.0%); cited_by_count>=405 (top 10.0%),10.1136/neurintsurg-2018-014569,,,False,-0.04036574
https://openalex.org/W2746835184,10.1002/mds.27105,The nasal and gut microbiome in Parkinson's disease and idiopathic rapid eye movement sleep behavior disorder,"BACKGROUND: Increasing evidence connects the gut microbiota and the onset and/or phenotype of Parkinson's disease (PD). Differences in the abundances of specific bacterial taxa have been reported in PD patients. It is, however, unknown whether these differences can be observed in individuals at high risk, for example, with idiopathic rapid eye movement sleep behavior disorder, a prodromal condition of α-synuclein aggregation disorders including PD. OBJECTIVES: To compare microbiota in carefully preserved nasal wash and stool samples of subjects with idiopathic rapid eye movement sleep behavior disorder, manifest PD, and healthy individuals. METHODS: Microbiota of flash-frozen stool and nasal wash samples from 76 PD patients, 21 idiopathic rapid eye movement sleep behavior disorder patients, and 78 healthy controls were assessed by 16S and 18S ribosomal RNA amplicon sequencing. Seventy variables, related to demographics, clinical parameters including nonmotor symptoms, and sample processing, were analyzed in relation to microbiome variability and controlled differential analyses were performed. RESULTS: Differentially abundant gut microbes, such as Akkermansia, were observed in PD, but no strong differences in nasal microbiota. Eighty percent of the differential gut microbes in PD versus healthy controls showed similar trends in idiopathic rapid eye movement sleep behavior disorder, for example, Anaerotruncus and several Bacteroides spp., and correlated with nonmotor symptoms. Metagenomic sequencing of select samples enabled the reconstruction of genomes of so far uncharacterized differentially abundant organisms. CONCLUSION: Our study reveals differential abundances of gut microbial taxa in PD and its prodrome idiopathic rapid eye movement sleep behavior disorder in comparison to the healthy controls, and highlights the potential of metagenomics to identify and characterize microbial taxa, which are enriched or depleted in PD and/or idiopathic rapid eye movement sleep behavior disorder. © 2017 The Authors. Movement Disorders published by Wiley Periodicals, Inc. on behalf of International Parkinson and Movement Disorder Society.",2017,movement disorder,neurology,True,,,Movement Disorders,movement disorders,False,openalex,Anna Heintz‐Buschart; Urvashi Pandey; Tamara Wicke; Friederike Sixel‐Döring; Annette Janzen; Elisabeth Sittig‐Wiegand; Claudia Trenkwalder; Wolfgang H. Oertel; Brit Mollenhauer; Paul Wilmes,https://doi.org/10.1002/mds.27105,563,,,,28843021,,,,,,,True,cited_by_count>=405 (top 10.0%); cited_by_count>=405 (top 10.0%),10.1002/mds.27105,,,False,0.037863135
https://openalex.org/W1166458116,10.1007/s13311-015-0377-3,Molecular Targets of Cannabidiol in Neurological Disorders,,2015,neurology,neurology,True,,,Neurotherapeutics,neurotherapeutics,False,openalex,Clementino Ibeas Bih; Tong Chen; Alistair V.W. Nunn; Michaël Bazelot; Mark Dallas; Benjamin J. Whalley,https://doi.org/10.1007/s13311-015-0377-3,563,,,,26264914,,,,,,,True,cited_by_count>=405 (top 10.0%); cited_by_count>=405 (top 10.0%),10.1007/s13311-015-0377-3,,,False,-0.012280405
https://openalex.org/W2928956234,10.1186/s12987-019-0123-z,Claudin-5: gatekeeper of neurological function,"Tight junction proteins of the blood-brain barrier are vital for maintaining integrity of endothelial cells lining brain blood vessels. The presence of these protein complexes in the space between endothelial cells creates a dynamic, highly regulated and restrictive microenvironment that is vital for neural homeostasis. By limiting paracellular diffusion of material between blood and brain, tight junction proteins provide a protective barrier preventing the passage of unwanted and potentially damaging material. Simultaneously, this protective barrier hinders the therapeutic effectiveness of central nervous system acting drugs with over 95% of small molecule therapeutics unable to bypass the blood-brain barrier. At the blood-brain barrier, claudin-5 is the most enriched tight junction protein and its dysfunction has been implicated in neurodegenerative disorders such as Alzheimer's disease, neuroinflammatory disorders such as multiple sclerosis as well as psychiatric disorders including depression and schizophrenia. By regulating levels of claudin-5, it is possible to abrogate disease symptoms in many of these disorders. This review will give an overview of the blood-brain barrier and the role of tight junction complexes in maintaining blood-brain barrier integrity before focusing on the role of claudin-5 and its regulation in homeostatic and pathological conditions. We will also summarise therapeutic strategies to restore integrity of cerebral vessels by targeting tight junction protein complexes.",2019,neurology,neurology,True,,,Fluids and Barriers of the CNS,fluids and barriers of the cns,True,openalex,Chris Greene; Nicole Hanley; Matthew Campbell,https://doi.org/10.1186/s12987-019-0123-z,561,,,,30691500,,,,,,,True,cited_by_count>=405 (top 10.0%); cited_by_count>=405 (top 10.0%),10.1186/s12987-019-0123-z,,,False,0.021391857
https://openalex.org/W2338423971,10.1016/j.ejca.2016.02.024,"Neurological, respiratory, musculoskeletal, cardiac and ocular side-effects of anti-PD-1 therapy",,2016,neurology,neurology,False,,,European Journal of Cancer,european journal of cancer,False,openalex,Lisa Zimmer; Simone M. Goldinger; Lars Hofmann; Carmen Loquai; Selma Ugurel; Ioannis Thomas; Maria Isabel Schmidgen; Ralf Gutzmer; Jochen Utikal; Daniela Göppner; Jessica C. Hassel; Friedegund Meier; Julia K. Tietze; Andrea Forschner; Carsten Weishaupt; Martin Leverkus; R.U. Wahl; Ursula M. Dietrich; Claus Garbe; Michael Constantin Kirchberger; Thomas Eigentler; Carola Berking; Anja Gesierich; Angela M. Krackhardt; Dirk Schadendorf; Gerold Schuler; Reinhard Dummer; Lucie Heinzerling,,560,,,,27084345,,,,,,,True,cited_by_count>=405 (top 10.0%); cited_by_count>=405 (top 10.0%),10.1016/j.ejca.2016.02.024,,,False,-0.013790643
https://openalex.org/W2917585458,10.1177/2396987319832140,European Stroke Organisation (ESO) – European Society for Minimally Invasive Neurological Therapy (ESMINT) Guidelines on Mechanical Thrombectomy in Acute Ischaemic StrokeEndorsed by Stroke Alliance for Europe (SAFE),"BACKGROUND: Mechanical thrombectomy (MT) has become the cornerstone of acute ischaemic stroke management in patients with large vessel occlusion (LVO). The aim of this guideline document is to assist physicians in their clinical decisions with regard to MT. METHODS: These Guidelines were developed based on the standard operating procedure of the European Stroke Organisation and followed the Grading of Recommendations, Assessment, Development, and Evaluation (GRADE) approach. An interdisciplinary working group identified 15 relevant questions, performed systematic reviews and meta-analyses of the literature, assessed the quality of the available evidence, and wrote evidence based recommendations. Expert opinion was provided if not enough evidence was available to provide recommendations based on the GRADE approach. RESULTS: We found high quality evidence to recommend MT plus best medical management (BMM, including intravenous thrombolysis whenever indicated) to improve functional outcome in patients with LVO-related acute ischaemic stroke within 6 hours after symptom onset. We found moderate quality of evidence to recommend MT plus BMM in the 6-24h time window in patients meeting the eligibility criteria of published randomized trials. These guidelines further detail aspects of prehospital management, patient selection based on clinical and imaging characteristics, and treatment modalities. CONCLUSIONS: MT is the standard of care in patients with LVO-related acute stroke. Appropriate patient selection and timely reperfusion are crucial. Further randomized trials are needed to inform clinical decision making with regard to the mothership and drip-and-ship approaches, anesthaesia modalities during MT, and to determine whether MT is beneficial in patients with low stroke severity or large infarct volume.",2019,neurology,neurology,True,,,European Stroke Journal,european stroke journal,False,openalex,Guillaume Turc; Pervinder Bhogal; Urs Fischer; Pooja Khatri; Kyriakos Lobotesis; Mikaël Mazighi; Peter D. Schellinger; Danilo Toni; Joost de Vries; Phil White; Jens Fiehler,https://doi.org/10.1177/2396987319832140,559,,,,31165090,,,,,,,True,cited_by_count>=405 (top 10.0%); cited_by_count>=405 (top 10.0%),10.1177/2396987319832140,,,False,-0.04224882
https://openalex.org/W2755106885,10.1016/s1474-4422(17)30278-8,Retinal layer segmentation in multiple sclerosis: a systematic review and meta-analysis,,2017,multiple sclerosis,neurology,True,,,The Lancet Neurology,the lancet neurology,False,openalex,Axel Petzold; Laura J. Balcer; Peter A. Calabresi; Fiona Costello; Teresa C. Frohman; Elliot M. Frohman; Elena H. Martínez‐Lapiscina; Ari Green; Randy H. Kardon; Olivier Outteryck; Friedemann Paul; Sven Schippling; P. Vermersch; Pablo Villoslada; Lisanne J. Balk; Orhan Aktaş; Philipp Albrecht; Jane Ashworth; Nasrin Asgari; Laura J. Balcer; Lisanne J. Balk; Graeme C. Black; Daniel Boehringer; Raed Behbehani; Leslie Benson; Robert Bermel; Jacqueline Bernard; Alexander U. Brandt; Jodie Burton; Peter A. Calabresi; Jonathan Calkwood; Christian Cordano; Fiona Costello; Ardith Courtney; Andrés Cruz-Herranz; Ricarda Diem; Avril Daly; Hélène Dollfus; Christina Fasser; Carsten Finke; Jette Lautrup Frederiksen; Elliot M. Frohman; Teresa C. Frohman; Elena García‐Martín; Inés González‐Suarez; Gorm Pihl-Jensen; Jennifer Graves; Ari Green; Joachim Havla; Bernhard Hemmer; Su‐Chun Huang; Jaime Imitola; Hong Jiang; David Keegan; Eric Kildebeck; Alexander Klistorner; Benjamin Knier; Scott Kolbe; Thomas Korn; Bart P. Leroy; Letizia Leocani; Dorothée Leroux; Netta Levin; Petra Lišková; Birgit Lorenz; Jana Lízrová Preiningerová; Elena H. Martínez‐Lapiscina; Janine Mikolajczak; Xavier Montalbán; Mark J. Morrow; Rachel Nolan; Timm Oberwahrenbrock; Frederike Cosima Oertel; Celia Oreja‐Guevara; Benjamin Osborne; Olivier Outteryck; Athina Papadopoulou; Friedemann Paul; Axel Petzold; Marius Ringelstein; Shiv Saidha; Bernardo Sánchez‐Dalmau; Jaume Sastre‐Garriga; Sven Schippling; Robert K. Shin; Neil Shuey; Kerstin Soelberg; Ahmed Toosy; R. Martinez Torres; Ángela Vidal‐Jordana; Pablo Villoslada; Amy Waldman; Owen White; Ann Ming Yeh; Sui H. Wong; Hanna Zimmermann,http://mediatum.ub.tum.de/node?id=1431419,559,,,,28920886,,,,,,,True,cited_by_count>=405 (top 10.0%); cited_by_count>=405 (top 10.0%),10.1016/s1474-4422(17)30278-8,,,False,-0.03335134
https://openalex.org/W2914833536,10.1038/s41582-018-0126-4,Exosomes — beyond stem cells for restorative therapy in stroke and neurological injury,,2019,neurology,neurology,False,,,Nature Reviews Neurology,nature reviews neurology,False,openalex,Zheng Gang Zhang; Benjamin Buller; Michael Chopp,,557,,,,30700824,,,,,,,True,cited_by_count>=405 (top 10.0%); cited_by_count>=405 (top 10.0%),10.1038/s41582-018-0126-4,,,False,-0.041945044
https://openalex.org/W2043596210,10.1016/j.seizure.2015.01.012,Wavelet-based EEG processing for computer-aided seizure detection and epilepsy diagnosis,,2015,epilepsy,neurology,False,,,Seizure,seizure,False,openalex,Oliver Faust; U. Rajendra Acharya; Hojjat Adeli; Amir Adeli,,557,,,,25799903,,,,,,,True,cited_by_count>=405 (top 10.0%); cited_by_count>=405 (top 10.0%),10.1016/j.seizure.2015.01.012,,,False,-0.014781098
https://openalex.org/W2782520840,10.1038/s41467-017-02577-y,Multi-day rhythms modulate seizure risk in epilepsy,"Epilepsy is defined by the seemingly random occurrence of spontaneous seizures. The ability to anticipate seizures would enable preventative treatment strategies. A central but unresolved question concerns the relationship of seizure timing to fluctuating rates of interictal epileptiform discharges (here termed interictal epileptiform activity, IEA), a marker of brain irritability observed between seizures by electroencephalography (EEG). Here, in 37 subjects with an implanted brain stimulation device that detects IEA and seizures over years, we find that IEA oscillates with circadian and subject-specific multidien (multi-day) periods. Multidien periodicities, most commonly 20-30 days in duration, are robust and relatively stable for up to 10 years in men and women. We show that seizures occur preferentially during the rising phase of multidien IEA rhythms. Combining phase information from circadian and multidien IEA rhythms provides a novel biomarker for determining relative seizure risk with a large effect size in most subjects.",2018,epilepsy,neurology,True,,,Nature Communications,nature communications,True,openalex,Maxime O. Baud; Jonathan K. Kleen; Emily A. Mirro; Jason C. Andrechak; David King‐Stephens; Edward F. Chang; Vikram R. Rao,https://doi.org/10.1038/s41467-017-02577-y,554,,,,29311566,,,,,,,True,cited_by_count>=405 (top 10.0%); cited_by_count>=405 (top 10.0%),10.1038/s41467-017-02577-y,,,False,-0.035780307
https://openalex.org/W2646536716,10.1212/wnl.0000000000003685,Practice guideline summary: Sudden unexpected death in epilepsy incidence rates and risk factors,"OBJECTIVE: To determine the incidence rates of sudden unexpected death in epilepsy (SUDEP) in different epilepsy populations and address the question of whether risk factors for SUDEP have been identified. METHODS: Systematic review of evidence; modified Grading Recommendations Assessment, Development, and Evaluation process for developing conclusions; recommendations developed by consensus. RESULTS: Findings for incidence rates based on 12 Class I studies include the following: SUDEP risk in children with epilepsy (aged 0-17 years) is 0.22/1,000 patient-years (95% confidence interval [CI] 0.16-0.31) (moderate confidence in evidence). SUDEP risk increases in adults to 1.2/1,000 patient-years (95% CI 0.64-2.32) (low confidence in evidence). The major risk factor for SUDEP is the occurrence of generalized tonic-clonic seizures (GTCS); the SUDEP risk increases in association with increasing frequency of GTCS occurrence (high confidence in evidence). RECOMMENDATIONS: Level B: Clinicians caring for young children with epilepsy should inform parents/guardians that in 1 year, SUDEP typically affects 1 in 4,500 children; therefore, 4,499 of 4,500 children will not be affected. Clinicians should inform adult patients with epilepsy that SUDEP typically affects 1 in 1,000 adults with epilepsy per year; therefore, annually 999 of 1,000 adults will not be affected. For persons with epilepsy who continue to experience GTCS, clinicians should continue to actively manage epilepsy therapies to reduce seizures and SUDEP risk while incorporating patient preferences and weighing the risks and benefits of any new approach. Clinicians should inform persons with epilepsy that seizure freedom, particularly freedom from GTCS, is strongly associated with decreased SUDEP risk.",2017,epilepsy,neurology,True,,,Neurology,neurology,False,openalex,Cynthia L. Harden; Torbjörn Tomson; David Gloss; Jeffrey Buchhalter; J. Helen Cross; Elizabeth Donner; Jacqueline A. French; Anthony Gil-Nagel; Dale C. Hesdorffer; W. Henry Smithson; Mark C. Spitz; Thaddeus S. Walczak; Josemir W. Sander; Philippe Ryvlin,https://doi.org/10.1212/wnl.0000000000003685,553,,,,28438841,,,,,,,True,cited_by_count>=405 (top 10.0%); cited_by_count>=405 (top 10.0%),10.1212/wnl.0000000000003685,,,False,-0.018887492
https://openalex.org/W2545409266,10.1001/jama.2016.16623,Effect of Conscious Sedation vs General Anesthesia on Early Neurological Improvement Among Patients With Ischemic Stroke Undergoing Endovascular Thrombectomy,"Importance: Optimal management of sedation and airway during thrombectomy for acute ischemic stroke is controversial due to lack of evidence from randomized trials. Objective: To assess whether conscious sedation is superior to general anesthesia for early neurological improvement among patients receiving stroke thrombectomy. Design, Setting, and Participants: SIESTA (Sedation vs Intubation for Endovascular Stroke Treatment), a single-center, randomized, parallel-group, open-label treatment trial with blinded outcome evaluation conducted at Heidelberg University Hospital in Germany (April 2014-February 2016) included 150 patients with acute ischemic stroke in the anterior circulation, higher National Institutes of Health Stroke Scale (NIHSS) score (>10), and isolated/combined occlusion at any level of the internal carotid or middle cerebral artery. Intervention: Patients were randomly assigned to an intubated general anesthesia group (n = 73) or a nonintubated conscious sedation group (n = 77) during stroke thrombectomy. Main Outcomes and Measures: Primary outcome was early neurological improvement on the NIHSS after 24 hours (0-42 [none to most severe neurological deficits; a 4-point difference considered clinically relevant]). Secondary outcomes were functional outcome by modified Rankin Scale (mRS) after 3 months (0-6 [symptom free to dead]), mortality, and peri-interventional parameters of feasibility and safety. Results: Among 150 patients (60 women [40%]; mean age, 71.5 years; median NIHSS score, 17), primary outcome was not significantly different between the general anesthesia group (mean NIHSS score, 16.8 at admission vs 13.6 after 24 hours; difference, -3.2 points [95% CI, -5.6 to -0.8]) vs the conscious sedation group (mean NIHSS score, 17.2 at admission vs 13.6 after 24 hour; difference, -3.6 points [95% CI, -5.5 to -1.7]); mean difference between groups, -0.4 (95% CI, -3.4 to 2.7; P = .82). Of 47 prespecified secondary outcomes analyzed, 41 showed no significant differences. In the general anesthesia vs the conscious sedation group, substantial patient movement was less frequent (0% vs 9.1%; difference, 9.1%; P = .008), but postinterventional complications were more frequent for hypothermia (32.9% vs 9.1%; P < .001), delayed extubation (49.3% vs 6.5%; P < .001), and pneumonia (13.7% vs 3.9%; P = .03). More patients were functionally independent (unadjusted mRS score, 0 to 2 after 3 months [37.0% in the general anesthesia group vs 18.2% in the conscious sedation group P = .01]). There were no differences in mortality at 3 months (24.7% in both groups). Conclusions and Relevance: Among patients with acute ischemic stroke in the anterior circulation undergoing thrombectomy, conscious sedation vs general anesthesia did not result in greater improvement in neurological status at 24 hours. The study findings do not support an advantage for the use of conscious sedation. Trial Registration: clinicaltrials.gov Identifier: NCT02126085.",2016,neurology,neurology,False,,,JAMA,jama,False,openalex,Silvia Schönenberger; Lorenz Uhlmann; Werner Hacke; Simon Schieber; Sibu Mundiyanapurath; Jan Purrucker; Simon Nagel; Christina Klose; Johannes Pfaff; Martin Bendszus; Peter A. Ringleb; Meinhard Kieser; Markus Möhlenbruch; Julian Bösel,,550,,,,27785516,,,,,,,True,cited_by_count>=405 (top 10.0%); cited_by_count>=405 (top 10.0%),10.1001/jama.2016.16623,,,False,0.008046228
https://openalex.org/W2951680115,10.1093/brain/awz144,Assessment of lesions on magnetic resonance imaging in multiple sclerosis: practical guidelines,"MRI has improved the diagnostic work-up of multiple sclerosis, but inappropriate image interpretation and application of MRI diagnostic criteria contribute to misdiagnosis. Some diseases, now recognized as conditions distinct from multiple sclerosis, may satisfy the MRI criteria for multiple sclerosis (e.g. neuromyelitis optica spectrum disorders, Susac syndrome), thus making the diagnosis of multiple sclerosis more challenging, especially if biomarker testing (such as serum anti-AQP4 antibodies) is not informative. Improvements in MRI technology contribute and promise to better define the typical features of multiple sclerosis lesions (e.g. juxtacortical and periventricular location, cortical involvement). Greater understanding of some key aspects of multiple sclerosis pathobiology has allowed the identification of characteristics more specific to multiple sclerosis (e.g. central vein sign, subpial demyelination and lesional rims), which are not included in the current multiple sclerosis diagnostic criteria. In this review, we provide the clinicians and researchers with a practical guide to enhance the proper recognition of multiple sclerosis lesions, including a thorough definition and illustration of typical MRI features, as well as a discussion of red flags suggestive of alternative diagnoses. We also discuss the possible place of emerging qualitative features of lesions which may become important in the near future.",2019,multiple sclerosis,neurology,True,,,Brain,brain,False,openalex,Massimo Filippi; Paolo Preziosa; Brenda Banwell; Frederik Barkhof; Olga Ciccarelli; Nicola De Stefano; Jeroen J.G. Geurts; Friedemann Paul; Daniel S. Reich; Ahmed Toosy; Anthony Traboulsee; Mike P. Wattjes; Tarek Yousry; Achim Gass; Catherine Lubetzki; Brian G. Weinshenker; Maria A. Rocca,https://doi.org/10.1093/brain/awz144,547,,,,31209474,,,,,,,True,cited_by_count>=405 (top 10.0%); cited_by_count>=405 (top 10.0%),10.1093/brain/awz144,,,False,-0.05088408
https://openalex.org/W2569887568,10.1016/j.ejca.2016.12.001,Neurological adverse events associated with immune checkpoint inhibitors: Review of the literature,,2017,neurology,neurology,False,,,European Journal of Cancer,european journal of cancer,False,openalex,Stefania Cuzzubbo; F. Javeri; M Tissier; A. Roumi; Ciprian Barlog; Jennifer Doridam; Célèste Lebbé; Cathérine Belin; Rénata Ursu; Alain Carpentier,,546,,,,28064139,,,,,,,True,cited_by_count>=405 (top 10.0%); cited_by_count>=405 (top 10.0%),10.1016/j.ejca.2016.12.001,,,False,-0.06260007
https://openalex.org/W2591030128,10.1002/ana.24901,The gut microbiome in human neurological disease: A review,"Almost half the cells and 1% of the unique genes found in our bodies are human, the rest are from microbes, predominantly bacteria, archaea, fungi, and viruses. These microorganisms collectively form the human microbiota, with most colonizing the gut. Recent technological advances, open access data libraries, and application of high-throughput sequencing have allowed these microbes to be identified and their contribution to neurological health to be examined. Emerging evidence links perturbations in the gut microbiota to neurological disease, including disease risk, activity, and progression. This review provides an overview of the recent advances in microbiome research in relation to neuro(auto)immune and neurodegenerative conditions affecting humans, such as multiple sclerosis, neuromyelitis optica spectrum disorders, Parkinson disease, Alzheimer disease, Huntington disease, and amyotrophic lateral sclerosis. Study design and terminology used in this rapidly evolving, highly multidisciplinary field are summarized to empower and engage the neurology community in this ""newly discovered organ."" Ann Neurol 2017;81:369-382.",2017,neurology,neurology,False,,,Annals of Neurology,annals of neurology,False,openalex,Helen Tremlett; Kylynda C. Bauer; Silke Appel‐Cresswell; B. Brett Finlay; Emmanuelle Waubant,,544,,,,28220542,,,,,,,True,cited_by_count>=405 (top 10.0%); cited_by_count>=405 (top 10.0%),10.1002/ana.24901,,,False,0.15072516
https://openalex.org/W3017441365,10.1016/j.jocn.2020.05.017,Neurological manifestations and complications of COVID-19: A literature review,,2020,neurology,neurology,True,,,Journal of Clinical Neuroscience,journal of clinical neuroscience,False,openalex,Imran Ahmad; Farooq Azam Rathore,https://doi.org/10.1016/j.jocn.2020.05.017,542,,,,32409215,,,,,,,True,cited_by_count>=405 (top 10.0%); cited_by_count>=405 (top 10.0%),10.1016/j.jocn.2020.05.017,,,False,-0.07444742
https://openalex.org/W2805197831,10.1093/brain/awy151,The compartmentalized inflammatory response in the multiple sclerosis brain is composed of tissue-resident CD8+ T lymphocytes and B cells,"Multiple sclerosis is an inflammatory demyelinating disease in which active demyelination and neurodegeneration are associated with lymphocyte infiltrates in the brain. However, so far little is known regarding the phenotype and function of these infiltrating lymphocyte populations. In this study, we performed an in-depth phenotypic characterization of T and B cell infiltrates in a large set of multiple sclerosis cases with different disease and lesion stages and compared the findings with those seen in inflammatory, non-inflammatory and normal human controls. In multiple sclerosis lesions, we found a dominance of CD8+ T cells and a prominent contribution of CD20+ B cells in all disease courses and lesion stages, including acute multiple sclerosis cases with very short disease duration, while CD4+ T cells were sparse. A dominance of CD8+ T cells was also seen in other inflammatory controls, such as Rasmussen's encephalitis and viral encephalitis, but the contribution of B cells in these diseases was modest. Phenotypic analysis of the CD8+ T cells suggested that part of the infiltrating cells in active lesions proliferate, show an activated cytotoxic phenotype and are in part destroyed by apoptosis. Further characterization of the remaining cells suggest that CD8+ T cells acquire features of tissue-resident memory cells, which may be focally reactivated in active lesions of acute, relapsing and progressive multiple sclerosis, while B cells, at least in part, gradually transform into plasma cells. The loss of surface molecules involved in the egress of leucocytes from inflamed tissue, such as S1P1 or CCR7, and the upregulation of CD103 expression may be responsible for the compartmentalization of the inflammatory response in established lesions. Similar phenotypic changes of tissue-infiltrating CD8+ T cells were also seen in Rasmussen's encephalitis. Our data underline the potential importance of CD8+ T lymphocytes and B cells in the inflammatory response in established multiple sclerosis lesions. Tissue-resident T and B cells may represent guardians of previous inflammatory brain disease, which can be reactivated and sustain the inflammatory response, when they are re-exposed to their specific antigen.",2018,multiple sclerosis,neurology,True,,,Brain,brain,False,openalex,Joana Machado‐Santos; Etsuji Saji; Anna R. Tröscher; Manuela Paunovic; Roland Liblau; Galina Gabriely; Christian G. Bien; Jan Bauer; Hans Lassmann,https://doi.org/10.1093/brain/awy151,541,,,,29873694,,,,,,,True,cited_by_count>=405 (top 10.0%); cited_by_count>=405 (top 10.0%),10.1093/brain/awy151,,,False,-0.11536521
https://openalex.org/W2155999507,10.1016/s1474-4422(15)00070-8,Lower urinary tract dysfunction in the neurological patient: clinical assessment and management,,2015,neurology,neurology,False,,,The Lancet Neurology,the lancet neurology,False,openalex,Jalesh N. Panicker; Clare J. Fowler; Thomas M. Kessler,,541,,,,26067125,,,,,,,True,cited_by_count>=405 (top 10.0%); cited_by_count>=405 (top 10.0%),10.1016/s1474-4422(15)00070-8,,,False,-0.033031207
https://openalex.org/W3200136047,10.1038/s41591-021-01507-2,Cellular and humoral immune responses following SARS-CoV-2 mRNA vaccination in patients with multiple sclerosis on anti-CD20 therapy,"Abstract SARS-CoV-2 messenger RNA vaccination in healthy individuals generates immune protection against COVID-19. However, little is known about SARS-CoV-2 mRNA vaccine-induced responses in immunosuppressed patients. We investigated induction of antigen-specific antibody, B cell and T cell responses longitudinally in patients with multiple sclerosis (MS) on anti-CD20 antibody monotherapy ( n = 20) compared with healthy controls ( n = 10) after BNT162b2 or mRNA-1273 mRNA vaccination. Treatment with anti-CD20 monoclonal antibody (aCD20) significantly reduced spike-specific and receptor-binding domain (RBD)-specific antibody and memory B cell responses in most patients, an effect ameliorated with longer duration from last aCD20 treatment and extent of B cell reconstitution. By contrast, all patients with MS treated with aCD20 generated antigen-specific CD4 and CD8 T cell responses after vaccination. Treatment with aCD20 skewed responses, compromising circulating follicular helper T (T FH ) cell responses and augmenting CD8 T cell induction, while preserving type 1 helper T (T H 1) cell priming. Patients with MS treated with aCD20 lacking anti-RBD IgG had the most severe defect in circulating T FH responses and more robust CD8 T cell responses. These data define the nature of the SARS-CoV-2 vaccine-induced immune landscape in aCD20-treated patients and provide insights into coordinated mRNA vaccine-induced immune responses in humans. Our findings have implications for clinical decision-making and public health policy for immunosuppressed patients including those treated with aCD20.",2021,multiple sclerosis,neurology,True,,,Nature Medicine,nature medicine,False,openalex,Sokratis A. Apostolidis; Mihir Kakara; Mark M. Painter; Rishi R. Goel; Divij Mathew; Kerry Lenzi; Ayman Rezk; Kristina R. Patterson; Diego A. Espinoza; Jessy C. Kadri; Daniel Markowitz; Clyde Markowitz; Ina Mexhitaj; Dina Jacobs; Allison Babb; Michael R. Betts; Eline T. Luning Prak; Daniela Weiskopf; Alba Grifoni; Kendall A. Lundgreen; Sigrid Gouma; Alessandro Sette; Paul Bates; Scott E. Hensley; Allison R. Greenplate; E. John Wherry; Rui Li; Amit Bar‐Or,https://doi.org/10.1038/s41591-021-01507-2,540,,,,34522051,,,,,,,True,cited_by_count>=405 (top 10.0%); cited_by_count>=405 (top 10.0%),10.1038/s41591-021-01507-2,,,False,-0.13530754
https://openalex.org/W3090248822,10.1002/acn3.51210,Frequent neurologic manifestations and encephalopathy‐associated morbidity in Covid‐19 patients,"OBJECTIVE: Covid-19 can involve multiple organs including the nervous system. We sought to characterize the neurologic manifestations, their risk factors, and associated outcomes in hospitalized patients with Covid-19. METHODS: We examined neurologic manifestations in 509 consecutive patients admitted with confirmed Covid-19 within a hospital network in Chicago, Illinois. We compared the severity of Covid-19 and outcomes in patients with and without neurologic manifestations. We also identified independent predictors of any neurologic manifestations, encephalopathy, and functional outcome using binary logistic regression. RESULTS: Neurologic manifestations were present at Covid-19 onset in 215 (42.2%), at hospitalization in 319 (62.7%), and at any time during the disease course in 419 patients (82.3%). The most frequent neurologic manifestations were myalgias (44.8%), headaches (37.7%), encephalopathy (31.8%), dizziness (29.7%), dysgeusia (15.9%), and anosmia (11.4%). Strokes, movement disorders, motor and sensory deficits, ataxia, and seizures were uncommon (0.2 to 1.4% of patients each). Severe respiratory disease requiring mechanical ventilation occurred in 134 patients (26.3%). Independent risk factors for developing any neurologic manifestation were severe Covid-19 (OR 4.02; 95% CI 2.04-8.89; P < 0.001) and younger age (OR 0.982; 95% CI 0.968-0.996; P = 0.014). Of all patients, 362 (71.1%) had a favorable functional outcome at discharge (modified Rankin Scale 0-2). However, encephalopathy was independently associated with worse functional outcome (OR 0.22; 95% CI 0.11-0.42; P < 0.001) and higher mortality within 30 days of hospitalization (35 [21.7%] vs. 11 [3.2%] patients; P < 0.001). INTERPRETATION: Neurologic manifestations occur in most hospitalized Covid-19 patients. Encephalopathy was associated with increased morbidity and mortality, independent of respiratory disease severity.",2020,neurology,neurology,True,,,Annals of Clinical and Translational Neurology,annals of clinical and translational neurology,True,openalex,Eric M. Liotta; Ayush Batra; Jeffrey R. Clark; Nathan A. Shlobin; Steven C. Hoffman; Zachary S. Orban; Igor J. Koralnik,https://doi.org/10.1002/acn3.51210,538,,,,33016619,,,,,,,True,cited_by_count>=405 (top 10.0%); cited_by_count>=405 (top 10.0%),10.1002/acn3.51210,,,False,0.00495255
https://openalex.org/W2910867209,10.1001/jama.2018.20588,Association of Initial Disease-Modifying Therapy With Later Conversion to Secondary Progressive Multiple Sclerosis,"Importance: Within 2 decades of onset, 80% of untreated patients with relapsing-remitting multiple sclerosis (MS) convert to a phase of irreversible disability accrual termed secondary progressive MS. The association between disease-modifying treatments (DMTs), and this conversion has rarely been studied and never using a validated definition. Objective: To determine the association between the use, the type of, and the timing of DMTs with the risk of conversion to secondary progressive MS diagnosed with a validated definition. Design, Setting, and Participants: Cohort study with prospective data from 68 neurology centers in 21 countries examining patients with relapsing-remitting MS commencing DMTs (or clinical monitoring) between 1988-2012 with minimum 4 years' follow-up. Exposures: The use, type, and timing of the following DMTs: interferon beta, glatiramer acetate, fingolimod, natalizumab, or alemtuzumab. After propensity-score matching, 1555 patients were included (last follow-up, February 14, 2017). Main Outcome and Measure: Conversion to objectively defined secondary progressive MS. Results: Of the 1555 patients, 1123 were female (mean baseline age, 35 years [SD, 10]). Patients initially treated with glatiramer acetate or interferon beta had a lower hazard of conversion to secondary progressive MS than matched untreated patients (HR, 0.71; 95% CI, 0.61-0.81; P < .001; 5-year absolute risk, 12% [49 of 407] vs 27% [58 of 213]; median follow-up, 7.6 years [IQR, 5.8-9.6]), as did fingolimod (HR, 0.37; 95% CI, 0.22-0.62; P < .001; 5-year absolute risk, 7% [6 of 85] vs 32% [56 of 174]; median follow-up, 4.5 years [IQR, 4.3-5.1]); natalizumab (HR, 0.61; 95% CI, 0.43-0.86; P = .005; 5-year absolute risk, 19% [16 of 82] vs 38% [62 of 164]; median follow-up, 4.9 years [IQR, 4.4-5.8]); and alemtuzumab (HR, 0.52; 95% CI, 0.32-0.85; P = .009; 5-year absolute risk, 10% [4 of 44] vs 25% [23 of 92]; median follow-up, 7.4 years [IQR, 6.0-8.6]). Initial treatment with fingolimod, alemtuzumab, or natalizumab was associated with a lower risk of conversion than initial treatment with glatiramer acetate or interferon beta (HR, 0.66; 95% CI, 0.44-0.99; P = .046); 5-year absolute risk, 7% [16 of 235] vs 12% [46 of 380]; median follow-up, 5.8 years [IQR, 4.7-8.0]). The probability of conversion was lower when glatiramer acetate or interferon beta was started within 5 years of disease onset vs later (HR, 0.77; 95% CI, 0.61-0.98; P = .03; 5-year absolute risk, 3% [4 of 120] vs 6% [2 of 38]; median follow-up, 13.4 years [IQR, 11-18.1]). When glatiramer acetate or interferon beta were escalated to fingolimod, alemtuzumab, or natalizumab within 5 years vs later, the HR was 0.76 (95% CI, 0.66-0.88; P < .001; 5-year absolute risk, 8% [25 of 307] vs 14% [46 of 331], median follow-up, 5.3 years [IQR], 4.6-6.1). Conclusions and Relevance: Among patients with relapsing-remitting MS, initial treatment with fingolimod, alemtuzumab, or natalizumab was associated with a lower risk of conversion to secondary progressive MS vs initial treatment with glatiramer acetate or interferon beta. These findings, considered along with these therapies' risks, may help inform decisions about DMT selection.",2019,multiple sclerosis,neurology,True,,,JAMA,jama,False,openalex,J William L Brown; Alasdair Coles; Dana Horáková; Eva Havrdová; Guillermo Izquierdo; Alexandre Prat; Marc Girard; Pierre Duquette; María Trojano; Alessandra Lugaresi; Roberto Bergamaschi; Pierre Grammond; Raed Alroughani; Raymond Hupperts; Pamela McCombe; Vincent Van Pesch; Patrizia Sola; Diana Ferraro; François Grand’Maison; Murat Terzi; Jeannette Lechner‐Scott; S Flechter; Mark Slee; Vahid Shaygannejad; Eugenio Pucci; Franco Granella; Vilija Jokubaitis; Mark Willis; Claire M Rice; Neil Scolding; Alastair Wilkins; Owen Pearson; Tjalf Ziemssen; Michael Hutchinson; Katharine Harding; Joanne Jones; Christopher McGuigan; Helmut Butzkueven; Tomáš Kalinčík; Neil P. Robertson; for the MSBase Study Group,https://cris.maastrichtuniversity.nl/en/publications/65579db2-fc99-460a-ae4c-810f420e76f7,538,,,,30644981,,,,,,,True,cited_by_count>=405 (top 10.0%); cited_by_count>=405 (top 10.0%),10.1001/jama.2018.20588,,,False,-0.028539486
https://openalex.org/W2613930978,10.1016/s1474-4422(17)30084-4,Neurological consequences of obesity,,2017,neurology,neurology,False,,,The Lancet Neurology,the lancet neurology,False,openalex,Phillipe D. O’Brien; Lucy M. Hinder; Brian C. Callaghan; Eva L. Feldman,,537,,,,28504110,,,,,,,True,cited_by_count>=405 (top 10.0%); cited_by_count>=405 (top 10.0%),10.1016/s1474-4422(17)30084-4,,,False,0.023492783
https://openalex.org/W4281553262,10.3390/ijms23115954,Neurotransmitters—Key Factors in Neurological and Neurodegenerative Disorders of the Central Nervous System,"Neurotransmitters are molecules that amplify, transmit, and convert signals in cells, having an essential role in information transmission throughout the nervous system. Hundreds of such chemicals have been discovered in the last century, continuing to be identified and studied concerning their action on brain health. These substances have been observed to influence numerous functions, including emotions, thoughts, memories, learning, and movements. Thus, disturbances in neurotransmitters' homeostasis started being correlated with a plethora of neurological and neurodegenerative disorders. In this respect, the present paper aims to describe the most important neurotransmitters, broadly classified into canonical (e.g., amino acids, monoamines, acetylcholine, purines, soluble gases, neuropeptides) and noncanonical neurotransmitters (e.g., exosomes, steroids, D-aspartic acid), and explain their link with some of the most relevant neurological conditions. Moreover, a brief overview of the recently developed neurotransmitters' detection methods is offered, followed by several considerations on the modulation of these substances towards restoring homeostasis.",2022,neurology,neurology,True,,,International Journal of Molecular Sciences,international journal of molecular sciences,True,openalex,Raluca Ioana Teleanu; Adelina-Gabriela Niculescu; Eugenia Roza; Oana Aurelia Vladâcenco; Alexandru Mihai Grumezescu; Daniel Mihai Teleanu,https://doi.org/10.3390/ijms23115954,536,,,,35682631,,,,,,,True,cited_by_count>=405 (top 10.0%); cited_by_count>=405 (top 10.0%),10.3390/ijms23115954,,,False,0.022590809
https://openalex.org/W2796437903,10.1038/nrn.2018.13,"Fibrinogen in neurological diseases: mechanisms, imaging and therapeutics",,2018,neurology,neurology,True,,,Nature reviews. Neuroscience,nature reviews. neuroscience,False,openalex,Mark A. Petersen; Jae Kyu Ryu; Katerina Akassoglou,https://www.ncbi.nlm.nih.gov/pmc/articles/6743980,536,,,,29618808,,,,,,,True,cited_by_count>=405 (top 10.0%); cited_by_count>=405 (top 10.0%),10.1038/nrn.2018.13,,,False,0.00794331
https://openalex.org/W2307176359,10.1093/brain/awv228,Network localization of neurological symptoms from focal brain lesions,"A traditional and widely used approach for linking neurological symptoms to specific brain regions involves identifying overlap in lesion location across patients with similar symptoms, termed lesion mapping. This approach is powerful and broadly applicable, but has limitations when symptoms do not localize to a single region or stem from dysfunction in regions connected to the lesion site rather than the site itself. A newer approach sensitive to such network effects involves functional neuroimaging of patients, but this requires specialized brain scans beyond routine clinical data, making it less versatile and difficult to apply when symptoms are rare or transient. In this article we show that the traditional approach to lesion mapping can be expanded to incorporate network effects into symptom localization without the need for specialized neuroimaging of patients. Our approach involves three steps: (i) transferring the three-dimensional volume of a brain lesion onto a reference brain; (ii) assessing the intrinsic functional connectivity of the lesion volume with the rest of the brain using normative connectome data; and (iii) overlapping lesion-associated networks to identify regions common to a clinical syndrome. We first tested our approach in peduncular hallucinosis, a syndrome of visual hallucinations following subcortical lesions long hypothesized to be due to network effects on extrastriate visual cortex. While the lesions themselves were heterogeneously distributed with little overlap in lesion location, 22 of 23 lesions were negatively correlated with extrastriate visual cortex. This network overlap was specific compared to other subcortical lesions (P < 10(-5)) and relative to other cortical regions (P < 0.01). Next, we tested for generalizability of our technique by applying it to three additional lesion syndromes: central post-stroke pain, auditory hallucinosis, and subcortical aphasia. In each syndrome, heterogeneous lesions that themselves had little overlap showed significant network overlap in cortical areas previously implicated in symptom expression (P < 10(-4)). These results suggest that (i) heterogeneous lesions producing similar symptoms share functional connectivity to specific brain regions involved in symptom expression; and (ii) publically available human connectome data can be used to incorporate these network effects into traditional lesion mapping approaches. Because the current technique requires no specialized imaging of patients it may prove a versatile and broadly applicable approach for localizing neurological symptoms in the setting of brain lesions.",2015,neurology,neurology,True,,,Brain,brain,False,openalex,Aaron D. Boes; Sashank Prasad; Hesheng Liu; Qi Liu; Álvaro Pascual‐Leone; Verne S. Caviness; Michael Fox,https://doi.org/10.1093/brain/awv228,532,,,,26264514,,,,,,,True,cited_by_count>=405 (top 10.0%); cited_by_count>=405 (top 10.0%),10.1093/brain/awv228,,,False,0.022943906
https://openalex.org/W2808342347,10.1073/pnas.1722041115,Caspase-1 inhibition prevents glial inflammasome activation and pyroptosis in models of multiple sclerosis,"Multiple sclerosis (MS) is a progressive inflammatory demyelinating disease of the CNS of unknown cause that remains incurable. Inflammasome-associated caspases mediate the maturation and release of the proinflammatory cytokines IL-1β and IL-18 and activate the pore-forming protein gasdermin D (GSDMD). Inflammatory programmed cell death, pyroptosis, was recently shown to be mediated by GSDMD. Here, we report molecular evidence for GSDMD-mediated inflammasome activation and pyroptosis in both myeloid cells (macrophages/microglia) and, unexpectedly, in myelin-forming oligodendrocytes (ODCs) in the CNS of patients with MS and in the MS animal model, experimental autoimmune encephalomyelitis (EAE). We observed inflammasome activation and pyroptosis in human microglia and ODCs in vitro after exposure to inflammatory stimuli and demonstrate caspase-1 inhibition by the small-molecule inhibitor VX-765 in both cell types. GSDMD inhibition by siRNA transduction suppressed pyroptosis in human microglia. VX-765 treatment of EAE animals reduced the expression of inflammasome- and pyroptosis-associated proteins in the CNS, prevented axonal injury, and improved neurobehavioral performance. Thus, GSDMD-mediated pyroptosis in select glia cells is a previously unrecognized mechanism of inflammatory demyelination and represents a unique therapeutic opportunity for mitigating the disease process in MS and other CNS inflammatory diseases.",2018,multiple sclerosis,neurology,True,,,Proceedings of the National Academy of Sciences,proceedings of the national academy of sciences,False,openalex,Brienne McKenzie; Manmeet K. Mamik; Leina B. Saito; Roobina Boghozian; Maria Chiara Monaco; Eugene O. Major; Jian‐Qiang Lu; William G. Branton; Christopher Power,https://doi.org/10.1073/pnas.1722041115,530,,,,29895691,,,,,,,True,cited_by_count>=405 (top 10.0%); cited_by_count>=405 (top 10.0%),10.1073/pnas.1722041115,,,False,-0.052955575
https://openalex.org/W2783605273,10.1212/wnl.0000000000004977,Cognition in multiple sclerosis,"Cognitive decline is recognized as a prevalent and debilitating symptom of multiple sclerosis (MS), especially deficits in episodic memory and processing speed. The field aims to (1) incorporate cognitive assessment into standard clinical care and clinical trials, (2) utilize state-of-the-art neuroimaging to more thoroughly understand neural bases of cognitive deficits, and (3) develop effective, evidence-based, clinically feasible interventions to prevent or treat cognitive dysfunction, which are lacking. There are obstacles to these goals. Our group of MS researchers and clinicians with varied expertise took stock of the current state of the field, and we identify several important practical and theoretical challenges, including key knowledge gaps and methodologic limitations related to (1) understanding and measurement of cognitive deficits, (2) neuroimaging of neural bases and correlates of deficits, and (3) development of effective treatments. This is not a comprehensive review of the extensive literature, but instead a statement of guidelines and priorities for the field. For instance, we provide recommendations for improving the scientific basis and methodologic rigor for cognitive rehabilitation research. Toward this end, we call for multidisciplinary collaborations toward development of biologically based theoretical models of cognition capable of empirical validation and evidence-based refinement, providing the scientific context for effective treatment discovery.",2018,multiple sclerosis,neurology,True,,,Neurology,neurology,False,openalex,James Sumowski; Ralph H. B. Benedict; Christian Enzinger; Massimo Filippi; Jeroen J.G. Geurts; Päivi Hämäläinen; Hanneke E. Hulst; Matilde Inglese; Victoria M. Leavitt; Maria A. Rocca; Eija Rosti‐Otajärvi; Stephen M. Rao,https://doi.org/10.1212/wnl.0000000000004977,529,,,,29343470,,,,,,,True,cited_by_count>=405 (top 10.0%); cited_by_count>=405 (top 10.0%),10.1212/wnl.0000000000004977,,,False,0.0025336556
https://openalex.org/W2806791998,10.1093/brain/awy154,Serum neurofilament as a predictor of disease worsening and brain and spinal cord atrophy in multiple sclerosis,"Neuro-axonal injury is a key factor in the development of permanent disability in multiple sclerosis. Neurofilament light chain in peripheral blood has recently emerged as a biofluid marker reflecting neuro-axonal damage in this disease. We aimed at comparing serum neurofilament light chain levels in multiple sclerosis and healthy controls, to determine their association with measures of disease activity and their ability to predict future clinical worsening as well as brain and spinal cord volume loss. Neurofilament light chain was measured by single molecule array assay in 2183 serum samples collected as part of an ongoing cohort study from 259 patients with multiple sclerosis (189 relapsing and 70 progressive) and 259 healthy control subjects. Clinical assessment, serum sampling and MRI were done annually; median follow-up time was 6.5 years. Brain volumes were quantified by structural image evaluation using normalization of atrophy, and structural image evaluation using normalization of atrophy, cross-sectional, cervical spinal cord volumes using spinal cord image analyser (cordial). Results were analysed using ordinary linear regression models and generalized estimating equation modelling. Serum neurofilament light chain was higher in patients with a clinically isolated syndrome or relapsing remitting multiple sclerosis as well as in patients with secondary or primary progressive multiple sclerosis than in healthy controls (age adjusted P < 0.001 for both). Serum neurofilament light chain above the 90th percentile of healthy controls values was an independent predictor of Expanded Disability Status Scale worsening in the subsequent year (P < 0.001). The probability of Expanded Disability Status Scale worsening gradually increased by higher serum neurofilament light chain percentile category. Contrast enhancing and new/enlarging lesions were independently associated with increased serum neurofilament light chain (17.8% and 4.9% increase per lesion respectively; P < 0.001). The higher the serum neurofilament light chain percentile level, the more pronounced was future brain and cervical spinal volume loss: serum neurofilament light chain above the 97.5th percentile was associated with an additional average loss in brain volume of 1.5% (P < 0.001) and spinal cord volume of 2.5% over 5 years (P = 0.009). Serum neurofilament light chain correlated with concurrent and future clinical and MRI measures of disease activity and severity. High serum neurofilament light chain levels were associated with both brain and spinal cord volume loss. Neurofilament light chain levels are a real-time, easy to measure marker of neuro-axonal injury that is conceptually more comprehensive than brain MRI.",2018,multiple sclerosis,neurology,True,,,Brain,brain,False,openalex,Christian Barro; Pascal Benkert; Giulio Disanto; Charidimos Tsagkas; Michael Amann; Yvonne Naegelin; David Leppert; Claudio Gobbi; Cristina Granziera; Özgür Yaldizli; Zuzanna Michalak; Jens Wuerfel; Ludwig Kappos; Katrin Parmar; Jens Kühle,https://doi.org/10.1093/brain/awy154,529,,,,29860296,,,,,,,True,cited_by_count>=405 (top 10.0%); cited_by_count>=405 (top 10.0%),10.1093/brain/awy154,,,False,0.062251203
https://openalex.org/W2272407005,10.1016/j.eplepsyres.2015.11.019,Validation of the Generalized Anxiety Disorder-7 (GAD-7) among Chinese people with epilepsy,,2015,epilepsy,neurology,False,,,Epilepsy Research,epilepsy research,False,openalex,Xin Tong; Dongmei An; Aileen McGonigal; Sung‐Pa Park; Dong Zhou,,528,,,,26709880,,,,,,,True,cited_by_count>=405 (top 10.0%); cited_by_count>=405 (top 10.0%),10.1016/j.eplepsyres.2015.11.019,,,False,0.02918671
https://openalex.org/W2793978211,10.1093/brain/awx341,Structural brain abnormalities in the common epilepsies assessed in a worldwide ENIGMA study,"Progressive functional decline in the epilepsies is largely unexplained. We formed the ENIGMA-Epilepsy consortium to understand factors that influence brain measures in epilepsy, pooling data from 24 research centres in 14 countries across Europe, North and South America, Asia, and Australia. Structural brain measures were extracted from MRI brain scans across 2149 individuals with epilepsy, divided into four epilepsy subgroups including idiopathic generalized epilepsies (n =367), mesial temporal lobe epilepsies with hippocampal sclerosis (MTLE; left, n = 415; right, n = 339), and all other epilepsies in aggregate (n = 1026), and compared to 1727 matched healthy controls. We ranked brain structures in order of greatest differences between patients and controls, by meta-analysing effect sizes across 16 subcortical and 68 cortical brain regions. We also tested effects of duration of disease, age at onset, and age-by-diagnosis interactions on structural measures. We observed widespread patterns of altered subcortical volume and reduced cortical grey matter thickness. Compared to controls, all epilepsy groups showed lower volume in the right thalamus (Cohen's d = -0.24 to -0.73; P < 1.49 × 10-4), and lower thickness in the precentral gyri bilaterally (d = -0.34 to -0.52; P < 4.31 × 10-6). Both MTLE subgroups showed profound volume reduction in the ipsilateral hippocampus (d = -1.73 to -1.91, P < 1.4 × 10-19), and lower thickness in extrahippocampal cortical regions, including the precentral and paracentral gyri, compared to controls (d = -0.36 to -0.52; P < 1.49 × 10-4). Thickness differences of the ipsilateral temporopolar, parahippocampal, entorhinal, and fusiform gyri, contralateral pars triangularis, and bilateral precuneus, superior frontal and caudal middle frontal gyri were observed in left, but not right, MTLE (d = -0.29 to -0.54; P < 1.49 × 10-4). Contrastingly, thickness differences of the ipsilateral pars opercularis, and contralateral transverse temporal gyrus, were observed in right, but not left, MTLE (d = -0.27 to -0.51; P < 1.49 × 10-4). Lower subcortical volume and cortical thickness associated with a longer duration of epilepsy in the all-epilepsies, all-other-epilepsies, and right MTLE groups (beta, b < -0.0018; P < 1.49 × 10-4). In the largest neuroimaging study of epilepsy to date, we provide information on the common epilepsies that could not be realistically acquired in any other way. Our study provides a robust ranking of brain measures that can be further targeted for study in genetic and neuropathological studies. This worldwide initiative identifies patterns of shared grey matter reduction across epilepsy syndromes, and distinctive abnormalities between epilepsy syndromes, which inform our understanding of epilepsy as a network disorder, and indicate that certain epilepsy syndromes involve more widespread structural compromise than previously assumed.",2017,epilepsy,neurology,True,,,Brain,brain,False,openalex,Christopher D. Whelan; André Altmann; Juan A. Botía; Neda Jahanshad; Derrek P. Hibar; Julie Absil; Saud Alhusaini; Marina K. M. Alvim; Pia Auvinen; Emanuele Bartolini; Felipe P. G. Bergo; Tauana Bernardes; Karen Blackmon; Bárbara Braga; Maria Eugenia Caligiuri; Anna Calvo; Sarah J. A. Carr; Jian Chen; Shuai Chen; Andrea Cherubini; Philippe David; Martin Domín; Sonya Foley; Wendy França; Gerrit Haaker; Dmitry Isaev; Simon S. Keller; Raviteja Kotikalapudi; Magdalena Kowalczyk; Ruben Kuzniecky; Sönke Langner; Matteo Lenge; Kelly M. Leyden; Min Liu; Richard Q. Loi; Pascal Martin; Mario Mascalchi; Márcia Elisabete Morita; José C. Pariente; Raúl Rodríguez‐Cruces; Christian Rummel; Taavi Saavalainen; Mira Semmelroch; Mariasavina Severino; Rhys H. Thomas; Manuela Tondelli; Domenico Tortora; Anna Elisabetta Vaudano; Lucy Vivash; Felix von Podewils; Jan Wagner; Bernd Weber; Yi Yao; Clarissa Lin Yasuda; Guohao Zhang; Núria Bargalló; Benjamin Bender; Neda Bernasconi; Andrea Bernasconi; Boris C. Bernhardt; Ingmar Blümcke; Chad Carlson; Gianpiero L. Cavalleri; Fernando Cendes; Luis Concha; Norman Delanty; Chantal Depondt; Orrin Devinsky; Colin P. Doherty; Niels K. Focke; Antonio Gambardella; Renzo Guerrini; Khalid Hamandi; Graeme D. Jackson; Reetta Kälviäinen; Peter Kochunov; Patrick Kwan; Angelo Labate; Carrie R. McDonald; Stefano Meletti; Terence J. O’Brien; Sébastien Ourselin; Mark P. Richardson; Pasquale Striano; Thomas Thesen; Roland Wiest; Junsong Zhang; Annamaria Vezzani; Mina Ryten; Paul M. Thompson; Sanjay M. Sisodiya,https://doi.org/10.1093/brain/awx341,527,,,,29365066,,,,,,,True,cited_by_count>=405 (top 10.0%); cited_by_count>=405 (top 10.0%),10.1093/brain/awx341,,,False,0.050326683
https://openalex.org/W2756752218,10.1016/j.clnu.2017.09.003,ESPEN guideline clinical nutrition in neurology,,2017,neurology,neurology,True,,,Clinical Nutrition,clinical nutrition,False,openalex,R. Burgos; Irene Bretón; Emanuele Cereda; Jean Claude Desport; Rainer Dziewas; Laurence Genton; Filomena Gomes; Pierre Jésus; Andreas Leischker; Maurizio Muscaritoli; Kalliopi‐Anna Poulia; Jean-Charles Preiser; Marjolein A. van der Marck; Rainer Wirth; Pierre Singer; Stephan C. Bischoff,https://doi.org/10.1016/j.clnu.2017.09.003,527,,,,29274834,,,,,,,True,cited_by_count>=405 (top 10.0%); cited_by_count>=405 (top 10.0%),10.1016/j.clnu.2017.09.003,,,False,0.099824324
https://openalex.org/W2967069002,10.1001/jamaneurol.2019.2399,Association of Chronic Active Multiple Sclerosis Lesions With Disability In Vivo,"Importance: In multiple sclerosis (MS), chronic active lesions, which previously could only be detected at autopsy, can now be identified on susceptibility-based magnetic resonance imaging (MRI) in vivo as non-gadolinium-enhancing lesions with paramagnetic rims. Pathologically, they feature smoldering inflammatory demyelination at the edge, remyelination failure, and axonal degeneration. To our knowledge, the prospect of long-term in vivo monitoring makes it possible for the first time to determine their contribution to disability and value as a treatment target. Objective: To assess whether rim lesions are associated with patient disability and long-term lesion outcomes. Design, Setting, Participants: We performed 3 studies at the National Institutes of Health Clinical Center: (1) a prospective clinical/radiological cohort of 209 patients with MS (diagnosis according to the 2010 McDonald revised MS criteria, age ≥18 years, with 7-T or 3-T susceptibility-based brain MRI results) who were enrolled from January 2012 to March 2018 (of 209, 17 patients [8%] were excluded because of uninterpretable MRI scans); (2) a radiological/pathological analysis of expanding lesions featuring rims; and (3) a retrospective longitudinal radiological study assessing long-term lesion evolution in 23 patients with MS with yearly MRI scans for 10 years or more (earliest scan, 1992). Main Outcomes and Measures: (1) Identification of chronic rim lesions on 7-T or 3-T susceptibility-based brain MRI in 192 patients with MS and the association of rim counts with clinical disability (primary analysis) and brain volume changes (exploratory analysis). (2) Pathological characterization of 10 expanding lesions from an adult with progressive MS who came to autopsy after 7 years of receiving serial in vivo MRI scans. (3) Evaluation of annual lesion volume change (primary analysis) and T1 times (exploratory analysis) in 27 rim lesions vs 27 rimless lesions. Results: Of 209 participants, 104 (50%) were women and 32 (15%) were African American. One hundred seventeen patients (56%) had at least 1 rim lesion regardless of prior or ongoing treatment. Further, 84 patients (40%) had no rims (mean [SD] age, 47 [14] years), 66 (32%) had 1 to 3 rims (mean [SD] age, 47 [11] years), and 42 (20%) had 4 rims or more (mean [SD] age, 44 [11] years). Individuals with 4 rim lesions or more reached motor and cognitive disability at an earlier age. Normalized volumes of brain, white matter, and basal ganglia were lower in those with rim lesions. Whereas rimless lesions shrank over time (-3.6%/year), rim lesions were stable in size or expanded (2.2%/year; P < .001). Rim lesions had longer T1 times, suggesting more tissue destruction, than rimless lesions. On histopathological analysis, all 10 rim lesions that expanded in vivo had chronic active inflammation. Conclusions and Relevance: Chronic active lesions are common, are associated with more aggressive disease, exert ongoing tissue damage, and occur even in individuals treated with effective disease-modifying therapies. These results prompt the planning of MRI-based clinical trials aimed at treating perilesional chronic inflammation in MS.",2019,multiple sclerosis,neurology,True,,,JAMA Neurology,jama neurology,False,openalex,Martina Absinta; Pascal Sati; Federica Masuzzo; Govind Nair; Varun Sethi; Hadar Kolb; Joan Ohayon; Tianxia Wu; Irene Cortese; Daniel S. Reich,https://doi.org/10.1001/jamaneurol.2019.2399,523,,,,31403674,,,,,,,True,cited_by_count>=405 (top 10.0%); cited_by_count>=405 (top 10.0%),10.1001/jamaneurol.2019.2399,,,False,0.0038845483
https://openalex.org/W1987182404,10.1038/nm.3824,Brain somatic mutations in MTOR cause focal cortical dysplasia type II leading to intractable epilepsy,,2015,epilepsy,neurology,True,,,Nature Medicine,nature medicine,False,openalex,Jae Seok Lim; Woo-Il Kim; Hoon‐Chul Kang; Se Hoon Kim; Ah Hyung Park; Eun-Kyung Park; Young‐Wook Cho; Sangwoo Kim; Ho Min Kim; Jeong A. Kim; Junho Kim; Hwanseok Rhee; Seok‐Gu Kang; Heung Dong Kim; Daesoo Kim; Dong-Seok Kim; Jeong Ho Lee,https://ir.ymlib.yonsei.ac.kr/handle/22282913/139816,523,,,,25799227,,,,,,,True,cited_by_count>=405 (top 10.0%); cited_by_count>=405 (top 10.0%),10.1038/nm.3824,,,False,-0.028330706
https://openalex.org/W2058583207,10.1093/brain/awv105,"Defining high, medium and low impact prognostic factors for developing multiple sclerosis","Natural history studies have identified factors that predict evolution to multiple sclerosis or risk of disability accumulation over time. Although these studies are based on large multicentre cohorts with long follow-ups, they have limitations such as lack of standardized protocols, a retrospective data collection or lack of a systematic magnetic resonance imaging acquisition and analysis protocol, often resulting in failure to take magnetic resonance and oligoclonal bands into account as joint covariates in the prediction models. To overcome some of these limitations, the aim of our study was to identify and stratify baseline demographic, clinical, radiological and biological characteristics that might predict multiple sclerosis development and disability accumulation using a multivariate approach based on a large prospective cohort of patients with clinically isolated syndromes. From 1995 to 2013, 1058 patients with clinically isolated syndromes were included. We evaluated the influence of baseline prognostic factors on the risk for developing clinically definite multiple sclerosis, McDonald multiple sclerosis, and disability accumulation (Expanded Disability Status Scale score of 3.0) based on univariate (hazard ratio with 95% confidence intervals) and multivariate (adjusted hazard ratio with 95% confidence intervals) Cox regression models. We ultimately included 1015 patients followed for a mean of 81 (standard deviation = 57) months. Female/male ratio was 2.1. Females exhibited a similar risk of conversion to multiple sclerosis and of disability accumulation compared to males. Each younger decade at onset was associated with a greater risk of conversion to multiple sclerosis and with a protective effect on disability. Patients with optic neuritis had a lower risk of clinically definite multiple sclerosis [hazard ratio 0.6 (0.5-0.8)] and disability progression [hazard ratio 0.5 (0.3-0.8)]; however, this protective effect remained marginal only for disability [adjusted hazard ratio 0.6 (0.4-1.0)] in adjusted models. The presence of oligoclonal bands increased the risk of clinically definite multiple sclerosis [adjusted hazard ratio 1.3 (1.0-1.8)] and of disability [adjusted hazard ratio 2.0 (1.2-3.6)] independently of other factors. The presence of 10 or more brain lesions on magnetic resonance increased the risk of clinically definite multiple sclerosis [adjusted hazard ratio 11.3 (6.7-19.3)] and disability [adjusted hazard ratio 2.9 (1.4-6.0)]. Disease-modifying treatment before the second attack reduced the risk of McDonald multiple sclerosis [adjusted hazard ratio 0.6 (0.4-0.9)] and disability accumulation [adjusted hazard ratio 0.5 (0.3-0.9)]. We conclude that the demographic and topographic characteristics are low-impact prognostic factors, the presence of oligoclonal bands is a medium-impact prognostic factor, and the number of lesions on brain magnetic resonance is a high-impact prognostic factor.",2015,multiple sclerosis,neurology,False,,,Brain,brain,False,openalex,Mar Tintoré; Àlex Rovira; Jordi Río; Susana Otero‐Romero; Georgina Arrambide; Carmen Tur; Manuel Comabella; Carlos Nos; María Jesús Arévalo; Laura Negrotto; Ingrid Galán; Ángela Vidal‐Jordana; Joaquín Castilló; Filipe Palavra; Éva Simon; Raquel Mitjana; Cristina Auger; Jaume Sastre‐Garriga; Xavier Montalbán,,518,,,,25902415,,,,,,,True,cited_by_count>=405 (top 10.0%); cited_by_count>=405 (top 10.0%),10.1093/brain/awv105,,,False,0.109132916
https://openalex.org/W2527832785,10.1016/b978-0-12-802973-2.00011-2,The epidemiology of multiple sclerosis,,2016,multiple sclerosis,neurology,False,,,Handbook of clinical neurology,handbook of clinical neurology,False,openalex,Douglas S. Goodin,,518,,,,27637959,,,,,,,True,cited_by_count>=405 (top 10.0%); cited_by_count>=405 (top 10.0%),10.1016/b978-0-12-802973-2.00011-2,,,False,0.0021448303
https://openalex.org/W2091263717,10.1016/j.celrep.2015.02.051,Activation of Necroptosis in Multiple Sclerosis,"Multiple sclerosis (MS), a common neurodegenerative disease of the CNS, is characterized by the loss of oligodendrocytes and demyelination. Tumor necrosis factor α (TNF-α), a proinflammatory cytokine implicated in MS, can activate necroptosis, a necrotic cell death pathway regulated by RIPK1 and RIPK3 under caspase-8-deficient conditions. Here, we demonstrate defective caspase-8 activation, as well as activation of RIPK1, RIPK3, and MLKL, the hallmark mediators of necroptosis, in the cortical lesions of human MS pathological samples. Furthermore, we show that MS pathological samples are characterized by an increased insoluble proteome in common with other neurodegenerative diseases such as Alzheimer's disease (AD), Parkinson’s disease (PD), and Huntington's disease (HD). Finally, we show that necroptosis mediates oligodendrocyte degeneration induced by TNF-α and that inhibition of RIPK1 protects against oligodendrocyte cell death in two animal models of MS and in culture. Our findings demonstrate that necroptosis is involved in MS and suggest that targeting RIPK1 may represent a therapeutic strategy for MS.",2015,multiple sclerosis,neurology,True,,,Cell Reports,cell reports,True,openalex,Dimitry Ofengeim; Yasushi Ito; Ayaz Najafov; Yaoyang Zhang; Bing Shan; Judy Park DeWitt; Juanying Ye; Xumin Zhang; Ansi Chang; Helin Vakifahmetoglu-Norberg; Jiefei Geng; Bénédicte F. Py; Wen Zhou; Palak Amin; Jonilson Berlink Lima; Chunting Qi; Qiang Yu; Bruce D. Trapp; Junying Yuan,https://doi.org/10.1016/j.celrep.2015.02.051,517,,,,25801023,,,,,,,True,cited_by_count>=405 (top 10.0%); cited_by_count>=405 (top 10.0%),10.1016/j.celrep.2015.02.051,,,False,-0.010327919
https://openalex.org/W2889190248,10.1016/j.cell.2018.08.011,"Memory B Cells Activate Brain-Homing, Autoreactive CD4+ T Cells in Multiple Sclerosis",,2018,multiple sclerosis,neurology,True,,,Cell,cell,False,openalex,Ivan Jelčić; Faiez Al Nimer; Jian Wang; Verena Lentsch; Raquel Planas; Ilijas Jelčić; Aleksandar Madjovski; Sabrina Ruhrmann; Wolfgang Faigle; Katrin Frauenknecht; Clemencia Pinilla; Radleigh G. Santos; Christian Hammer; Yaneth Ortiz; Lennart Opitz; Hans Grönlund; Gerhard Rogler; Onur Boyman; Richard Reynolds; Andreas Lutterotti; Mohsen Khademi; Tomas Olsson; Fredrik Piehl; Mireia Sospedra; Roland Martinꝉ,https://doi.org/10.1016/j.cell.2018.08.011,516,,,,30173916,,,,,,,True,cited_by_count>=405 (top 10.0%); cited_by_count>=405 (top 10.0%),10.1016/j.cell.2018.08.011,,,False,-0.097666845
https://openalex.org/W2127229016,10.1016/s1474-4422(14)70250-9,Clinical and imaging assessment of cognitive dysfunction in multiple sclerosis,,2015,multiple sclerosis,neurology,False,,,The Lancet Neurology,the lancet neurology,False,openalex,Maria A. Rocca; Maria Pia Amato; Nicola De Stefano; Christian Enzinger; Jeroen J.G. Geurts; Iris‐Katharina Penner; Àlex Rovira; James Sumowski; Paola Valsasina; Massimo Filippi,,513,,,,25662900,,,,,,,True,cited_by_count>=405 (top 10.0%); cited_by_count>=405 (top 10.0%),10.1016/s1474-4422(14)70250-9,,,False,-0.025978468
https://openalex.org/W4296806570,10.1038/s41591-022-02001-z,Long-term neurologic outcomes of COVID-19,"The neurologic manifestations of acute COVID-19 are well characterized, but a comprehensive evaluation of postacute neurologic sequelae at 1 year has not been undertaken. Here we use the national healthcare databases of the US Department of Veterans Affairs to build a cohort of 154,068 individuals with COVID-19, 5,638,795 contemporary controls and 5,859,621 historical controls; we use inverse probability weighting to balance the cohorts, and estimate risks and burdens of incident neurologic disorders at 12 months following acute SARS-CoV-2 infection. Our results show that in the postacute phase of COVID-19, there was increased risk of an array of incident neurologic sequelae including ischemic and hemorrhagic stroke, cognition and memory disorders, peripheral nervous system disorders, episodic disorders (for example, migraine and seizures), extrapyramidal and movement disorders, mental health disorders, musculoskeletal disorders, sensory disorders, Guillain-Barré syndrome, and encephalitis or encephalopathy. We estimated that the hazard ratio of any neurologic sequela was 1.42 (95% confidence intervals 1.38, 1.47) and burden 70.69 (95% confidence intervals 63.54, 78.01) per 1,000 persons at 12 months. The risks and burdens were elevated even in people who did not require hospitalization during acute COVID-19. Limitations include a cohort comprising mostly White males. Taken together, our results provide evidence of increased risk of long-term neurologic disorders in people who had COVID-19.",2022,neurology,neurology,True,,,Nature Medicine,nature medicine,False,openalex,Evan Xu; Yan Xie; Ziyad Al‐Aly,https://doi.org/10.1038/s41591-022-02001-z,512,,,,36138154,,,,,,,True,cited_by_count>=405 (top 10.0%); cited_by_count>=405 (top 10.0%),10.1038/s41591-022-02001-z,,,False,0.0134665705
https://openalex.org/W2178210969,10.1007/s00401-015-1481-5,"Infections, inflammation and epilepsy",,2015,epilepsy,neurology,True,,,Acta Neuropathologica,acta neuropathologica,False,openalex,Annamaria Vezzani; Robert S. Fujinami; H. Steve White; Pierre‐Marie Preux; Ingmar Blümcke; Josemir W. Sander; Wolfgang Löscher,https://www.ncbi.nlm.nih.gov/pmc/articles/4867498,512,,,,26423537,,,,,,,True,cited_by_count>=405 (top 10.0%); cited_by_count>=405 (top 10.0%),10.1007/s00401-015-1481-5,,,False,-0.05330693
https://openalex.org/W4403464922,10.1016/j.apsb.2024.10.004,Oxidative stress and inflammation in the pathogenesis of neurological disorders: Mechanisms and implications,"Neuroprotection is a proactive approach to safeguarding the nervous system, including the brain, spinal cord, and peripheral nerves, by preventing or limiting damage to nerve cells and other components. It primarily defends the central nervous system against injury from acute and progressive neurodegenerative disorders. Oxidative stress, an imbalance between the body's natural defense mechanisms and the generation of reactive oxygen species, is crucial in developing neurological disorders. Due to its high metabolic rate and oxygen consumption, the brain is particularly vulnerable to oxidative stress. Excessive ROS damages the essential biomolecules, leading to cellular malfunction and neurodegeneration. Several neurological disorders, including Alzheimer's, Parkinson's, Amyotrophic lateral sclerosis, multiple sclerosis, and ischemic stroke, are associated with oxidative stress. Understanding the impact of oxidative stress in these conditions is crucial for developing new treatment methods. Researchers are exploring using antioxidants and other molecules to mitigate oxidative stress, aiming to prevent or slow down the progression of brain diseases. By understanding the intricate interplay between oxidative stress and neurological disorders, scientists hope to pave the way for innovative therapeutic and preventive approaches, ultimately improving individuals' living standards.",2024,neurology,neurology,True,,,Acta Pharmaceutica Sinica B,acta pharmaceutica sinica b,True,openalex,Umesh Chandra Dash; Nitish Kumar Bhol; Sandeep Kumar Swain; Rashmi Rekha Samal; P. K. Nayak; Vishakha Raina; Sandeep Kumar Panda; Rout George Kerry; Asim K. Duttaroy; Atala Bihari Jena,https://doi.org/10.1016/j.apsb.2024.10.004,511,,,,40041912,,,,,,,True,cited_by_count>=405 (top 10.0%); cited_by_count>=405 (top 10.0%),10.1016/j.apsb.2024.10.004,,,False,0.121793486
https://openalex.org/W2793411159,10.1111/epi.14016,"Proposed consensus definitions for new‐onset refractory status epilepticus (NORSE), febrile infection‐related epilepsy syndrome (FIRES), and related conditions","We convened an international group of experts to standardize definitions of New-Onset Refractory Status Epilepticus (NORSE), Febrile Infection-Related Epilepsy Syndrome (FIRES), and related conditions. This was done to enable improved communication for investigators, physicians, families, patients, and other caregivers. Consensus definitions were achieved via email messages, phone calls, an in-person consensus conference, and collaborative manuscript preparation. Panel members were from 8 countries and included adult and pediatric experts in epilepsy, electroencephalography (EEG), and neurocritical care. The proposed consensus definitions are as follows: NORSE is a clinical presentation, not a specific diagnosis, in a patient without active epilepsy or other preexisting relevant neurological disorder, with new onset of refractory status epilepticus without a clear acute or active structural, toxic or metabolic cause. FIRES is a subcategory of NORSE, applicable for all ages, that requires a prior febrile infection starting between 2 weeks and 24 hours prior to onset of refractory status epilepticus, with or without fever at onset of status epilepticus. Proposed consensus definitions are also provided for Infantile Hemiconvulsion-Hemiplegia and Epilepsy syndrome (IHHE) and for prolonged, refractory and super-refractory status epilepticus. This document has been endorsed by the Critical Care EEG Monitoring Research Consortium. We hope these consensus definitions will promote improved communication, permit multicenter research, and ultimately improve understanding and treatment of these conditions.",2018,epilepsy,neurology,True,,,Epilepsia,epilepsia,False,openalex,Lawrence J. Hirsch; Nicolas Gaspard; Andreas van Baalen; Rima Nabbout; Sophie Demeret; Tobias Loddenkemper; Vincent Navarro; Nicola Specchio; Lieven Lagae; Andrea O. Rossetti; Sara E. Hocker; Teneille Gofton; Nicholas S. Abend; Emily J. Gilmore; Cecil D. Hahn; Houman Khosravani; Felix Rosenow; Eugen Trinka,https://doi.org/10.1111/epi.14016,511,,,,29399791,,,,,,,True,cited_by_count>=405 (top 10.0%); cited_by_count>=405 (top 10.0%),10.1111/epi.14016,,,False,0.027283177
https://openalex.org/W3006513289,10.3805/jjes.37.6,ILAE classification of the epilepsies: Position paper of the ILAE Commission for Classification and Terminology,国際抗てんかん連盟（ILAE）は，1989年の前回分類以降の大きな科学的進歩によっててんかんやその発症機序に関する理解が深まったことをうけ，今回てんかん分類を改訂するに至った。てんかん分類は臨床医に不可欠なツールとして，考え方の変化に関連し変動するものでなければならないが，同時に確固たるものでかつ全世界で翻訳可能なものでなければならない。てんかん分類の第一の目的は患者の診断であるが，てんかんの研究，治療法の開発，世界中のコミュニケーションにおいても重要である。今回の新たな分類は，パブリック・コメントを募集するために2013年に提出した初案に端を発しており，数回にわたる協議を経ててんかんに関わる世界各国の人々からの幅広い意見を組み込んで改訂されたものである。この分類には3つのレベルがある。最初のレベルは「発作型」診断であり，2017年ILAE発作分類の定義に基づいて患者がてんかん発作を有していることを前提としている。発作型診断の次のステップは「てんかん病型」診断であり，焦点てんかん，全般てんかん，全般焦点合併てんかん，病型不明てんかんのいずれかに分類される。3つ目のレベルは「てんかん症候群」診断であり，特定の症候群への診断が可能である。新分類では各段階に「病因」診断を組み入れており，しばしば治療に重要な示唆をもたらすという理由から，診断の各ステップで病因を検討する必要性を強調している。病因は，治療に及ぼし得る影響に基づいて選択された6つのサブグループに分けられている。「発達性てんかん性脳症」などの新たな用語も導入されている。「良性」という用語は，「自然終息性」と「薬剤反応性」という用語に置き換え，状況に応じてどちらかを使用する。この新たな枠組みが21世紀のてんかん診療と研究の向上に役立つことを願っている。,2019,epilepsy,neurology,False,,,Journal of the Japan Epilepsy Society,journal of the japan epilepsy society,False,openalex,Ingrid E. Scheffer; Samuel F. Berkovic; Giuseppe Capovilla; Mary Connolly; Jacqueline A. French; Laura Maria de Figueiredo Ferreira Guilhoto; Édouard Hirsch; Satish Jain; Gary W. Mathern; Solomon L. Moshé; Douglas R. Nordli; Emilio Perucca; Torbjörn Tomson; Samuel Wiebe; Yue-Hua Zhang; Sameer M. Zuberi,,511,,,,,,,,,,,True,cited_by_count>=405 (top 10.0%); cited_by_count>=405 (top 10.0%),10.3805/jjes.37.6,,,False,-0.04610724
https://openalex.org/W4210695280,10.1093/brain/awac016,How patients with multiple sclerosis acquire disability,"Patients with multiple sclerosis acquire disability either through relapse-associated worsening (RAW) or progression independent of relapse activity (PIRA). This study addresses the relative contribution of relapses to disability worsening over the course of the disease, how early progression begins and the extent to which multiple sclerosis therapies delay disability accumulation. Using the Novartis-Oxford multiple sclerosis (NO.MS) data pool spanning all multiple sclerosis phenotypes and paediatric multiple sclerosis, we evaluated ∼200 000 Expanded Disability Status Scale (EDSS) transitions from >27 000 patients with ≤15 years follow-up. We analysed three datasets: (i) A full analysis dataset containing all observational and randomized controlled clinical trials in which disability and relapses were assessed (n = 27 328); (ii) all phase 3 clinical trials (n = 8346); and (iii) all placebo-controlled phase 3 clinical trials (n = 4970). We determined the relative importance of RAW and PIRA, investigated the role of relapses on all-cause disability worsening using Andersen-Gill models and observed the impact of the mechanism of worsening and disease-modifying therapies on the time to reach milestone disability levels using time continuous Markov models. PIRA started early in the disease process, occurred in all phenotypes and became the principal driver of disability accumulation in the progressive phase of the disease. Relapses significantly increased the hazard of all-cause disability worsening events; following a year in which relapses occurred (versus a year without relapses), the hazard increased by 31-48% (all P < 0.001). Pre-existing disability and older age were the principal risk factors for incomplete relapse recovery. For placebo-treated patients with minimal disability (EDSS 1), it took 8.95 years until increased limitation in walking ability (EDSS 4) and 18.48 years to require walking assistance (EDSS 6). Treating patients with disease-modifying therapies delayed these times significantly by 3.51 years (95% confidence limit: 3.19, 3.96) and 3.09 years (2.60, 3.72), respectively. In patients with relapsing-remitting multiple sclerosis, those who worsened exclusively due to RAW events took a similar length of time to reach milestone EDSS values compared with those with PIRA events; the fastest transitions were observed in patients with PIRA and superimposed relapses. Our data confirm that relapses contribute to the accumulation of disability, primarily early in multiple sclerosis. PIRA begins in relapsing-remitting multiple sclerosis and becomes the dominant driver of disability accumulation as the disease evolves. Pre-existing disability and older age are the principal risk factors for further disability accumulation. The use of disease-modifying therapies delays disability accrual by years, with the potential to gain time being highest in the earliest stages of multiple sclerosis.",2022,multiple sclerosis,neurology,True,,,Brain,brain,False,openalex,Fred Lublin; Dieter A. Häring; Habib Ganjgahi; Alex Ocampo; Farhad Hatami; Jelena Čuklina; Piet Aarden; Frank Dahlke; Douglas L. Arnold; Heinz Wiendl; Tanuja Chitnis; Thomas E. Nichols; Bernd C. Kieseier; Robert A Bermel,https://doi.org/10.1093/brain/awac016,510,,,,35104840,,,,,,,True,cited_by_count>=405 (top 10.0%); cited_by_count>=405 (top 10.0%),10.1093/brain/awac016,,,False,0.03203462
https://openalex.org/W3164970519,10.46292/sci2702-1,International Standards for Neurological Classification of Spinal Cord Injury,"Classification of Spinal Cord Injury (ISNCSCI) that describes the examination (referred to as the International Standards examination) as well as the classification including the American Spinal Injury Association (ASIA) Impairment Scale (AIS). In this edition, substantial revisions have been made in addition to the 2015 update of the 7th edition. (The key changes made in 2015 are found below. ) The revisions in this new edition are based not only upon comments, questions, and suggestions from the international community of spinal cord injury (SCI) clinicians and researchers, but also take into account recently available evidence and structured feedback from ISNCSCI training courses. Due to the space constraints in this booklet, more details and explanations about each of the revisions will be/are separately published as journal articles.",2021,neurology,neurology,True,,,Topics in Spinal Cord Injury Rehabilitation,topics in spinal cord injury rehabilitation,False,openalex,Rüdiger Rupp; Fin Biering‐Sørensen; Stephen P. Burns; Daniel Graves; James D. Guest; Linda Jones; Mary Schmidt Read; Gianna M. Rodriguez; Christian Schuld; Keith E. Tansey-MD; Kristen Walden; Steven Kirshblum,https://doi.org/10.46292/sci2702-1,510,,,,34108832,,,,,,,True,cited_by_count>=405 (top 10.0%); cited_by_count>=405 (top 10.0%),10.46292/sci2702-1,,,False,0.10504473
https://openalex.org/W2738307679,10.3988/jcn.2017.13.3.227,Neurological Complications during Treatment of Middle East Respiratory Syndrome,"BACKGROUND AND PURPOSE: Middle East respiratory syndrome (MERS) has a high mortality rate and pandemic potential. However, the neurological manifestations of MERS have rarely been reported since it first emerged in 2012. METHODS: We evaluated four patients with laboratory-confirmed MERS coronavirus (CoV) infections who showed neurological complications during MERS treatment. These 4 patients were from a cohort of 23 patients who were treated at a single designated hospital during the 2015 outbreak in the Republic of Korea. The clinical presentations, laboratory findings, and prognoses are described. RESULTS: Four of the 23 admitted MERS patients reported neurological symptoms during or after MERS-CoV treatment. The potential diagnoses in these four cases included Bickerstaff's encephalitis overlapping with Guillain-Barré syndrome, intensive-care-unit-acquired weakness, or other toxic or infectious neuropathies. Neurological complications did not appear concomitantly with respiratory symptoms, instead being delayed by 2-3 weeks. CONCLUSIONS: Neuromuscular complications are not rare during MERS treatment, and they may have previously been underdiagnosed. Understanding the neurological manifestations is important in an infectious disease such as MERS, because these symptoms are rarely evaluated thoroughly during treatment, and they may interfere with the prognosis or require treatment modification.",2017,neurology,neurology,True,,,Journal of Clinical Neurology,journal of clinical neurology,True,openalex,Jee‐Eun Kim; Jae‐Hyeok Heo; Hye-Ok Kim; Sook-hee Song; Sang-Soon Park; Tai-Hwan Park; Jin Young Ahn; Min-Ky Kim; Jae‐Phil Choi,https://doi.org/10.3988/jcn.2017.13.3.227,510,,,,28748673,,,,,,,True,cited_by_count>=405 (top 10.0%); cited_by_count>=405 (top 10.0%),10.3988/jcn.2017.13.3.227,,,False,-0.019930892
https://openalex.org/W2904871119,10.1016/j.molmed.2018.11.005,Microglia in Central Nervous System Inflammation and Multiple Sclerosis Pathology,,2018,multiple sclerosis,neurology,False,,,Trends in Molecular Medicine,trends in molecular medicine,False,openalex,Sofie Voet; Marco Prinz; Geert Loo,,510,,,,30578090,,,,,,,True,cited_by_count>=405 (top 10.0%); cited_by_count>=405 (top 10.0%),10.1016/j.molmed.2018.11.005,,,False,-0.029030677
https://openalex.org/W2589005373,10.1177/1352458517690824,The Nine-Hole Peg Test as a manual dexterity performance measure for multiple sclerosis,"Impaired manual dexterity is a frequently reported disability in people with multiple sclerosis (MS) and is increasingly prevalent with worsening disease. While various tests and patient-reported outcome measures are available, the Nine-Hole Peg Test (NHPT) is considered as a gold standard measure of manual dexterity and most frequently used in MS research and clinical practice. The MS Outcome Assessments Consortium (MSOAC) includes representatives from advocacy organizations, Food and Drug Administration (FDA), European Medicines Agency (EMA), National Institute of Neurological Disorders and Stroke (NINDS), academic institutions, and industry partners along with persons living with MS. Among the MSOAC goals are acceptance and qualification by regulators of performance outcomes that are highly reliable and valid, practical, cost-effective, and meaningful to persons with MS. A critical step for these neuroperformance metrics is elucidation of clinically relevant benchmarks, well-defined degrees of disability, and gradients of change that are deemed clinically meaningful. This article addresses the NHPT, the proposed MSOAC measure for upper extremity function. We find that the NHPT is reliable within and between test sessions, discriminates between healthy subjects and MS patients with different levels of upper limb impairment, and shows high convergent validity with other manual dexterity as well as more comprehensive upper limb measures. Ecological validity is established by its relation to perceived upper limb use in daily life and perceived difficulty in performing activities of daily living. The NHPT is responsive to deterioration in longitudinal studies, and research suggests that a 20% change in test score is commonly used to define clinically meaningful worsening, a definition that needs further validation in all stages of the disease.",2017,multiple sclerosis,neurology,True,,,Multiple Sclerosis Journal,multiple sclerosis journal,False,openalex,Peter Feys; Ilse Lamers; Gordon Francis; Ralph H. B. Benedict; Glenn Phillips; Nicholas G. LaRocca; Lynn D. Hudson; Richard A. Rudick,https://doi.org/10.1177/1352458517690824,509,,,,,,,,,,,True,cited_by_count>=405 (top 10.0%); cited_by_count>=405 (top 10.0%),10.1177/1352458517690824,,,False,0.048880644
https://openalex.org/W2904891280,10.1038/s41467-018-07524-z,Genome-wide mega-analysis identifies 16 loci and highlights diverse biological mechanisms in the common epilepsies,"The epilepsies affect around 65 million people worldwide and have a substantial missing heritability component. We report a genome-wide mega-analysis involving 15,212 individuals with epilepsy and 29,677 controls, which reveals 16 genome-wide significant loci, of which 11 are novel. Using various prioritization criteria, we pinpoint the 21 most likely epilepsy genes at these loci, with the majority in genetic generalized epilepsies. These genes have diverse biological functions, including coding for ion-channel subunits, transcription factors and a vitamin-B6 metabolism enzyme. Converging evidence shows that the common variants associated with epilepsy play a role in epigenetic regulation of gene expression in the brain. The results show an enrichment for monogenic epilepsy genes as well as known targets of antiepileptic drugs. Using SNP-based heritability analyses we disentangle both the unique and overlapping genetic basis to seven different epilepsy subtypes. Together, these findings provide leads for epilepsy therapies based on underlying pathophysiology.",2018,epilepsy,neurology,True,,,Nature Communications,nature communications,True,openalex,Bassel Abou‐Khalil; Pauls Auce; Andreja Avberšek; Melanie Bahlo; David J. Balding; Thomas Bast; Larry Baum; Albert J. Becker; Felicitas Becker; Bianca Berghuis; Samuel F. Berkovic; Katja Boysen; Jonathan P. Bradfield; Lawrence C. Brody; Russell J. Buono; Ellen Campbell; Gregory D. Cascino; Claudia B. Catarino; Gianpiero L. Cavalleri; Stacey S. Cherny; Krishna Chinthapalli; Alison J. Coffey; Alastair Compston; Antonietta Coppola; Patrick Cossette; John Craig; Gerrit‐Jan de Haan; Peter De Jonghe; Carolien G. F. de Kovel; Norman Delanty; Chantal Depondt; Orrin Devinsky; Dennis Dlugos; Colin P. Doherty; Christian E. Elger; Johan G. Eriksson; Thomas N. Ferraro; Martha Feucht; Ben Francis; André Franke; Jacqueline A. French; Saskia Freytag; Verena Gaus; Eric B. Geller; Christian Gieger; Tracy A. Glauser; Simon Glynn; David B. Goldstein; Hongsheng Gui; Youling Guo; Kevin F. Haas; Håkon Håkonarson; Kerstin Hallmann; Sheryl R. Haut; Erin L. Heinzen; Ingo Helbig; Christian Hengsbach; Helle Hjalgrim; Michele Iacomino; Andrés Ingason; Jennifer Jamnadas-Khoda; Michael R. Johnson; Reetta Kälviäinen; Anne-Mari Kantanen; Dalia Kasperavičiūtė; Dorothée Kasteleijn‐Nolst Trenité; Heidi E. Kirsch; Robert C. Knowlton; Bobby P.C. Koeleman; Roland Krause; Martin Krenn; Wolfram S. Kunz; Ruben Kuzniecky; Patrick Kwan; Dennis Lal; YL Lau; Anna‐Elina Lehesjoki; Holger Lerche; Costin Leu; Wolfgang Lieb; Dick Lindhout; Warren Lo; Íscia Lopes‐Cendes; Daniel H. Lowenstein; Alberto Malovini; Anthony G Marson; Thomas Mayer; Mark McCormack; James L. Mills; Nasir Mirza; Martina Moerzinger; Rikke S. Møller; Anne M. Molloy; Hiltrud Muhle; Mark R. Newton; Ping-Wing Ng; Markus M. Nöthen; Peter Nürnberg; Terence J. O’Brien; Karen Oliver,https://doi.org/10.1038/s41467-018-07524-z,508,,,,30531953,,,,,,,True,cited_by_count>=405 (top 10.0%); cited_by_count>=405 (top 10.0%),10.1038/s41467-018-07524-z,,,False,0.09606099
https://openalex.org/W2539358755,10.1007/s00401-016-1631-4,Multiple sclerosis: experimental models and reality,"One of the most frequent statements, provided in different variations in the introduction of experimental studies on multiple sclerosis (MS), is that “Multiple sclerosis is a demyelinating autoimmune disease and experimental autoimmune encephalomyelitis (EAE) is a suitable model to study its pathogenesis”. However, so far, no single experimental model covers the entire spectrum of the clinical, pathological, or immunological features of the disease. Many different models are available, which proved to be highly useful for studying different aspects of inflammation, demyelination, remyelination, and neurodegeneration in the central nervous system. However, the relevance of results from such models for MS pathogenesis has to be critically validated. Current EAE models are mainly based on inflammation, induced by auto-reactive CD4+ T-cells, and these models reflect important aspects of MS. However, pathological data and results from clinical trials in MS indicate that CD8+ T-cells and B-lymphocytes may play an important role in propagating inflammation and tissue damage in established MS. Viral models may reflect key features of MS-like inflammatory demyelination, but are difficult to use due to their very complex pathogenesis, involving direct virus-induced and immune-mediated mechanisms. Furthermore, evidence for a role of viruses in MS pathogenesis is indirect and limited, and an MS-specific virus infection has not been identified so far. Toxic models are highly useful to unravel mechanisms of de- and remyelination, but do not reflect other important aspects of MS pathology and pathogenesis. For all these reasons, it is important to select the right experimental model to answer specific questions in MS research.",2016,multiple sclerosis,neurology,True,,,Acta Neuropathologica,acta neuropathologica,False,openalex,Hans Lassmann; Monika Bradl,https://doi.org/10.1007/s00401-016-1631-4,508,,,,27766432,,,,,,,True,cited_by_count>=405 (top 10.0%); cited_by_count>=405 (top 10.0%),10.1007/s00401-016-1631-4,,,False,-0.051230725
https://openalex.org/W2105913548,10.1177/1352458514564487,The incidence and prevalence of psychiatric disorders in multiple sclerosis: A systematic review,"BACKGROUND: Psychiatric comorbidity is associated with lower quality of life, more fatigue, and reduced adherence to disease-modifying therapy in multiple sclerosis (MS). OBJECTIVES: The objectives of this review are to estimate the incidence and prevalence of selected comorbid psychiatric disorders in MS and evaluate the quality of included studies. METHODS: We searched the PubMed, PsychInfo, SCOPUS, and Web of Knowledge databases and reference lists of retrieved articles. Abstracts were screened for relevance by two independent reviewers, followed by full-text review. Data were abstracted by one reviewer, and verified by a second reviewer. Study quality was evaluated using a standardized tool. For population-based studies we assessed heterogeneity quantitatively using the I² statistic, and conducted meta-analyses. RESULTS: We included 118 studies in this review. Among population-based studies, the prevalence of anxiety was 21.9% (95% CI: 8.76%-35.0%), while it was 14.8% for alcohol abuse, 5.83% for bipolar disorder, 23.7% (95% CI: 17.4%-30.0%) for depression, 2.5% for substance abuse, and 4.3% (95% CI: 0%-10.3%) for psychosis. CONCLUSION: This review confirms that psychiatric comorbidity, particularly depression and anxiety, is common in MS. However, the incidence of psychiatric comorbidity remains understudied. Future comparisons across studies would be enhanced by developing a consistent approach to measuring psychiatric comorbidity, and reporting of age-, sex-, and ethnicity-specific estimates.",2015,multiple sclerosis,neurology,True,,,Multiple Sclerosis Journal,multiple sclerosis journal,False,openalex,Ruth Ann Marrie; Stephen C. Reingold; Jeffrey A. Cohen; Olaf Stüve; María Trojano; Per Soelberg Sørensen; Gary Cutter; Nadia Reider,https://www.ncbi.nlm.nih.gov/pmc/articles/4429164,507,,,,25583845,,,,,,,True,cited_by_count>=405 (top 10.0%); cited_by_count>=405 (top 10.0%),10.1177/1352458514564487,,,False,0.06503562
https://openalex.org/W2977883158,10.1001/jamaneurol.2019.3365,"Infection Risks Among Patients With Multiple Sclerosis Treated With Fingolimod, Natalizumab, Rituximab, and Injectable Therapies","Importance: Although highly effective disease-modifying therapies for multiple sclerosis (MS) have been associated with an increased risk of infections vs injectable therapies interferon beta and glatiramer acetate (GA), the magnitude of potential risk increase is not well established in real-world populations. Even less is known about infection risk associated with rituximab, which is extensively used off-label to treat MS in Sweden. Objective: To examine the risk of serious infections associated with disease-modifying treatments for MS. Design, Setting, and Participants: This nationwide register-based cohort study was conducted in Sweden from January 1, 2011, to December 31, 2017. National registers with prospective data collection from the public health care system were used. All Swedish patients with relapsing-remitting MS whose data were recorded in the Swedish MS register as initiating treatment with rituximab, natalizumab, fingolimod, or interferon beta and GA and an age-matched and sex-matched general population comparator cohort were included. Exposures: Treatment with rituximab, natalizumab, fingolimod, and interferon beta and GA. Main Outcomes and Measures: Serious infections were defined as all infections resulting in hospitalization. Additional outcomes included outpatient treatment with antibiotic or herpes antiviral medications. Adjusted hazard ratios (HRs) were estimated in Cox regressions. Results: A total of 6421 patients (3260 taking rituximab, 1588 taking natalizumab, 1535 taking fingolimod, and 2217 taking interferon beta/GA) were included, plus a comparator cohort of 42 645 individuals. Among 6421 patients with 8600 treatment episodes, the mean (SD) age at treatment start ranged from 35.0 (10.1) years to 40.4 (10.6) years; 6186 patients were female. The crude rate of infections was higher in patients with MS taking interferon beta and GA than the general population (incidence rate, 8.9 [95% CI, 6.4-12.1] vs 5.2 [95% CI, 4.8-5.5] per 1000 person-years), and higher still in patients taking fingolimod (incidence rate, 14.3 [95% CI, 10.8-18.5] per 1000 person-years), natalizumab (incidence rate, 11.4 [95% CI, 8.3-15.3] per 1000 person-years), and rituximab (incidence rate, 19.7 [95% CI, 16.4-23.5] per 1000 person-years). After confounder adjustment, the rate remained significantly higher for rituximab (HR, 1.70 [95% CI, 1.11-2.61]) but not fingolimod (HR, 1.30 [95% CI, 0.84-2.03]) or natalizumab (HR, 1.12 [95% CI, 0.71-1.77]) compared with interferon beta and GA. In contrast, use of herpes antiviral drugs during rituximab treatment was similar to that of interferon beta and GA and lower than that of natalizumab (HR, 1.82 [1.34-2.46]) and fingolimod (HR, 1.71 [95% CI, 1.27-2.32]). Conclusions and Relevance: Patients with MS are at a generally increased risk of infections, and this differs by treatment. The rate of infections was lowest with interferon beta and GA; among newer treatments, off-label use of rituximab was associated with the highest rate of serious infections. The different risk profiles should inform the risk-benefit assessments of these treatments.",2019,multiple sclerosis,neurology,True,,,JAMA Neurology,jama neurology,False,openalex,Gustavo Luna; Peter Alping; Joachim Burman; Katharina Fink; Anna Fogdell‐Hahn; Martin Gunnarsson; Jan Hillert; Annette Langer‐Gould; Jan Lycke; Petra Nilsson; Jonatan Salzer; Anders Svenningsson; Magnus Vrethem; Tomas Olsson; Fredrik Piehl; Thomas Frisell,https://doi.org/10.1001/jamaneurol.2019.3365,505,,,,31589278,,,,,,,True,cited_by_count>=405 (top 10.0%); cited_by_count>=405 (top 10.0%),10.1001/jamaneurol.2019.3365,,,False,0.02247373
https://openalex.org/W2401156097,10.1016/j.celrep.2016.05.009,A Diet Mimicking Fasting Promotes Regeneration and Reduces Autoimmunity and Multiple Sclerosis Symptoms,"Dietary interventions have not been effective in the treatment of multiple sclerosis (MS). Here, we show that periodic 3-day cycles of a fasting mimicking diet (FMD) are effective in ameliorating demyelination and symptoms in a murine experimental autoimmune encephalomyelitis (EAE) model. The FMD reduced clinical severity in all mice and completely reversed symptoms in 20% of animals. These improvements were associated with increased corticosterone levels and regulatory T (Treg) cell numbers and reduced levels of pro-inflammatory cytokines, TH1 and TH17 cells, and antigen-presenting cells (APCs). Moreover, the FMD promoted oligodendrocyte precursor cell regeneration and remyelination in axons in both EAE and cuprizone MS models, supporting its effects on both suppression of autoimmunity and remyelination. We also report preliminary data suggesting that an FMD or a chronic ketogenic diet are safe, feasible, and potentially effective in the treatment of relapsing-remitting multiple sclerosis (RRMS) patients (NCT01538355).",2016,multiple sclerosis,neurology,True,,,Cell Reports,cell reports,True,openalex,In Young Choi; Laura Piccio; Patra Childress; Bryan Bollman; Arko Ghosh; Sebastian Brandhorst; Jorge Suárez; Andreas Michalsen; Anne H. Cross; Todd E. Morgan; Min Wei; Friedemann Paul; Markus Böck; Valter D. Longo,https://doi.org/10.1016/j.celrep.2016.05.009,503,,,,27239035,,,,,,,True,cited_by_count>=405 (top 10.0%); cited_by_count>=405 (top 10.0%),10.1016/j.celrep.2016.05.009,,,False,-0.06771654
https://openalex.org/W2689106072,10.1016/s1474-4422(17)30168-0,Music-based interventions in neurological rehabilitation,,2017,neurology,neurology,True,,,The Lancet Neurology,the lancet neurology,False,openalex,Aleksi J. Sihvonen; Teppo Särkämö; Vera Leo; Mari Tervaniemi; Eckart Altenmüller; Seppo Soinila,http://hdl.handle.net/10138/311671,502,,,,28663005,,,,,,,True,cited_by_count>=405 (top 10.0%); cited_by_count>=405 (top 10.0%),10.1016/s1474-4422(17)30168-0,,,False,0.06459497
https://openalex.org/W4205459581,10.1128/cmr.00338-20,A Comprehensive Review on the Role of the Gut Microbiome in Human Neurological Disorders,"The human body is full of an extensive number of commensal microbes, consisting of bacteria, viruses, and fungi, collectively termed the human microbiome. The initial acquisition of microbiota occurs from both the external and maternal environments, and the vast majority of them colonize the gastrointestinal tract (GIT). These microbial communities play a central role in the maturation and development of the immune system, the central nervous system, and the GIT system and are also responsible for essential metabolic pathways. Various factors, including host genetic predisposition, environmental factors, lifestyle, diet, antibiotic or nonantibiotic drug use, etc., affect the composition of the gut microbiota. Recent publications have highlighted that an imbalance in the gut microflora, known as dysbiosis, is associated with the onset and progression of neurological disorders. Moreover, characterization of the microbiome-host cross talk pathways provides insight into novel therapeutic strategies. Novel preclinical and clinical research on interventions related to the gut microbiome for treating neurological conditions, including autism spectrum disorders, Parkinson's disease, schizophrenia, multiple sclerosis, Alzheimer's disease, epilepsy, and stroke, hold significant promise. This review aims to present a comprehensive overview of the potential involvement of the human gut microbiome in the pathogenesis of neurological disorders, with a particular emphasis on the potential of microbe-based therapies and/or diagnostic microbial biomarkers. This review also discusses the potential health benefits of the administration of probiotics, prebiotics, postbiotics, and synbiotics and fecal microbiota transplantation in neurological disorders.",2022,neurology,neurology,True,,,Clinical Microbiology Reviews,clinical microbiology reviews,False,openalex,Shokufeh Ghasemian Sorboni; Hanieh Shakeri Moghaddam; Reza Jafarzadeh-Esfehani; Saman Soleimanpour,https://www.ncbi.nlm.nih.gov/pmc/articles/8729913,497,,,,34985325,,,,,,,True,cited_by_count>=405 (top 10.0%); cited_by_count>=405 (top 10.0%),10.1128/cmr.00338-20,,,False,0.08045562
https://openalex.org/W2560344182,10.1016/j.seizure.2016.11.030,Epilepsy-associated genes,,2016,epilepsy,neurology,True,,,Seizure,seizure,False,openalex,Jie Wang; Zhi-Jian Lin; Liu Liu; Haiqing Xu; Yi‐Wu Shi; Yong‐Hong Yi; Na He; Wei‐Ping Liao,https://doi.org/10.1016/j.seizure.2016.11.030,496,,,,28007376,,,,,,,True,cited_by_count>=405 (top 10.0%); cited_by_count>=405 (top 10.0%),10.1016/j.seizure.2016.11.030,,,False,0.022935744
https://openalex.org/W3164824044,10.1111/jns.12455,European Academy of Neurology/Peripheral Nerve Society guideline on diagnosis and treatment of chronic inflammatory demyelinating polyradiculoneuropathy: Report of a joint Task Force—Second revision,"To revise the 2010 consensus guideline on chronic inflammatory demyelinating polyradiculoneuropathy (CIDP). Seventeen disease experts, a patient representative, and two Cochrane methodologists constructed 12 Population/Intervention/Comparison/Outcome (PICO) questions regarding diagnosis and treatment to guide the literature search. Data were extracted and summarized in GRADE summary of findings (for treatment PICOs) or evidence tables (for diagnostic PICOs). Statements were prepared according to the GRADE Evidence-to-Decision frameworks. Typical CIDP and CIDP variants were distinguished. The previous term ""atypical CIDP"" was replaced by ""CIDP variants"" because these are well characterized entities (multifocal, focal, distal, motor, or sensory CIDP). The levels of diagnostic certainty were reduced from three (definite, probable, possible CIDP) to only two (CIDP and possible CIDP), because the diagnostic accuracy of criteria for probable and definite CIDP did not significantly differ. Good Practice Points were formulated for supportive criteria and investigations to be considered to diagnose CIDP. The principal treatment recommendations were: (a) intravenous immunoglobulin (IVIg) or corticosteroids are strongly recommended as initial treatment in typical CIDP and CIDP variants; (b) plasma exchange is strongly recommended if IVIg and corticosteroids are ineffective; (c) IVIg should be considered as first-line treatment in motor CIDP (Good Practice Point); (d) for maintenance treatment, IVIg, subcutaneous immunoglobulin or corticosteroids are recommended; (e) if the maintenance dose of any of these is high, consider either combination treatments or adding an immunosuppressant or immunomodulatory drug (Good Practice Point); and (f) if pain is present, consider drugs against neuropathic pain and multidisciplinary management (Good Practice Point).",2021,neurology,neurology,True,,,Journal of the Peripheral Nervous System,journal of the peripheral nervous system,False,openalex,Peter Van den Bergh; Pieter A. van Doorn; Robert D. M. Hadden; Bert Avau; Patrik Vankrunkelsven; Jeffrey A. Allen; Shahram Attarian; Patricia H. Blomkwist‐Markens; David R. Cornblath; Filip Eftimov; H. Stephan Goedee; Thomas Harbo; Satoshi Kuwabara; Richard A. Lewis; Michael P. Lunn; Eduardo Nobile‐Orazio; Luís Querol; Yusuf A. Rajabally; Claudia Sommer; Haluk Topaloğlu,https://pure.au.dk/portal/en/publications/b140ab2b-b39c-47ce-a852-e8ae0426f3f5,488,,,,34085743,,,,,,,True,cited_by_count>=405 (top 10.0%); cited_by_count>=405 (top 10.0%),10.1111/jns.12455,,,False,-0.016199093
https://openalex.org/W2161857374,10.1080/15592294.2015.1100786,"Interindividual methylomic variation across blood, cortex, and cerebellum: implications for epigenetic studies of neurological and neuropsychiatric phenotypes","Given the tissue-specific nature of epigenetic processes, the assessment of disease-relevant tissue is an important consideration for epigenome-wide association studies (EWAS). Little is known about whether easily accessible tissues, such as whole blood, can be used to address questions about interindividual epigenomic variation in inaccessible tissues, such as the brain. We quantified DNA methylation in matched DNA samples isolated from whole blood and 4 brain regions (prefrontal cortex, entorhinal cortex, superior temporal gyrus, and cerebellum) from 122 individuals. We explored co-variation between tissues and the extent to which methylomic variation in blood is predictive of interindividual variation identified in the brain. For the majority of DNA methylation sites, interindividual variation in whole blood is not a strong predictor of interindividual variation in the brain, although the relationship with cortical regions is stronger than with the cerebellum. Variation at a subset of probes is strongly correlated across tissues, even in instances when the actual level of DNA methylation is significantly different between them. A substantial proportion of this co-variation, however, is likely to result from genetic influences. Our data suggest that for the majority of the genome, a blood-based EWAS for disorders where brain is presumed to be the primary tissue of interest will give limited information relating to underlying pathological processes. These results do not, however, discount the utility of using a blood-based EWAS to identify biomarkers of disease phenotypes manifest in the brain. We have generated a searchable database for the interpretation of data from blood-based EWAS analyses ( http://epigenetics.essex.ac.uk/bloodbrain/).",2015,neurology,neurology,True,,,Epigenetics,epigenetics,False,openalex,Eilís Hannon; Katie Lunnon; Leonard C. Schalkwyk; Jonathan Mill,https://doi.org/10.1080/15592294.2015.1100786,487,,,,26457534,,,,,,,True,cited_by_count>=405 (top 10.0%); cited_by_count>=405 (top 10.0%),10.1080/15592294.2015.1100786,,,False,0.03888822
https://openalex.org/W2606665849,10.1007/s40708-017-0065-7,Machine learning–XGBoost analysis of language networks to classify patients with epilepsy,"Our goal was to apply a statistical approach to allow the identification of atypical language patterns and to differentiate patients with epilepsy from healthy subjects, based on their cerebral activity, as assessed by functional MRI (fMRI). Patients with focal epilepsy show reorganization or plasticity of brain networks involved in cognitive functions, inducing 'atypical' (compared to 'typical' in healthy people) brain profiles. Moreover, some of these patients suffer from drug-resistant epilepsy, and they undergo surgery to stop seizures. The neurosurgeon should only remove the zone generating seizures and must preserve cognitive functions to avoid deficits. To preserve functions, one should know how they are represented in the patient's brain, which is in general different from that of healthy subjects. For this purpose, in the pre-surgical stage, robust and efficient methods are required to identify atypical from typical representations. Given the frequent location of regions generating seizures in the vicinity of language networks, one important function to be considered is language. The risk of language impairment after surgery is determined pre-surgically by mapping language networks. In clinical settings, cognitive mapping is classically performed with fMRI. The fMRI analyses allowing the identification of atypical patterns of language networks in patients are not sufficiently robust and require additional statistic approaches. In this study, we report the use of a statistical nonlinear machine learning classification, the Extreme Gradient Boosting (XGBoost) algorithm, to identify atypical patterns and classify 55 participants as healthy subjects or patients with epilepsy. XGBoost analyses were based on neurophysiological features in five language regions (three frontal and two temporal) in both hemispheres and activated with fMRI for a phonological (PHONO) and a semantic (SEM) language task. These features were combined into 135 cognitively plausible subsets and further submitted to selection and binary classification. Classification performance was scored with the Area Under the receiver operating characteristic curve (AUC). Our results showed that the subset SEM_LH BA_47-21 (left fronto-temporal activation induced by the SEM task) provided the best discrimination between the two groups (AUC of 91 ± 5%). The results are discussed in the framework of the current debates of language reorganization in focal epilepsy.",2017,epilepsy,neurology,True,,,Brain Informatics,brain informatics,True,openalex,Laurent Torlay; Marcela Perrone‐Bertolotti; Elizabeth Thomas; Monica Baciu,https://doi.org/10.1007/s40708-017-0065-7,486,,,,28434153,,,,,,,True,cited_by_count>=405 (top 10.0%); cited_by_count>=405 (top 10.0%),10.1007/s40708-017-0065-7,,,False,0.02602097
https://openalex.org/W2171987398,10.1684/epd.2015.0736,"Incidence, prevalence and aetiology of seizures and epilepsy in children","AIM: To (1) summarize published, peer-reviewed literature about the incidence and prevalence of epilepsy in children from developed and developing countries around the world, and (2) discuss problems in defining aetiologies of epilepsy in children, and distinguish between seizures and epilepsy. METHODS: Review of selected literature with particular attention to systematic reviews. RESULTS: The incidence of epilepsy in children ranges from 41-187/100,000. Higher incidence is reported from underdeveloped countries, particularly from rural areas. The incidence is consistently reported to be highest in the first year of life and declines to adult levels by the end of the first decade. The prevalence of epilepsy in children is consistently higher than the incidence and ranges from 3.2-5.5/1,000 in developed countries and 3.6-44/1,000 in underdeveloped countries. Prevalence also seems highest in rural areas. The incidence and prevalence of specific seizure types and epilepsy syndromes is less well documented. In population-based studies, there is a slight, but consistent, predominance of focal seizures compared with generalized seizures. Only about one third of children with epilepsy can be assigned to a specific epilepsy syndrome, as defined by the most recently proposed system for organization of epilepsy syndromes. CONCLUSIONS: The incidence and prevalence of epilepsy in children appears to be lower in developed countries and highest in rural areas of underdeveloped countries. The reasons for these trends are not well established. Although focal seizures predominate, the incidence and prevalence of specific epilepsy syndromes is not well documented.",2015,epilepsy,neurology,False,,,Epileptic Disorders,epileptic disorders,False,openalex,Peter Camfield; Carol Camfield,,485,,,,25895502,,,,,,,True,cited_by_count>=405 (top 10.0%); cited_by_count>=405 (top 10.0%),10.1684/epd.2015.0736,,,False,-0.008921245
https://openalex.org/W2461134574,10.1016/j.knosys.2015.08.004,Application of entropies for automated diagnosis of epilepsy using EEG signals: A review,,2015,epilepsy,neurology,False,,,Knowledge-Based Systems,knowledge-based systems,False,openalex,U. Rajendra Acharya; Hamido Fujita; Vidya K. Sudarshan; Shreya Bhat; Joel E.W. Koh,,485,,,,,,,,,,,True,cited_by_count>=405 (top 10.0%); cited_by_count>=405 (top 10.0%),10.1016/j.knosys.2015.08.004,,,False,-0.0050807344
https://openalex.org/W3044132865,10.1212/wnl.0000000000010154,Nine-year prospective efficacy and safety of brain-responsive neurostimulation for focal epilepsy,"OBJECTIVE: To prospectively evaluate safety and efficacy of brain-responsive neurostimulation in adults with medically intractable focal onset seizures (FOS) over 9 years. METHODS: Adults treated with brain-responsive neurostimulation in 2-year feasibility or randomized controlled trials were enrolled in a long-term prospective open label trial (LTT) to assess safety, efficacy, and quality of life (QOL) over an additional 7 years. Safety was assessed as adverse events (AEs), efficacy as median percent change in seizure frequency and responder rate, and QOL with the Quality of Life in Epilepsy (QOLIE-89) inventory. RESULTS: ). CONCLUSIONS: Adjunctive brain-responsive neurostimulation provides significant and sustained reductions in the frequency of FOS with improved QOL. Stimulation was well tolerated; implantation-related AEs were typical of other neurostimulation devices; and SUDEP rates were low. CLINICALTRIALSGOV IDENTIFIER: NCT00572195. CLASSIFICATION OF EVIDENCE: This study provides Class IV evidence that brain-responsive neurostimulation significantly reduces focal seizures with acceptable safety over 9 years.",2020,epilepsy,neurology,True,,,Neurology,neurology,False,openalex,Dileep Nair; Kenneth D. Laxer; Peter Weber; Anthony M. Murro; Yong D. Park; Gregory L. Barkley; Brien Smith; Ryder P. Gwinn; Michael J. Doherty; Katherine H. Noe; Richard S. Zimmerman; Gregory K. Bergey; William S. Anderson; Christianne Heck; Charles Y. Liu; Ricky W. Lee; Toni Sadler; Robert B. Duckrow; Lawrence J. Hirsch; Robert E. Wharen; William O. Tatum; Shraddha Srinivasan; Guy M. McKhann; Mark Agostini; Andreas V. Alexopoulos; Barbara C. Jobst; David W. Roberts; Vicenta Salanova; Thomas C. Witt; Sydney S. Cash; Andrew J. Cole; Gregory A. Worrell; Brian N. Lundstrom; Jonathan Edwards; Jonathan J. Halford; David Spencer; Lia Ernst; Christopher Skidmore; Michael R. Sperling; Ian Miller; Eric B. Geller; Michel J. Berg; A. James Fessler; Paul Rutecki; Alica M. Goldman; Eli M. Mizrahi; Robert E. Gross; Donald C. Shields; Theodore H. Schwartz; Douglas Labar; Nathan B. Fountain; W. Jeff Elias; Piotr W. Olejniczak; Nicole R. Villemarette-Pittman; Stephan Eisenschenk; Steven N. Roper; Jane Boggs; Tracy A. Courtney; Felice T. Sun; Cairn G. Seale; Kathy L. Miller; Tara L. Skarpaas; Martha J. Morrell; on behalf of the RNS System LTT Study,https://doi.org/10.1212/wnl.0000000000010154,481,,,,32690786,,,,,,,True,cited_by_count>=405 (top 10.0%); cited_by_count>=405 (top 10.0%),10.1212/wnl.0000000000010154,,,False,0.052001126
https://openalex.org/W2726666234,10.3389/fneur.2017.00301,"Drug-Resistant Epilepsy: Multiple Hypotheses, Few Answers","Epilepsy is a common neurological disorder that affects over 70 million people worldwide. Despite the recent introduction of new antiseizure drugs (ASDs), about one-third of patients with epilepsy have seizures refractory to pharmacotherapy. Early identification of patients who will become refractory to ASDs could help direct such patients to appropriate non-pharmacological treatment, but the complexity in the temporal patterns of epilepsy could make such identification difficult. The target hypothesis and transporter hypothesis are the most cited theories trying to explain refractory epilepsy, but neither theory alone fully explains the neurobiological basis of pharmacoresistance. This review summarizes evidence for and against several major theories, including the pharmacokinetic hypothesis, neural network hypothesis, intrinsic severity hypothesis, gene variant hypothesis, target hypothesis, and transporter hypothesis. The discussion is mainly focused on the transporter hypothesis, where clinical and experimental data are discussed on multidrug transporter overexpression, substrate profiles of ASDs, mechanism of transporter upregulation, polymorphisms of transporters, and the use of transporter inhibitors. Finally, future perspectives are presented for the improvement of current hypotheses and the development of treatment strategies as guided by the current understanding of refractory epilepsy.",2017,epilepsy,neurology,True,,,Frontiers in Neurology,frontiers in neurology,True,openalex,Fei Tang; Anika M. S. Hartz; Björn Bauer,https://doi.org/10.3389/fneur.2017.00301,480,,,,28729850,,,,,,,True,cited_by_count>=405 (top 10.0%); cited_by_count>=405 (top 10.0%),10.3389/fneur.2017.00301,,,False,0.0007205978
https://openalex.org/W1873975405,10.1111/epi.13060,Drug–drug interaction between clobazam and cannabidiol in children with refractory epilepsy,"OBJECTIVE: Under an expanded access investigational new drug (IND) trial, cannabidiol (CBD) is being studied as a possible adjuvant treatment of refractory epilepsy in children. Of the 25 subjects in the trial, 13 were being treated with clobazam (CLB). Because CLB and CBD are both metabolized in the cytochrome P450 (CYP) pathway, we predicted a drug-drug interaction, which we evaluate in this article. METHODS: Thirteen subjects with refractory epilepsy concomitantly taking CLB and CBD under IND 119876 were included in this study. Demographic information was collected for each subject including age, sex, and etiology of seizures, as well as concomitant antiepileptic drugs (AEDs). CLB, N-desmethylclobazam (norclobazam; nCLB), and CBD levels were measured over the course of CBD treatment. CLB doses were recorded at baseline and at weeks 4 and 8 of CBD treatment. Side effects were monitored. RESULTS: We report elevated CLB and nCLB levels in these subjects. The mean (± standard deviation [SD]) increase in CLB levels was 60 ± 80% (95% confidence interval (CI) [-2-91%] at 4 weeks); the mean increase in nCLB levels was 500 ± 300% (95% CI [+90-610%] at 4 weeks). Nine of 13 subjects had a >50% decrease in seizures, corresponding to a responder rate of 70%. The increased CLB and nCLB levels and decreases in seizure frequency occurred even though, over the course of CBD treatment, CLB doses were reduced for 10 (77%) of the 13 subjects. Side effects were reported in 10 (77%) of the 13 subjects, but were alleviated with CLB dose reduction. SIGNIFICANCE: Monitoring of CLB and nCLB levels is necessary for clinical care of patients concomitantly on CLB and CBD. Nonetheless, CBD is a safe and effective treatment of refractory epilepsy in patients receiving CLB treatment.",2015,epilepsy,neurology,True,,,Epilepsia,epilepsia,False,openalex,Alexandra L. Geffrey; Sarah F. Pollack; Patricia L. Bruno; Elizabeth A. Thiele,https://doi.org/10.1111/epi.13060,479,,,,26114620,,,,,,,True,cited_by_count>=405 (top 10.0%); cited_by_count>=405 (top 10.0%),10.1111/epi.13060,,,False,-0.013184182
https://openalex.org/W2220546658,10.1038/nrneurol.2015.229,Clinical assessment of social cognitive function in neurological disorders,,2015,neurology,neurology,True,,,Nature Reviews Neurology,nature reviews neurology,False,openalex,Julie D. Henry; William von Hippel; Pascal Molenberghs; Teresa Lee; Perminder S. Sachdev,http://handle.unsw.edu.au/1959.4/unsworks_38957,477,,,,26670297,,,,,,,True,cited_by_count>=405 (top 10.0%); cited_by_count>=405 (top 10.0%),10.1038/nrneurol.2015.229,,,False,0.010264711
https://openalex.org/W2604469091,10.1542/peds.2016-3908,Incidence and Prevalence of Childhood Epilepsy: A Nationwide Cohort Study,"BACKGROUND AND OBJECTIVES: Epilepsy affects 0.5% to 1% of children and is the most frequent chronic neurologic condition in childhood. Incidence rates appear to be declining in high-income countries. The validity of epilepsy diagnoses from different data sources varies, and contemporary population-based incidence studies are needed. METHODS: The study was based on the Norwegian Mother and Child Cohort Study. Potential epilepsy cases were identified through registry linkages and parental questionnaires. Cases were validated through medical record reviews and telephone interviews of parents. RESULTS: The study population included 112 744 children aged 3 to 13 years (mean 7.4 years) at end of registry follow-up (December 31, 2012). Of these, 896 had registry recordings and/or questionnaire reports of epilepsy. After validation, 587 (66%) met the criteria for an epilepsy diagnosis. The incidence rate of epilepsy was 144 per 100 000 person-years in the first year of life and 58 per 100 000 for ages 1 to 10 years. The cumulative incidence of epilepsy was 0.66% at age 10 years, with 0.62% having active epilepsy. The 309 children (34%) with erroneous reports of epilepsy from the registry and/or the questionnaires had mostly been evaluated for nonepileptic paroxysmal events, or they had undergone electroencephalography examinations because of other developmental or neurocognitive difficulties. CONCLUSIONS: Approximately 1 out of 150 children is diagnosed with epilepsy during the first 10 years of life, with the highest incidence rate observed during infancy. Validation of epilepsy diagnoses in administrative data and cohort studies is crucial because reported diagnoses may not meet diagnostic criteria for epilepsy.",2017,epilepsy,neurology,False,,,PEDIATRICS,pediatrics,False,openalex,Kari Modalsli Aaberg; Nina Gunnes; Inger Johanne Bakken; Camilla Lund Søraas; Aleksander Berntsen; Per Magnus; Morten I. Lossius; Camilla Stoltenberg; Richard Chin; Pål Surén,,476,,,,28557750,,,,,,,True,cited_by_count>=405 (top 10.0%); cited_by_count>=405 (top 10.0%),10.1542/peds.2016-3908,,,False,0.037594363
https://openalex.org/W2790314287,10.1016/s2215-0366(18)30051-8,Stressful life events and maltreatment in conversion (functional neurological) disorder: systematic review and meta-analysis of case-control studies,,2018,neurology,neurology,True,,,The Lancet Psychiatry,the lancet psychiatry,False,openalex,Lea Ludwig; Joëlle A. Pasman; Timothy R. Nicholson; Selma Aybek; Anthony S. David; Sharon Tuck; Richard Kanaan; Karin Roelofs; Alan Carson; Jon Stone,https://doi.org/10.1016/s2215-0366(18)30051-8,476,,,,29526521,,,,,,,True,cited_by_count>=405 (top 10.0%); cited_by_count>=405 (top 10.0%),10.1016/s2215-0366(18)30051-8,,,False,0.010724293
https://openalex.org/W4388448512,10.1016/s0140-6736(23)01473-3,Multiple sclerosis,,2023,multiple sclerosis,neurology,False,,,The Lancet,the lancet,False,openalex,Dejan Jakimovski; Stefan Bittner; Robert Zivadinov; Sarah A. Morrow; Ralph H. B. Benedict; Frauke Zipp; Bianca Weinstock‐Guttman,,475,,,,37949093,,,,,,,True,cited_by_count>=405 (top 10.0%); cited_by_count>=405 (top 10.0%),10.1016/s0140-6736(23)01473-3,,,False,-0.051931635
https://openalex.org/W4213333572,10.48350/165754,Serum neurofilament light chain for individual prognostication of disease activity in people with multiple sclerosis: a retrospective modelling and validation study.,"BACKGROUND Serum neurofilament light chain (sNfL) is a biomarker of neuronal damage that is used not only to monitor disease activity and response to drugs and to prognosticate disease course in people with multiple sclerosis on the group level. The absence of representative reference values to correct for physiological age-dependent increases in sNfL has limited the diagnostic use of this biomarker at an individual level. We aimed to assess the applicability of sNfL for identification of people at risk for future disease activity by establishing a reference database to derive reference values corrected for age and body-mass index (BMI). Furthermore, we used the reference database to test the suitability of sNfL as an endpoint for group-level comparison of effectiveness across disease-modifying therapies. METHODS For derivation of a reference database of sNfL values, a control group was created, comprising participants with no evidence of CNS disease taking part in four cohort studies in Europe and North America. We modelled the distribution of sNfL concentrations in function of physiological age-related increase and BMI-dependent modulation, to derive percentile and Z score values from this reference database, via a generalised additive model for location, scale, and shape. We tested the reference database in participants with multiple sclerosis in the Swiss Multiple Sclerosis Cohort (SMSC). We compared the association of sNfL Z scores with clinical and MRI characteristics recorded longitudinally to ascertain their respective disease prognostic capacity. We validated these findings in an independent sample of individuals with multiple sclerosis who were followed up in the Swedish Multiple Sclerosis registry. FINDINGS We obtained 10 133 blood samples from 5390 people (median samples per patient 1 [IQR 1-2] in the control group). In the control group, sNfL concentrations rose exponentially with age and at a steeper increased rate after approximately 50 years of age. We obtained 7769 samples from 1313 people (median samples per person 6·0 [IQR 3·0-8·0]). In people with multiple sclerosis from the SMSC, sNfL percentiles and Z scores indicated a gradually increased risk for future acute (eg, relapse and lesion formation) and chronic (disability worsening) disease activity. A sNfL Z score above 1·5 was associated with an increased risk of future clinical or MRI disease activity in all people with multiple sclerosis (odds ratio 3·15, 95% CI 2·35-4·23; p<0·0001) and in people considered stable with no evidence of disease activity (2·66, 1·08-6·55; p=0·034). Increased Z scores outperformed absolute raw sNfL cutoff values for diagnostic accuracy. At the group level, the longitudinal course of sNfL Z score values in people with multiple sclerosis from the SMSC decreased to those seen in the control group with use of monoclonal antibodies (ie, alemtuzumab, natalizumab, ocrelizumab, and rituximab) and, to a lesser extent, oral therapies (ie, dimethyl fumarate, fingolimod, siponimod, and teriflunomide). However, longitudinal sNfL Z scores remained elevated with platform compounds (interferons and glatiramer acetate; p<0·0001 for the interaction term between treatment category and treatment duration). Results were fully supported in the validation cohort (n=4341) from the Swedish Multiple Sclerosis registry. INTERPRETATION The use of sNfL percentiles and Z scores allows for identification of individual people with multiple sclerosis at risk for a detrimental disease course and suboptimal therapy response beyond clinical and MRI measures, specifically in people with disease activity-free status. Additionally, sNfL might be used as an endpoint for comparing effectiveness across drug classes in pragmatic trials. FUNDING Swiss National Science Foundation, Progressive Multiple Sclerosis Alliance, Biogen, Celgene, Novartis, Roche.",2022,multiple sclerosis,neurology,True,,,UCL Discovery (University College London),ucl discovery (university college london),False,openalex,"Benkert, Pascal; Meier, Stephanie; Schaedelin, Sabine; Manouchehrinia, Ali; Yaldizli, Özgür; Maceski, Aleksandra; Oechtering, Johanna; Achtnichts, Lutz; Conen, David; Derfuss, Tobias; Lalive, Patrice H; Mueller, Christian; Müller, Stefanie; Naegelin, Yvonne; Oksenberg, Jorge R; Pot, Caroline; Salmen, Anke; Willemse, Eline; Kockum, Ingrid; Blennow, Kaj; Zetterberg, Henrik; Gobbi, Claudio; Kappos, Ludwig; Wiendl, Heinz; Berger, Klaus; Sormani, Maria Pia; Granziera, Cristina; Piehl, Fredrik; Leppert, David; Kuhle, Jens",https://discovery.ucl.ac.uk/id/eprint/10146221/,475,,,,,,,,,,,True,cited_by_count>=405 (top 10.0%); cited_by_count>=405 (top 10.0%),10.48350/165754,,,False,0.15117902
https://openalex.org/W3080497013,10.1038/s41582-020-0398-3,Lifting the mask on neurological manifestations of COVID-19,,2020,neurology,neurology,True,,,Nature Reviews Neurology,nature reviews neurology,False,openalex,Alessandro Pezzini; Alessandro Padovani,https://doi.org/10.1038/s41582-020-0398-3,471,,,,32839585,,,,,,,True,cited_by_count>=405 (top 10.0%); cited_by_count>=405 (top 10.0%),10.1038/s41582-020-0398-3,,,False,-0.07583613
https://openalex.org/W2209840531,10.1016/j.neurol.2015.10.006,Epidemiology of multiple sclerosis,,2015,multiple sclerosis,neurology,False,,,Revue Neurologique,revue neurologique,False,openalex,Emmanuelle Leray; T. Moreau; Agnès Fromont; Gilles Edan,,469,,,,26718593,,,,,,,True,cited_by_count>=405 (top 10.0%); cited_by_count>=405 (top 10.0%),10.1016/j.neurol.2015.10.006,,,False,0.010965077
https://openalex.org/W2342591535,10.1109/tmi.2016.2528821,Deep 3D Convolutional Encoder Networks With Shortcuts for Multiscale Feature Integration Applied to Multiple Sclerosis Lesion Segmentation,"We propose a novel segmentation approach based on deep 3D convolutional encoder networks with shortcut connections and apply it to the segmentation of multiple sclerosis (MS) lesions in magnetic resonance images. Our model is a neural network that consists of two interconnected pathways, a convolutional pathway, which learns increasingly more abstract and higher-level image features, and a deconvolutional pathway, which predicts the final segmentation at the voxel level. The joint training of the feature extraction and prediction pathways allows for the automatic learning of features at different scales that are optimized for accuracy for any given combination of image types and segmentation task. In addition, shortcut connections between the two pathways allow high- and low-level features to be integrated, which enables the segmentation of lesions across a wide range of sizes. We have evaluated our method on two publicly available data sets (MICCAI 2008 and ISBI 2015 challenges) with the results showing that our method performs comparably to the top-ranked state-of-the-art methods, even when only relatively small data sets are available for training. In addition, we have compared our method with five freely available and widely used MS lesion segmentation methods (EMS, LST-LPA, LST-LGA, Lesion-TOADS, and SLS) on a large data set from an MS clinical trial. The results show that our method consistently outperforms these other methods across a wide range of lesion sizes.",2016,multiple sclerosis,neurology,False,,,IEEE Transactions on Medical Imaging,ieee transactions on medical imaging,False,openalex,Tom Brosch; Lisa Tang; Youngjin Yoo; David K.B. Li; Anthony Traboulsee; Roger Tam,,468,,,,26886978,,,,,,,True,cited_by_count>=405 (top 10.0%); cited_by_count>=405 (top 10.0%),10.1109/tmi.2016.2528821,,,False,0.019827526
https://openalex.org/W2441939542,10.1038/nrneurol.2015.157,MAGNIMS consensus guidelines on the use of MRI in multiple sclerosis—establishing disease prognosis and monitoring patients,"In the second part of the MAGNIMS network's evidence-based guidelines, Wattjes and colleagues discuss the use of MRI in prognostication and follow-up in patients with multiple sclerosis. The group recommend several techniques that are useful for monitoring disease activity and treatment efficacy, and identify those techniques that require further study. The role of MRI in the assessment of multiple sclerosis (MS) goes far beyond the diagnostic process. MRI techniques can be used as regular monitoring to help stage patients with MS and measure disease progression. MRI can also be used to measure lesion burden, thus providing useful information for the prediction of long-term disability. With the introduction of a new generation of immunomodulatory and/or immunosuppressive drugs for the treatment of MS, MRI also makes an important contribution to the monitoring of treatment, and can be used to determine baseline tissue damage and detect subsequent repair. This use of MRI can help predict treatment response and assess the efficacy and safety of new therapies. In the second part of the MAGNIMS (Magnetic Resonance Imaging in MS) network's guidelines on the use of MRI in MS, we focus on the implementation of this technique in prognostic and monitoring tasks. We present recommendations on how and when to use MRI for disease monitoring, and discuss some promising MRI approaches that may be introduced into clinical practice in the near future.",2015,multiple sclerosis,neurology,True,,,Nature Reviews Neurology,nature reviews neurology,False,openalex,on behalf of the MAGNIMS study group,https://doi.org/10.1038/nrneurol.2015.157,468,,,,26369511,,,,,,,True,cited_by_count>=405 (top 10.0%); cited_by_count>=405 (top 10.0%),10.1038/nrneurol.2015.157,,,False,0.06732394
https://openalex.org/W2542350582,10.1007/s00401-016-1636-z,Slow expansion of multiple sclerosis iron rim lesions: pathology and 7 T magnetic resonance imaging,"In multiple sclerosis (MS), iron accumulates inside activated microglia/macrophages at edges of some chronic demyelinated lesions, forming rims. In susceptibility-based magnetic resonance imaging at 7 T, iron-laden microglia/macrophages induce a rim of decreased signal at lesion edges and have been associated with slowly expanding lesions. We aimed to determine (1) what lesion types and stages are associated with iron accumulation at their edges, (2) what cells at the lesion edges accumulate iron and what is their activation status, (3) how reliably can iron accumulation at the lesion edge be detected by 7 T magnetic resonance imaging (MRI), and (4) if lesions with rims enlarge over time in vivo, when compared to lesions without rims. Double-hemispheric brain sections of 28 MS cases were stained for iron, myelin, and microglia/macrophages. Prior to histology, 4 of these 28 cases were imaged at 7 T using post-mortem susceptibility-weighted imaging. In vivo, seven MS patients underwent annual neurological examinations and 7 T MRI for 3.5 years, using a fluid attenuated inversion recovery/susceptibility-weighted imaging fusion sequence. Pathologically, we found iron rims around slowly expanding and some inactive lesions but hardly around remyelinated shadow plaques. Iron in rims was mainly present in microglia/macrophages with a pro-inflammatory activation status, but only very rarely in astrocytes. Histological validation of post-mortem susceptibility-weighted imaging revealed a quantitative threshold of iron-laden microglia when a rim was visible. Slowly expanding lesions significantly exceeded this threshold, when compared with inactive lesions (p = 0.003). We show for the first time that rim lesions significantly expanded in vivo after 3.5 years, compared to lesions without rims (p = 0.003). Thus, slow expansion of MS lesions with rims, which reflects chronic lesion activity, may, in the future, become an MRI marker for disease activity in MS.",2016,multiple sclerosis,neurology,True,,,Acta Neuropathologica,acta neuropathologica,False,openalex,Assunta Dal‐Bianco; Günther Grabner; Claudia Kronnerwetter; Michael Weber; Romana Höftberger; Thomas Berger; Eduard Auff; Fritz Leutmezer; Siegfried Trattnig; Hans Lassmann; Francesca Bagnato; Simon Hametner,https://doi.org/10.1007/s00401-016-1636-z,467,,,,27796537,,,,,,,True,cited_by_count>=405 (top 10.0%); cited_by_count>=405 (top 10.0%),10.1007/s00401-016-1636-z,,,False,0.022884864
https://openalex.org/W2040611779,10.3389/fpsyg.2014.01185,Neurobiological foundations of neurologic music therapy: rhythmic entrainment and the motor system,"Entrainment is defined by a temporal locking process in which one system's motion or signal frequency entrains the frequency of another system. This process is a universal phenomenon that can be observed in physical (e.g., pendulum clocks) and biological systems (e.g., fire flies). However, entrainment can also be observed between human sensory and motor systems. The function of rhythmic entrainment in rehabilitative training and learning was established for the first time by Thaut and colleagues in several research studies in the early 1990s. It was shown that the inherent periodicity of auditory rhythmic patterns could entrain movement patterns in patients with movement disorders (see for a review: Thaut et al., 1999). Physiological, kinematic, and behavioral movement analysis showed very quickly that entrainment cues not only changed the timing of movement but also improved spatial and force parameters. Mathematical models have shown that anticipatory rhythmic templates as critical time constraints can result in the complete specification of the dynamics of a movement over the entire movement cycle, thereby optimizing motor planning and execution. Furthermore, temporal rhythmic entrainment has been successfully extended into applications in cognitive rehabilitation and speech and language rehabilitation, and thus become one of the major neurological mechanisms linking music and rhythm to brain rehabilitation. These findings provided a scientific basis for the development of neurologic music therapy.",2015,neurology,neurology,True,,,Frontiers in Psychology,frontiers in psychology,True,openalex,Michael H. Thaut; Gerald C. McIntosh; Volker Hoemberg,https://doi.org/10.3389/fpsyg.2014.01185,465,,,,25774137,,,,,,,True,cited_by_count>=405 (top 10.0%); cited_by_count>=405 (top 10.0%),10.3389/fpsyg.2014.01185,,,False,-0.00991334
https://openalex.org/W2603776246,10.1016/j.tins.2017.02.002,"The Insula: An Underestimated Brain Area in Clinical Neuroscience, Psychiatry, and Neurology",,2017,neurology,neurology,True,,,Trends in Neurosciences,trends in neurosciences,False,openalex,Ho Namkung; Sun-Hong Kim; Akira Sawa,https://www.ncbi.nlm.nih.gov/pmc/articles/5538352,464,,,,28314446,,,,,,,True,cited_by_count>=405 (top 10.0%); cited_by_count>=405 (top 10.0%),10.1016/j.tins.2017.02.002,,,False,0.001924675
https://openalex.org/W4253127896,10.1136/neurintsurg-2018-014568,European Stroke Organisation (ESO)- European Society for Minimally Invasive Neurological Therapy (ESMINT) guidelines on mechanical thrombectomy in acute ischemic stroke,"Background Mechanical thrombectomy (MT) has become the cornerstone of acute ischemic stroke management in patients with large vessel occlusion (LVO). The aim of this guideline document is to assist physicians in their clinical decisions with regard to MT. Methods These guidelines were developed based on the standard operating procedure of the European Stroke Organisation, and followed the Grading of Recommendations, Assessment, Development, and Evaluation (GRADE) approach. An interdisciplinary working group identified 15 relevant questions, performed systematic reviews and meta-analyses of the literature, assessed the quality of the available evidence, and wrote evidence based recommendations. Expert opinion was provided if not enough evidence was available to provide recommendations based on the GRADE approach. Results We found high quality evidence to recommend MT plus best medical management (BMM, including intravenous thrombolysis whenever indicated) to improve functional outcome in patients with LVO related acute ischemic stroke within 6 hours after symptom onset. We found moderate quality of evidence to recommend MT plus BMM in the 6–24 hour time window in patients meeting the eligibility criteria of published randomized trials. These guidelines further detail aspects of prehospital management, patient selection based on clinical and imaging characteristics, and treatment modalities. Conclusions MT is the standard of care in patients with LVO related acute stroke. Appropriate patient selection and timely reperfusion are crucial. Further randomized trials are needed to inform clinical decision making with regard to the mothership and drip-and-ship approaches, anesthaesia modalities during MT, and to determine whether MT is beneficial in patients with low stroke severity or large infarct volume.",2019,neurology,neurology,True,,,Journal of NeuroInterventional Surgery,journal of neurointerventional surgery,False,openalex,Guillaume Turc; Pervinder Bhogal; Urs Fischer; Pooja Khatri; Kyriakos Lobotesis; Mikaël Mazighi; Peter D. Schellinger; Danilo Toni; Joost de Vries; Phil White; Jens Fiehler,https://doi.org/10.1136/neurintsurg-2018-014568,464,,,,,,,,,,,True,cited_by_count>=405 (top 10.0%); cited_by_count>=405 (top 10.0%),10.1136/neurintsurg-2018-014568,,,False,-0.04154623
https://openalex.org/W3037709082,10.1001/jamaneurol.2020.2581,Clinical Characteristics and Outcomes in Patients With Coronavirus Disease 2019 and Multiple Sclerosis,"Importance: Risk factors associated with the severity of coronavirus disease 2019 (COVID-19) in patients with multiple sclerosis (MS) are unknown. Disease-modifying therapies (DMTs) may modify the risk of developing a severe COVID-19 infection, beside identified risk factors such as age and comorbidities. Objective: To describe the clinical characteristics and outcomes in patients with MS and COVID-19 and identify factors associated with COVID-19 severity. Design, Setting, and Participants: The Covisep registry is a multicenter, retrospective, observational cohort study conducted in MS expert centers and general hospitals and with neurologists collaborating with MS expert centers and members of the Société Francophone de la Sclérose en Plaques. The study included patients with MS presenting with a confirmed or highly suspected diagnosis of COVID-19 between March 1, 2020, and May 21, 2020. Exposures: COVID-19 diagnosed with a polymerase chain reaction test on a nasopharyngeal swab, thoracic computed tomography, or typical symptoms. Main Outcomes and Measures: The main outcome was COVID-19 severity assessed on a 7-point ordinal scale (ranging from 1 [not hospitalized with no limitations on activities] to 7 [death]) with a cutoff at 3 (hospitalized and not requiring supplemental oxygen). We collected demographics, neurological history, Expanded Disability Severity Scale score (EDSS; ranging from 0 to 10, with cutoffs at 3 and 6), comorbidities, COVID-19 characteristics, and outcomes. Univariate and multivariate logistic regression models were used to estimate the association of collected variables with COVID-19 outcomes. Results: A total of 347 patients (mean [SD] age, 44.6 [12.8] years, 249 women; mean [SD] disease duration, 13.5 [10.0] years) were analyzed. Seventy-three patients (21.0%) had a COVID-19 severity score of 3 or more, and 12 patients (3.5%) died of COVID-19. The median EDSS was 2.0 (range, 0-9.5), and 284 patients (81.8%) were receiving DMT. There was a higher proportion of patients with a COVID-19 severity score of 3 or more among patients with no DMT relative to patients receiving DMTs (46.0% vs 15.5%; P < .001). Multivariate logistic regression models determined that age (odds ratio per 10 years: 1.9 [95% CI, 1.4-2.5]), EDSS (OR for EDSS ≥6, 6.3 [95% CI. 2.8-14.4]), and obesity (OR, 3.0 [95% CI, 1.0-8.7]) were independent risk factors for a COVID-19 severity score of 3 or more (indicating hospitalization or higher severity). The EDSS was associated with the highest variability of COVID-19 severe outcome (R2, 0.2), followed by age (R2, 0.06) and obesity (R2, 0.01). Conclusions and Relevance: In this registry-based cohort study of patients with MS, age, EDSS, and obesity were independent risk factors for severe COVID-19; there was no association found between DMTs exposure and COVID-19 severity. The identification of these risk factors should provide the rationale for an individual strategy regarding clinical management of patients with MS during the COVID-19 pandemic.",2020,multiple sclerosis,neurology,True,,,JAMA Neurology,jama neurology,False,openalex,Céline Louapre; Nicolas Collongues; Bruno Stankoff; C. Giannesini; Caroline Papeix; Caroline Bensa; Romain Deschamps; Alain Créange; Abir Wahab; Jean Pelletier; Olivier Heinzlef; Pierre Labauge; L. Guilloton; Guido Ahle; Mathilde Goudot; Kévin Bigaut; David Laplaud; Sandra Vukusic; Catherine Lubetzki; J. de Sèze; for the Covisep investigators,https://doi.org/10.1001/jamaneurol.2020.2581,463,,,,32589189,,,,,,,True,cited_by_count>=405 (top 10.0%); cited_by_count>=405 (top 10.0%),10.1001/jamaneurol.2020.2581,,,False,-0.044230938
https://openalex.org/W2483809583,10.1016/j.neuroimage.2016.04.049,The Virtual Epileptic Patient: Individualized whole-brain models of epilepsy spread,"Individual variability has clear effects upon the outcome of therapies and treatment approaches. The customization of healthcare options to the individual patient should accordingly improve treatment results. We propose a novel approach to brain interventions based on personalized brain network models derived from non-invasive structural data of individual patients. Along the example of a patient with bitemporal epilepsy, we show step by step how to develop a Virtual Epileptic Patient (VEP) brain model and integrate patient-specific information such as brain connectivity, epileptogenic zone and MRI lesions. Using high-performance computing, we systematically carry out parameter space explorations, fit and validate the brain model against the patient's empirical stereotactic EEG (SEEG) data and demonstrate how to develop novel personalized strategies towards therapy and intervention.",2016,epilepsy,neurology,True,,,NeuroImage,neuroimage,False,openalex,Viktor Jirsa; Timothée Proix; Dionysios Perdikis; Marmaduke Woodman; Huifang Wang; Jorge González-Martínez; Christophe Bernard; Christian Bénar; Maxime Guye; Patrick Chauvel; Fabrice Bartolomei,https://doi.org/10.1016/j.neuroimage.2016.04.049,461,,,,27477535,,,,,,,True,cited_by_count>=405 (top 10.0%); cited_by_count>=405 (top 10.0%),10.1016/j.neuroimage.2016.04.049,,,False,0.082537
https://openalex.org/W3121831652,10.1002/ana.26028,Disease‐Modifying Therapies and Coronavirus Disease 2019 Severity in Multiple Sclerosis,"OBJECTIVE: This study was undertaken to assess the impact of immunosuppressive and immunomodulatory therapies on the severity of coronavirus disease 2019 (COVID-19) in people with multiple sclerosis (PwMS). METHODS: We retrospectively collected data of PwMS with suspected or confirmed COVID-19. All the patients had complete follow-up to death or recovery. Severe COVID-19 was defined by a 3-level variable: mild disease not requiring hospitalization versus pneumonia or hospitalization versus intensive care unit (ICU) admission or death. We evaluated baseline characteristics and MS therapies associated with severe COVID-19 by multivariate and propensity score (PS)-weighted ordinal logistic models. Sensitivity analyses were run to confirm the results. RESULTS: Of 844 PwMS with suspected (n = 565) or confirmed (n = 279) COVID-19, 13 (1.54%) died; 11 of them were in a progressive MS phase, and 8 were without any therapy. Thirty-eight (4.5%) were admitted to an ICU; 99 (11.7%) had radiologically documented pneumonia; 96 (11.4%) were hospitalized. After adjusting for region, age, sex, progressive MS course, Expanded Disability Status Scale, disease duration, body mass index, comorbidities, and recent methylprednisolone use, therapy with an anti-CD20 agent (ocrelizumab or rituximab) was significantly associated (odds ratio [OR] = 2.37, 95% confidence interval [CI] = 1.18-4.74, p = 0.015) with increased risk of severe COVID-19. Recent use (<1 month) of methylprednisolone was also associated with a worse outcome (OR = 5.24, 95% CI = 2.20-12.53, p = 0.001). Results were confirmed by the PS-weighted analysis and by all the sensitivity analyses. INTERPRETATION: This study showed an acceptable level of safety of therapies with a broad array of mechanisms of action. However, some specific elements of risk emerged. These will need to be considered while the COVID-19 pandemic persists. ANN NEUROL 2021;89:780-789.",2021,multiple sclerosis,neurology,True,,,Annals of Neurology,annals of neurology,False,openalex,Maria Pia Sormani; Nicola De Rossi; Irene Schiavetti; Luca Carmisciano; Cinzia Cordioli; Lucia Moiola; Marta Radaelli; Paolo Immovilli; Marco Capobianco; María Trojano; Paola Zaratin; Gioacchino Tedeschi; Gıancarlo Comı; Mario Alberto Battaglia; Francesco Patti; Marco Salvetti; the Musc‐19 Study Group,https://doi.org/10.1002/ana.26028,460,,,,33480077,,,,,,,True,cited_by_count>=405 (top 10.0%); cited_by_count>=405 (top 10.0%),10.1002/ana.26028,,,False,-0.011752669
https://openalex.org/W291729710,10.1289/ehp.1408973,Long-term PM <sub>2.5</sub> Exposure and Neurological HospitalAdmissions in the Northeastern United States,"BACKGROUND: Long-term exposure to fine particles (particulate matter ≤ 2.5 μm; PM2.5) has been consistently linked to heart and lung disease. Recently, there has been increased interest in examining the effects of air pollution on the nervous system, with evidence showing potentially harmful effects on neurodegeneration. OBJECTIVE: Our objective was to assess the potential impact of long-term PM2.5 exposure on event time, defined as time to first admission for dementia, Alzheimer's (AD), or Parkinson's (PD) diseases in an elderly population across the northeastern United States. METHODS: We estimated the effects of PM2.5 on first hospital admission for dementia, AD, and PD among all Medicare enrollees ≥ 65 years in 50 northeastern U.S. cities (1999-2010). For each outcome, we first ran a Cox proportional hazards model for each city, adjusting for prior cardiopulmonary-related hospitalizations and year, and stratified by follow-up time, age, sex, and race. We then pooled the city-specific estimates by employing a random effects meta-regression. RESULTS: We followed approximately 9.8 million subjects and observed significant associations of long-term PM2.5 city-wide exposure with all three outcomes. Specifically, we estimated a hazard ratio (HR) of 1.08 (95% CI: 1.05, 1.11) for dementia, an HR of 1.15 (95% CI: 1.11, 1.19) for AD, and an HR of 1.08 (95% CI: 1.04, 1.12) for PD admissions per 1-μg/m3 increase in annual PM2.5 concentrations. CONCLUSIONS: To our knowledge, this is the first study to examine the relationship between long-term exposure to PM2.5 and time to first hospitalization for common neurodegenerative diseases. We found strong evidence of association for all three outcomes. Our findings provide the basis for further studies, as the implications of such exposures could be crucial to public health. CITATION: Kioumourtzoglou MA, Schwartz JD, Weisskopf MG, Melly SJ, Wang Y, Dominici F, Zanobetti A. 2016. Long-term PM2.5 exposure and neurological hospital admissions in the northeastern United States. Environ Health Perspect 124:23-29; http://dx.doi.org/10.1289/ehp.1408973.",2015,neurology,neurology,True,,,Environmental Health Perspectives,environmental health perspectives,True,openalex,Marianthi‐Anna Kioumourtzoglou; Joel Schwartz; Marc G. Weisskopf; Steven J. Melly; Yun Wang; Francesca Dominici; Antonella Zanobetti,https://doi.org/10.1289/ehp.1408973,460,,,,25978701,,,,,,,True,cited_by_count>=405 (top 10.0%); cited_by_count>=405 (top 10.0%),10.1289/ehp.1408973,,,False,0.12532067
https://openalex.org/W4223971211,10.1016/s1474-4422(21)00422-1,Functional neurological disorder: new subtypes and shared mechanisms,,2022,neurology,neurology,True,,,The Lancet Neurology,the lancet neurology,False,openalex,Mark Hallett; Selma Aybek; Barbara A. Dworetzky; Laura McWhirter; Jeffrey P. Staab; Jon Stone,https://www.ncbi.nlm.nih.gov/pmc/articles/9107510,460,,,,35430029,,,,,,,True,cited_by_count>=405 (top 10.0%); cited_by_count>=405 (top 10.0%),10.1016/s1474-4422(21)00422-1,,,False,-0.017296856
https://openalex.org/W3186729348,10.1111/ene.14959,European Academy of Neurology/Peripheral Nerve Society guideline on diagnosis and treatment of chronic inflammatory demyelinating polyradiculoneuropathy: Report of a joint Task Force—Second revision,"OBJECTIVE: To revise the 2010 consensus guideline on chronic inflammatory demyelinating polyradiculoneuropathy (CIDP). METHODS: Seventeen disease experts, a patient representative, and two Cochrane methodologists constructed 12 Population/Intervention/Comparison/Outcome (PICO) questions regarding diagnosis and treatment to guide the literature search. Data were extracted and summarized in GRADE summary of findings (for treatment PICOs) or evidence tables (for diagnostic PICOs). RESULTS: Statements were prepared according to the GRADE Evidence-to-Decision frameworks. Typical CIDP and CIDP variants were distinguished. The previous term ""atypical CIDP"" was replaced by ""CIDP variants"" because these are well characterized entities (multifocal, focal, distal, motor, or sensory CIDP). The levels of diagnostic certainty were reduced from three (definite, probable, possible CIDP) to only two (CIDP and possible CIDP), because the diagnostic accuracy of criteria for probable and definite CIDP did not significantly differ. Good Practice Points were formulated for supportive criteria and investigations to be considered to diagnose CIDP. The principal treatment recommendations were: (a) intravenous immunoglobulin (IVIg) or corticosteroids are strongly recommended as initial treatment in typical CIDP and CIDP variants; (b) plasma exchange is strongly recommended if IVIg and corticosteroids are ineffective; (c) IVIg should be considered as first-line treatment in motor CIDP (Good Practice Point); (d) for maintenance treatment, IVIg, subcutaneous immunoglobulin or corticosteroids are recommended; (e) if the maintenance dose of any of these is high, consider either combination treatments or adding an immunosuppressant or immunomodulatory drug (Good Practice Point); and (f) if pain is present, consider drugs against neuropathic pain and multidisciplinary management (Good Practice Point).",2021,neurology,neurology,True,,,European Journal of Neurology,european journal of neurology,False,openalex,Peter Van den Bergh; Pieter A. van Doorn; Robert D. M. Hadden; Bert Avau; Patrik Vankrunkelsven; Jeffrey A. Allen; Shahram Attarian; Patricia H. Blomkwist‐Markens; David R. Cornblath; Filip Eftimov; H. Stephan Goedee; Thomas Harbo; Satoshi Kuwabara; Richard A. Lewis; Michael P. Lunn; Eduardo Nobile‐Orazio; Luís Querol; Yusuf A. Rajabally; Claudia Sommer; Haluk Topaloğlu,https://doi.org/10.1111/ene.14959,458,,,,34327760,,,,,,,True,cited_by_count>=405 (top 10.0%); cited_by_count>=405 (top 10.0%),10.1111/ene.14959,,,False,-0.021363609
https://openalex.org/W1123444957,10.1097/aap.0000000000000286,The Second ASRA Practice Advisory on Neurologic Complications Associated With Regional Anesthesia and Pain Medicine,"Neurologic injury associated with regional anesthetic or pain medicine procedures is extremely rare. The Second American Society of Regional Anesthesia and Pain Medicine Practice Advisory on Neurologic Complications Associated With Regional Anesthesia and Pain Medicine focuses on those complications associated with mechanical, ischemic, or neurotoxic injury of the neuraxis or peripheral nervous system. As with the first advisory, this iteration does not focus on hemorrhagic or infectious complications or local anesthetic systemic toxicity, all of which are the subjects of separate practice advisories. The current advisory offers recommendations to aid in the understanding and potential limitation of rare neurologic complications that may arise during the practice of regional anesthesia and/or interventional pain medicine. WHAT'S NEW: The Second American Society of Regional Anesthesia and Pain Medicine Practice Advisory on Neurologic Complications Associated With Regional Anesthesia and Pain Medicine updates information that was originally presented at the Society's first open forum on this subject (2005) and published in 2008. Portions of the second advisory were presented in an open forum (2012) and are herein updated, with attention to those topics subject to evolving knowledge since the first and second advisory conferences. The second advisory briefly summarizes recommendations that have not changed substantially. New to this iteration of the advisory is information related to the risk of nerve injury inherent to common orthopedic surgical procedures. Recommendations are expanded regarding the preventive role of various monitoring technologies such as ultrasound guidance and injection pressure monitoring. New clinical recommendations focus on emerging concerns including spinal stenosis and vertebral canal pathologies, blood pressure management during neuraxial anesthesia, administering blocks in anesthetized or deeply sedated patients, patients with preexisting neurologic disease, and inflammatory neuropathies. An updated diagnostic and treatment algorithm is presented.",2015,neurology,neurology,True,,,Regional Anesthesia & Pain Medicine,regional anesthesia & pain medicine,False,openalex,Joseph M. Neal; Michael J. Barrington; Richard Brull; Admir Hadžić; James R. Hebl; Terese T. Horlocker; Marc A. Huntoon; Sandra L. Kopp; James P. Rathmell; James C. Watson,https://doi.org/10.1097/aap.0000000000000286,457,,,,26288034,,,,,,,True,cited_by_count>=405 (top 10.0%); cited_by_count>=405 (top 10.0%),10.1097/aap.0000000000000286,,,False,0.07525972
https://openalex.org/W3015411398,10.1016/j.cell.2020.03.024,Glia-to-Neuron Conversion by CRISPR-CasRx Alleviates Symptoms of Neurological Disease in Mice,,2020,neurology,neurology,True,,,Cell,cell,False,openalex,Haibo Zhou; Jinlin Su; Xinde Hu; Changyang Zhou; He Li; Zhaorong Chen; Qingquan Xiao; Bo Wang; Wenyan Wu; Yidi Sun; Yingsi Zhou; Cheng Tang; Fei Liu; Linhan Wang; Canbin Feng; Mingzhe Liu; Sanlan Li; Yifeng Zhang; Huatai Xu; Haishan Yao; Linyu Shi; Hui Yang,https://doi.org/10.1016/j.cell.2020.03.024,457,,,,32272060,,,,,,,True,cited_by_count>=405 (top 10.0%); cited_by_count>=405 (top 10.0%),10.1016/j.cell.2020.03.024,,,False,0.00759292
https://openalex.org/W2885688423,10.1038/s41591-018-0147-y,Automated deep-neural-network surveillance of cranial images for acute neurologic events,,2018,neurology,neurology,False,,,Nature Medicine,nature medicine,False,openalex,J. Titano; Marcus A. Badgeley; Javin Schefflein; Margaret Pain; Andres Su; Michael Cai; Nathaniel Swinburne; John R. Zech; Jun Kim; Joshua B. Bederson; J Mocco; Burton P. Drayer; Joseph Lehár; Samuel K. Cho; Anthony Costa; Eric K. Oermann,,457,,,,30104767,,,,,,,True,cited_by_count>=405 (top 10.0%); cited_by_count>=405 (top 10.0%),10.1038/s41591-018-0147-y,,,False,0.04088173
https://openalex.org/W240506283,10.1016/j.neubiorev.2015.04.015,Clinical trials of N-acetylcysteine in psychiatry and neurology: A systematic review,"N-acetylcysteine (NAC) is recognized for its role in acetaminophen overdose and as a mucolytic. Over the past decade, there has been growing evidence for the use of NAC in treating psychiatric and neurological disorders, considering its role in attenuating pathophysiological processes associated with these disorders, including oxidative stress, apoptosis, mitochondrial dysfunction, neuroinflammation and glutamate and dopamine dysregulation. In this systematic review we find favorable evidence for the use of NAC in several psychiatric and neurological disorders, particularly autism, Alzheimer's disease, cocaine and cannabis addiction, bipolar disorder, depression, trichotillomania, nail biting, skin picking, obsessive-compulsive disorder, schizophrenia, drug-induced neuropathy and progressive myoclonic epilepsy. Disorders such as anxiety, attention deficit hyperactivity disorder and mild traumatic brain injury have preliminary evidence and require larger confirmatory studies while current evidence does not support the use of NAC in gambling, methamphetamine and nicotine addictions and amyotrophic lateral sclerosis. Overall, NAC treatment appears to be safe and tolerable. Further well designed, larger controlled trials are needed for specific psychiatric and neurological disorders where the evidence is favorable.",2015,neurology,neurology,True,,,Neuroscience & Biobehavioral Reviews,neuroscience & biobehavioral reviews,False,openalex,Deepmala Deepmala; John M. Slattery; Nihit Kumar; Leanna Delhey; Michael Berk; Olivia Dean; C Spielholz; Richard E. Frye,https://doi.org/10.1016/j.neubiorev.2015.04.015,456,,,,25957927,,,,,,,True,cited_by_count>=405 (top 10.0%); cited_by_count>=405 (top 10.0%),10.1016/j.neubiorev.2015.04.015,,,False,0.04478025
https://openalex.org/W2790464514,10.3389/fncel.2018.00072,An Inflammation-Centric View of Neurological Disease: Beyond the Neuron,"Inflammation is a complex biological response fundamental to how the body deals with injury and infection to eliminate the initial cause of cell injury and effect repair. Unlike a normally beneficial acute inflammatory response, chronic inflammation can lead to tissue damage and ultimately its destruction, and often results from an inappropriate immune response. Inflammation in the nervous system ('neuroinflammation'), especially when prolonged, can be particularly injurious. While inflammation per se may not cause disease, it contributes importantly to disease pathogenesis across both the peripheral (neuropathic pain, fibromyalgia) and central (e.g. Alzheimer disease, Parkinson disease, multiple sclerosis, motor neuron disease. ischemia and traumatic brain injury, depression, and autism spectrum disorder) nervous systems. The existence of extensive lines of communication between the nervous system and immune system represents a fundamental principle underlying neuroinflammation. Immune cell-derived inflammatory molecules are critical for regulation of host responses to inflammation. Although these mediators can originate from various non-neuronal cells, important sources in the above neuropathologies appear to be microglia and mast cells, together with astrocytes and possibly also oligodendrocytes. Understanding neuroinflammation also requires an appreciation that non-neuronal cell – cell interactions, between both glia and mast cells and glia themselves, are an integral part of the inflammation process. Within this context the mast cell occupies a key niche in orchestrating the inflammatory process, from initiation to prolongation. This review will describe the current state of knowledge concerning the biology of neuroinflammation, emphasizing mast cell-glia and glia-glia interactions, then conclude with a consideration of how a cell’s endogenous mechanisms might be leveraged to provide a therapeutic strategy to target neuroinflammation.",2018,neurology,neurology,True,,,Frontiers in Cellular Neuroscience,frontiers in cellular neuroscience,True,openalex,Stephen D. Skaper; Laura Facci; Morena Zusso; Pietro Giusti,https://doi.org/10.3389/fncel.2018.00072,455,,,,29618972,,,,,,,True,cited_by_count>=405 (top 10.0%); cited_by_count>=405 (top 10.0%),10.3389/fncel.2018.00072,,,False,-0.0064190743
https://openalex.org/W2155852776,10.1038/ncomms7606,Aberrant hippocampal neurogenesis contributes to epilepsy and associated cognitive decline,"Acute seizures after a severe brain insult can often lead to epilepsy and cognitive impairment. Aberrant hippocampal neurogenesis follows the insult but the role of adult-generated neurons in the development of chronic seizures or associated cognitive deficits remains to be determined. Here we show that the ablation of adult neurogenesis before pilocarpine-induced acute seizures in mice leads to a reduction in chronic seizure frequency. We also show that ablation of neurogenesis normalizes epilepsy-associated cognitive deficits. Remarkably, the effect of ablating adult neurogenesis before acute seizures is long lasting as it suppresses chronic seizure frequency for nearly 1 year. These findings establish a key role of neurogenesis in chronic seizure development and associated memory impairment and suggest that targeting aberrant hippocampal neurogenesis may reduce recurrent seizures and restore cognitive function following a pro-epileptic brain insult.",2015,epilepsy,neurology,True,,,Nature Communications,nature communications,True,openalex,Kyung‐Ok Cho; Zane R. Lybrand; Naoki Ito; Rebecca Brulet; Farrah Tafacory; Ling Zhang; Levi B. Good; Kerstin Ure; Steven G. Kernie; Shari G. Birnbaum; Helen E. Scharfman; Amelia J. Eisch; Jenny Hsieh,https://doi.org/10.1038/ncomms7606,455,,,,25808087,,,,,,,True,cited_by_count>=405 (top 10.0%); cited_by_count>=405 (top 10.0%),10.1038/ncomms7606,,,False,-0.007184999
https://openalex.org/W2947216926,10.1111/epi.15612,Recommendations for the use of structural magnetic resonance imaging in the care of patients with epilepsy: A consensus report from the International League Against Epilepsy Neuroimaging Task Force,"Structural magnetic resonance imaging (MRI) is of fundamental importance to the diagnosis and treatment of epilepsy, particularly when surgery is being considered. Despite previous recommendations and guidelines, practices for the use of MRI are variable worldwide and may not harness the full potential of recent technological advances for the benefit of people with epilepsy. The International League Against Epilepsy Diagnostic Methods Commission has thus charged the 2013-2017 Neuroimaging Task Force to develop a set of recommendations addressing the following questions: (1) Who should have an MRI? (2) What are the minimum requirements for an MRI epilepsy protocol? (3) How should magnetic resonance (MR) images be evaluated? (4) How to optimize lesion detection? These recommendations target clinicians in established epilepsy centers and neurologists in general/district hospitals. They endorse routine structural imaging in new onset generalized and focal epilepsy alike and describe the range of situations when detailed assessment is indicated. The Neuroimaging Task Force identified a set of sequences, with three-dimensional acquisitions at its core, the harmonized neuroimaging of epilepsy structural sequences-HARNESS-MRI protocol. As these sequences are available on most MR scanners, the HARNESS-MRI protocol is generalizable, regardless of the clinical setting and country. The Neuroimaging Task Force also endorses the use of computer-aided image postprocessing methods to provide an objective account of an individual's brain anatomy and pathology. By discussing the breadth and depth of scope of MRI, this report emphasizes the unique role of this noninvasive investigation in the care of people with epilepsy.",2019,epilepsy,neurology,True,,,Epilepsia,epilepsia,False,openalex,Andrea Bernasconi; Fernando Cendes; William H. Theodore; Ravnoor Gill; Matthias J. Koepp; R. Edward Hogan; Graeme D. Jackson; Paolo Federico; Angelo Labate; Anna Elisabetta Vaudano; Ingmar Blümcke; Philippe Ryvlin; Neda Bernasconi,http://hdl.handle.net/11380/1268586,454,,,,31135062,,,,,,,True,cited_by_count>=405 (top 10.0%); cited_by_count>=405 (top 10.0%),10.1111/epi.15612,,,False,0.058290407
https://openalex.org/W2921594363,10.1016/j.neuropharm.2019.03.002,The role of astrocytic glutamate transporters GLT-1 and GLAST in neurological disorders: Potential targets for neurotherapeutics,,2019,neurology,neurology,True,,,Neuropharmacology,neuropharmacology,False,openalex,Edward Pajarillo; Asha Rizor; Jayden Lee; Michael Aschner; Eun-Sook Lee,https://www.ncbi.nlm.nih.gov/pmc/articles/6731169,454,,,,30851309,,,,,,,True,cited_by_count>=405 (top 10.0%); cited_by_count>=405 (top 10.0%),10.1016/j.neuropharm.2019.03.002,,,False,0.042523045
https://openalex.org/W2967983128,10.1038/s41573-019-0035-2,Progressive multiple sclerosis: from pathophysiology to therapeutic strategies,,2019,multiple sclerosis,neurology,False,,,Nature Reviews Drug Discovery,nature reviews drug discovery,False,openalex,Simon Faissner; Jason R. Plemel; Ralf Gold; V. Wee Yong,,454,,,,31399729,,,,,,,True,cited_by_count>=405 (top 10.0%); cited_by_count>=405 (top 10.0%),10.1038/s41573-019-0035-2,,,False,-0.09529722
https://openalex.org/W2754321750,10.1016/s1474-4422(17)30281-8,Exercise in patients with multiple sclerosis,,2017,multiple sclerosis,neurology,False,,,The Lancet Neurology,the lancet neurology,False,openalex,Robert W. Motl; Brian M. Sandroff; Gert Kwakkel; Ulrik Dalgas; Anthony Feinstein; Christoph Heesen; Peter Feys; Alan J. Thompson,,454,,,,28920890,,,,,,,True,cited_by_count>=405 (top 10.0%); cited_by_count>=405 (top 10.0%),10.1016/s1474-4422(17)30281-8,,,False,-0.033508338
https://openalex.org/W2591960163,10.3389/fncel.2017.00063,"NLRP3 Inflammasome in Neurological Diseases, from Functions to Therapies","Neuroinflammation has been identified as a causative factor of multiple neurological diseases. The nucleotide-binding oligomerization domain-, leucine-rich repeat- and pyrin domain-containing 3 (NLRP3) inflammasome, a subcellular multiprotein complex that is abundantly expressed in the central nervous system (CNS), can sense and be activated by a wide range of exogenous and endogenous stimuli such as microbes, aggregated and misfolded proteins, and adenosine triphosphate, which results in activation of caspase-1. Activated caspase-1 subsequently leads to the processing of interleukin-1β (IL-1β) and interleukin-18 (IL-18) pro-inflammatory cytokines and mediates rapid cell death. IL-1β and IL-18 drive inflammatory responses through diverse downstream signaling pathways, leading to neuronal damage. Thus, the NLRP3 inflammasome is considered a key contributor to the development of neuroinflammation. In this review article, we briefly discuss the structure and activation the NLRP3 inflammasome and address the involvement of the NLRP3 inflammasome in several neurological disorders, such as brain infection, acute brain injury and neurodegenerative diseases. In addition, we review a series of promising therapeutic approaches that target the NLRP3 inflammasome signaling including anti-IL-1 therapy, small molecule NLRP3 inhibitors and other compounds, however, these approaches are still experimental in neurological diseases. At present, it is plausible to generate cell-specific conditional NLRP3 knockout (KO) mice via the Cre system to investigate the role of the NLRP3 inflammasome, which may be instrumental in the development of novel pharmacologic investigations for neuroinflammation-associated diseases.",2017,neurology,neurology,True,,,Frontiers in Cellular Neuroscience,frontiers in cellular neuroscience,True,openalex,Limin Song; Lei Pei; Shanglong Yao; Yan Wu; You Shang,https://doi.org/10.3389/fncel.2017.00063,452,,,,28337127,,,,,,,True,cited_by_count>=405 (top 10.0%); cited_by_count>=405 (top 10.0%),10.3389/fncel.2017.00063,,,False,-0.06441231
https://openalex.org/W2961503558,10.1093/brain/awz195,Incidence and phenotypes of childhood-onset genetic epilepsies: a prospective population-based national cohort,"Epilepsy is common in early childhood. In this age group it is associated with high rates of therapy-resistance, and with cognitive, motor, and behavioural comorbidity. A large number of genes, with wide ranging functions, are implicated in its aetiology, especially in those with therapy-resistant seizures. Identifying the more common single-gene epilepsies will aid in targeting resources, the prioritization of diagnostic testing and development of precision therapy. Previous studies of genetic testing in epilepsy have not been prospective and population-based. Therefore, the population-incidence of common genetic epilepsies remains unknown. The objective of this study was to describe the incidence and phenotypic spectrum of the most common single-gene epilepsies in young children, and to calculate what proportion are amenable to precision therapy. This was a prospective national epidemiological cohort study. All children presenting with epilepsy before 36 months of age were eligible. Children presenting with recurrent prolonged (>10 min) febrile seizures; febrile or afebrile status epilepticus (>30 min); or with clusters of two or more febrile or afebrile seizures within a 24-h period were also eligible. Participants were recruited from all 20 regional paediatric departments and four tertiary children's hospitals in Scotland over a 3-year period. DNA samples were tested on a custom-designed 104-gene epilepsy panel. Detailed clinical information was systematically gathered at initial presentation and during follow-up. Clinical and genetic data were reviewed by a multidisciplinary team of clinicians and genetic scientists. The pathogenic significance of the genetic variants was assessed in accordance with the guidelines of UK Association of Clinical Genetic Science (ACGS). Of the 343 patients who met inclusion criteria, 333 completed genetic testing, and 80/333 (24%) had a diagnostic genetic finding. The overall estimated annual incidence of single-gene epilepsies in this well-defined population was 1 per 2120 live births (47.2/100 000; 95% confidence interval 36.9-57.5). PRRT2 was the most common single-gene epilepsy with an incidence of 1 per 9970 live births (10.0/100 000; 95% confidence interval 5.26-14.8) followed by SCN1A: 1 per 12 200 (8.26/100 000; 95% confidence interval 3.93-12.6); KCNQ2: 1 per 17 000 (5.89/100 000; 95% confidence interval 2.24-9.56) and SLC2A1: 1 per 24 300 (4.13/100 000; 95% confidence interval 1.07-7.19). Presentation before the age of 6 months, and presentation with afebrile focal seizures were significantly associated with genetic diagnosis. Single-gene disorders accounted for a quarter of the seizure disorders in this cohort. Genetic testing is recommended to identify children who may benefit from precision treatment and should be mainstream practice in early childhood onset epilepsy.",2019,epilepsy,neurology,True,,,Brain,brain,False,openalex,Joseph D. Symonds; Sameer M. Zuberi; Kirsty Stewart; Ailsa McLellan; Mary O’Regan; Stewart Macleod; Alice Jollands; Shelagh Joss; Martin Kirkpatrick; Andreas Brunklaus; Daniela T. Pilz; Jay Shetty; Liam Dorris; Ishaq Abu‐Arafeh; Jamie Andrew; Philip Brink; Mary Callaghan; Jamie Cruden; Louise A Diver; Christine Findlay; Sarah L. Gardiner; Rosemary Grattan; Bethan Lang; Jane MacDonnell; Jean McKnight; Calum A. Morrison; Lesley Nairn; Meghan M. Slean; Elma Stephen; Alan Webb; Angela Vincent; Margaret T. Wilson,https://doi.org/10.1093/brain/awz195,451,,,,31302675,,,,,,,True,cited_by_count>=405 (top 10.0%); cited_by_count>=405 (top 10.0%),10.1093/brain/awz195,,,False,0.032821976
https://openalex.org/W2152795085,10.1371/journal.pmed.1001866,Vitamin D and Risk of Multiple Sclerosis: A Mendelian Randomization Study,"BACKGROUND: Observational studies have demonstrated an association between decreased vitamin D level and risk of multiple sclerosis (MS); however, it remains unclear whether this relationship is causal. We undertook a Mendelian randomization (MR) study to evaluate whether genetically lowered vitamin D level influences the risk of MS. METHODS AND FINDINGS: We identified single nucleotide polymorphisms (SNPs) associated with 25-hydroxyvitamin D (25OHD) level from SUNLIGHT, the largest (n = 33,996) genome-wide association study to date for vitamin D. Four SNPs were genome-wide significant for 25OHD level (p-values ranging from 6 × 10-10 to 2 × 10-109), and all four SNPs lay in, or near, genes strongly implicated in separate mechanisms influencing 25OHD. We then ascertained their effect on 25OHD level in 2,347 participants from a population-based cohort, the Canadian Multicentre Osteoporosis Study, and tested the extent to which the 25OHD-decreasing alleles explained variation in 25OHD level. We found that the count of 25OHD-decreasing alleles across these four SNPs was strongly associated with lower 25OHD level (n = 2,347, F-test statistic = 49.7, p = 2.4 × 10-12). Next, we conducted an MR study to describe the effect of genetically lowered 25OHD on the odds of MS in the International Multiple Sclerosis Genetics Consortium study, the largest genetic association study to date for MS (including up to 14,498 cases and 24,091 healthy controls). Alleles were weighted by their relative effect on 25OHD level, and sensitivity analyses were performed to test MR assumptions. MR analyses found that each genetically determined one-standard-deviation decrease in log-transformed 25OHD level conferred a 2.0-fold increase in the odds of MS (95% CI: 1.7-2.5; p = 7.7 × 10-12; I2 = 63%, 95% CI: 0%-88%). This result persisted in sensitivity analyses excluding SNPs possibly influenced by population stratification or pleiotropy (odds ratio [OR] = 1.7, 95% CI: 1.3-2.2; p = 2.3 × 10-5; I2 = 47%, 95% CI: 0%-85%) and including only SNPs involved in 25OHD synthesis or metabolism (ORsynthesis = 2.1, 95% CI: 1.6-2.6, p = 1 × 10-9; ORmetabolism = 1.9, 95% CI: 1.3-2.7, p = 0.002). While these sensitivity analyses decreased the possibility that pleiotropy may have biased the results, residual pleiotropy is difficult to exclude entirely. CONCLUSIONS: A genetically lowered 25OHD level is strongly associated with increased susceptibility to MS. Whether vitamin D sufficiency can delay, or prevent, MS onset merits further investigation in long-term randomized controlled trials.",2015,multiple sclerosis,neurology,True,,,PLoS Medicine,plos medicine,True,openalex,Lauren E. Mokry; Stephanie Ross; Omar Ahmad; Vincenzo Forgetta; George Davey Smith; Aaron Leong; Celia M.T. Greenwood; George Thanassoulis; J. Brent Richards,https://doi.org/10.1371/journal.pmed.1001866,450,,,,26305103,,,,,,,True,cited_by_count>=405 (top 10.0%); cited_by_count>=405 (top 10.0%),10.1371/journal.pmed.1001866,,,False,0.107308716
https://openalex.org/W2916001803,10.1038/s41583-019-0126-4,Neuron–glia interactions in the pathophysiology of epilepsy,,2019,epilepsy,neurology,True,,,Nature reviews. Neuroscience,nature reviews. neuroscience,False,openalex,Dipan C. Patel; Bhanu P. Tewari; Lata Chaunsali; Harald Sontheimer,https://www.ncbi.nlm.nih.gov/pmc/articles/8558781,450,,,,30792501,,,,,,,True,cited_by_count>=405 (top 10.0%); cited_by_count>=405 (top 10.0%),10.1038/s41583-019-0126-4,,,False,-0.028297253
https://openalex.org/W2463810424,10.1016/j.msard.2016.07.003,Brain health: time matters in multiple sclerosis,,2016,multiple sclerosis,neurology,True,,,Multiple Sclerosis and Related Disorders,multiple sclerosis and related disorders,False,openalex,Gavin Giovannoni; Helmut Butzkueven; Suhayl Dhib‐Jalbut; Jeremy Hobart; Gisela Kobelt; George Pepper; Maria Pia Sormani; Christoph Thalheim; Anthony Traboulsee; Timothy Vollmer,https://doi.org/10.1016/j.msard.2016.07.003,449,,,,27640924,,,,,,,True,cited_by_count>=405 (top 10.0%); cited_by_count>=405 (top 10.0%),10.1016/j.msard.2016.07.003,,,False,0.020213693
https://openalex.org/W2267348707,10.1016/s0140-6736(15)01314-8,"Oral fingolimod in primary progressive multiple sclerosis (INFORMS): a phase 3, randomised, double-blind, placebo-controlled trial",,2016,multiple sclerosis,neurology,True,,,The Lancet,the lancet,False,openalex,Fred Lublin; David H. Miller; Mark S. Freedman; Bruce Cree; Jerry S. Wolinsky; Howard L. Weiner; Catherine Lubetzki; Hans‐Peter Hartung; Xavier Montalbán; Bernard M.J. Uitdehaag; Martin Merschhemke; Bingbing Li; Norman Putzki; Fonda Liu; Dieter A. Häring; Ludwig Kappos,https://univoak.eu/islandora/object/islandora%3A63792,449,,,,26827074,,,,,,,True,cited_by_count>=405 (top 10.0%); cited_by_count>=405 (top 10.0%),10.1016/s0140-6736(15)01314-8,,,False,-0.029652916
https://openalex.org/W3024782611,10.1111/ane.13266,Neurological Manifestations of COVID‐19: A systematic review and current update,"The novel coronavirus, severe acute respiratory syndrome coronavirus 2 (SARS-CoV-2), was first identified in December of 2019 in the city of Wuhan, China. Since the outbreak, various reports detail its symptoms and outcomes, primarily focusing on respiratory complications. However, reports are emerging of the virus' effects systemically, including that of the nervous system. A review of all current published literature was conducted, and we report that headache and anosmia were common neurological manifestations of SARS-CoV-2. Less common symptoms include seizure, stroke and isolated cases of Guillain-Barre syndrome. Further research is now warranted to precisely determine the relationship between those patients developing neurological sequelae, their clinical state and any subsequent morbidity and mortality.",2020,neurology,neurology,True,,,Acta Neurologica Scandinavica,acta neurologica scandinavica,False,openalex,Abigail Whittaker; Matthew Anson; Amer Harky,https://doi.org/10.1111/ane.13266,448,,,,32412088,,,,,,,True,cited_by_count>=405 (top 10.0%); cited_by_count>=405 (top 10.0%),10.1111/ane.13266,,,False,-0.018789321
https://openalex.org/W2922528121,10.1002/ana.25463,Silent progression in disease activity–free relapsing multiple sclerosis,"OBJECTIVE: Rates of worsening and evolution to secondary progressive multiple sclerosis (MS) may be substantially lower in actively treated patients compared to natural history studies from the pretreatment era. Nonetheless, in our recently reported prospective cohort, more than half of patients with relapsing MS accumulated significant new disability by the 10th year of follow-up. Notably, ""no evidence of disease activity"" at 2 years did not predict long-term stability. Here, we determined to what extent clinical relapses and radiographic evidence of disease activity contribute to long-term disability accumulation. METHODS: Disability progression was defined as an increase in Expanded Disability Status Scale (EDSS) of 1.5, 1.0, or 0.5 (or greater) from baseline EDSS = 0, 1.0-5.0, and 5.5 or higher, respectively, assessed from baseline to year 5 (±1 year) and sustained to year 10 (±1 year). Longitudinal analysis of relative brain volume loss used a linear mixed model with sex, age, disease duration, and HLA-DRB1*15:01 as covariates. RESULTS: Relapses were associated with a transient increase in disability over 1-year intervals (p = 0.012) but not with confirmed disability progression (p = 0.551). Relative brain volume declined at a greater rate among individuals with disability progression compared to those who remained stable (p < 0.05). INTERPRETATION: Long-term worsening is common in relapsing MS patients, is largely independent of relapse activity, and is associated with accelerated brain atrophy. We propose the term silent progression to describe the insidious disability that accrues in many patients who satisfy traditional criteria for relapsing-remitting MS. Ann Neurol 2019;85:653-666.",2019,multiple sclerosis,neurology,True,,,Annals of Neurology,annals of neurology,False,openalex,Bruce Cree; Jill A. Hollenbach; Riley Bove; Gina Kirkish; Simone Sacco; Eduardo Caverzasi; Antje Bischof; Tristan Gundel; Alyssa H. Zhu; Nico Papinutto; W. Stern; Carolyn Bevan; Andrew R. Romeo; Douglas S. Goodin; Jeffrey M. Gelfand; Jennifer Graves; Ari Green; Michael R. Wilson; Scott S. Zamvil; Chao Zhao; Refujia Gomez; Nicholas R. Ragan; Gillian Rush; Patrick Barba; Adam Santaniello; Sergio E. Baranzini; Jorge R. Oksenberg; Roland G. Henry; Stephen L. Hauser,https://doi.org/10.1002/ana.25463,448,,,,30851128,,,,,,,True,cited_by_count>=405 (top 10.0%); cited_by_count>=405 (top 10.0%),10.1002/ana.25463,,,False,0.0044688582
https://openalex.org/W2922074526,10.1097/ftd.0000000000000546,Therapeutic Drug Monitoring of Antiepileptic Drugs in Epilepsy: A 2018 Update,"BACKGROUND: Antiepileptic drugs (AEDs) are the mainstay of epilepsy treatment. Since 1989, 18 new AEDs have been licensed for clinical use and there are now 27 licensed AEDs in total for the treatment of patients with epilepsy. Furthermore, several AEDs are also used for the management of other medical conditions, for example, pain and bipolar disorder. This has led to an increasingly widespread application of therapeutic drug monitoring (TDM) of AEDs, making AEDs among the most common medications for which TDM is performed. The aim of this review is to provide an overview of the indications for AED TDM, to provide key information for each individual AED in terms of the drug's prescribing indications, key pharmacokinetic characteristics, associated drug-drug pharmacokinetic interactions, and the value and the intricacies of TDM for each AED. The concept of the reference range is discussed as well as practical issues such as choice of sample types (total versus free concentrations in blood versus saliva) and sample collection and processing. METHODS: The present review is based on published articles and searches in PubMed and Google Scholar, last searched in March 2018, in addition to references from relevant articles. RESULTS: In total, 171 relevant references were identified and used to prepare this review. CONCLUSIONS: TDM provides a pragmatic approach to epilepsy care, in that bespoke dose adjustments are undertaken based on drug concentrations so as to optimize clinical outcome. For the older first-generation AEDs (carbamazepine, ethosuximide, phenobarbital, phenytoin, primidone, and valproic acid), much data have accumulated in this regard. However, this is occurring increasingly for the new AEDs (brivaracetam, eslicarbazepine acetate, felbamate, gabapentin, lacosamide, lamotrigine, levetiracetam, oxcarbazepine, perampanel, piracetam, pregabalin, rufinamide, stiripentol, sulthiame, tiagabine, topiramate, vigabatrin, and zonisamide).",2018,epilepsy,neurology,True,,,Therapeutic Drug Monitoring,therapeutic drug monitoring,False,openalex,Philip N. Patsalos; Edgar P. Spencer; Dave Berry,https://discovery.ucl.ac.uk/id/eprint/10049571/,447,,,,29957667,,,,,,,True,cited_by_count>=405 (top 10.0%); cited_by_count>=405 (top 10.0%),10.1097/ftd.0000000000000546,,,False,0.07808661
https://openalex.org/W2999689705,10.1038/s41467-019-14118-w,Integrated single cell analysis of blood and cerebrospinal fluid leukocytes in multiple sclerosis,"Cerebrospinal fluid (CSF) protects the central nervous system (CNS) and analyzing CSF aids the diagnosis of CNS diseases, but our understanding of CSF leukocytes remains superficial. Here, using single cell transcriptomics, we identify a specific location-associated composition and transcriptome of CSF leukocytes. Multiple sclerosis (MS) - an autoimmune disease of the CNS - increases transcriptional diversity in blood, but increases cell type diversity in CSF including a higher abundance of cytotoxic phenotype T helper cells. An analytical approach, named cell set enrichment analysis (CSEA) identifies a cluster-independent increase of follicular (TFH) cells potentially driving the known expansion of B lineage cells in the CSF in MS. In mice, TFH cells accordingly promote B cell infiltration into the CNS and the severity of MS animal models. Immune mechanisms in MS are thus highly compartmentalized and indicate ongoing local T/B cell interaction.",2020,multiple sclerosis,neurology,True,,,Nature Communications,nature communications,True,openalex,David Schafflick; Chenling Xu; Maike Hartlehnert; Michael B. Cole; Andreas Schulte‐Mecklenbeck; Tobias Lautwein; Jolien Wolbert; Michael Heming; Sven G. Meuth; Tanja Kuhlmann; Catharina C. Groß; Heinz Wiendl; Nir Yosef; Gerd Meyer zu Hörste,https://doi.org/10.1038/s41467-019-14118-w,446,,,,31937773,,,,,,,True,cited_by_count>=405 (top 10.0%); cited_by_count>=405 (top 10.0%),10.1038/s41467-019-14118-w,,,False,-0.015352236
https://openalex.org/W3094913430,10.12659/msm.928996,Long-Term Respiratory and Neurological Sequelae of COVID-19,"Since the initial reports of coronavirus disease 2019 (COVID-19) in China in late 2019, infections from severe acute respiratory syndrome coronavirus 2 (SARS-CoV-2) have spread rapidly, resulting in a global pandemic that has caused millions of deaths. Initially, the large number of infected people required the direction of global healthcare resources to provide supportive care for the acutely ill population in an attempt to reduce mortality. While clinical trials for safe and effective antiviral agents are ongoing, and vaccine development programs are being accelerated, long-term sequelae of SARS-CoV-2 infection have become increasingly recognized and concerning. Although the upper and lower respiratory tracts are the main sites of entry of SARS-CoV-2 into the body, resulting in COVID-19 pneumonia as the most common presentation, acute lung damage may be followed by pulmonary fibrosis and chronic impairment of lung function, with impaired quality of life. Also, increasing reports have shown that SARS-CoV-2 infection involves the central nervous system (CNS) and the peripheral nervous system (PNS) and directly or indirectly damages neurons, leading to long-term neurological sequelae. This review aims to provide an update on the mechanisms involved in the development of the long-term sequelae of SARS-CoV-2 infection in the 3 main areas of lung injury, neuronal injury, and neurodegenerative diseases, including Alzheimer disease, Parkinson disease, and multiple sclerosis, and highlights the need for patient monitoring following the acute stage of infection with SARS-CoV-2 to provide a rationale for the prevention, diagnosis, and management of these potential long-term sequelae.",2020,neurology,neurology,True,,,Medical Science Monitor,medical science monitor,False,openalex,Fuzhou Wang; Richard M. Kream; George B. Stefano,https://doi.org/10.12659/msm.928996,442,,,,33177481,,,,,,,True,cited_by_count>=405 (top 10.0%); cited_by_count>=405 (top 10.0%),10.12659/msm.928996,,,False,-0.031054597
https://openalex.org/W1816536644,10.1126/scitranslmed.aab4176,Proinflammatory GM-CSF–producing B cells in multiple sclerosis and B cell depletion therapy,"B cells are not limited to producing protective antibodies; they also perform additional functions relevant to both health and disease. However, the relative contribution of functionally distinct B cell subsets in human disease, the signals that regulate the balance between such subsets, and which of these subsets underlie the benefits of B cell depletion therapy (BCDT) are only partially elucidated. We describe a proinflammatory, granulocyte macrophage-colony stimulating factor (GM-CSF)-expressing human memory B cell subset that is increased in frequency and more readily induced in multiple sclerosis (MS) patients compared to healthy controls. In vitro, GM-CSF-expressing B cells efficiently activated myeloid cells in a GM-CSF-dependent manner, and in vivo, BCDT resulted in a GM-CSF-dependent decrease in proinflammatory myeloid responses of MS patients. A signal transducer and activator of transcription 5 (STAT5)- and STAT6-dependent mechanism was required for B cell GM-CSF production and reciprocally regulated the generation of regulatory IL-10-expressing B cells. STAT5/6 signaling was enhanced in B cells of untreated MS patients compared with healthy controls, and B cells reemerging in patients after BCDT normalized their STAT5/6 signaling as well as their GM-CSF/IL-10 cytokine secretion ratios. The diminished proinflammatory myeloid cell responses observed after BCDT persisted even as new B cells reconstituted. These data implicate a proinflammatory B cell/myeloid cell axis in disease and underscore the rationale for selective targeting of distinct B cell populations in MS and other human autoimmune diseases.",2015,multiple sclerosis,neurology,False,,,Science Translational Medicine,science translational medicine,False,openalex,Rui Li; Ayman Rezk; Yusei Miyazaki; Ellen Hilgenberg; Hanane Touil; Ping Shen; Craig S. Moore; Laure Michel; Faisal Althekair; Sathy Rajasekharan; Jennifer L. Gommerman; Alexandre Prat; Simon Fillatreau; Amit Bar‐Or; on behalf of the Canadian B cells in MS Team,,442,,,,26491076,,,,,,,True,cited_by_count>=405 (top 10.0%); cited_by_count>=405 (top 10.0%),10.1126/scitranslmed.aab4176,,,False,-0.038764313
https://openalex.org/W4289886667,10.1038/s41579-022-00770-5,Epstein–Barr virus and multiple sclerosis,,2022,multiple sclerosis,neurology,True,,,Nature Reviews Microbiology,nature reviews microbiology,False,openalex,Samantha S. Soldan; Paul M. Lieberman,https://doi.org/10.1038/s41579-022-00770-5,440,,,,35931816,,,,,,,True,cited_by_count>=405 (top 10.0%); cited_by_count>=405 (top 10.0%),10.1038/s41579-022-00770-5,,,False,-0.10727133
https://openalex.org/W2489432788,10.1002/ana.24747,Long‐term evolution of multiple sclerosis disability in the treatment era,"OBJECTIVE: To characterize the accrual of long-term disability in a cohort of actively treated multiple sclerosis (MS) patients and to assess whether clinical and magnetic resonance imaging (MRI) data used in clinical trials have long-term prognostic value. METHODS: This is a prospective study of 517 actively managed MS patients enrolled at a single center. RESULTS: More than 91% of patients were retained, with data ascertained up to 10 years after the baseline visit. At this last assessment, neurologic disability as measured by the Expanded Disability Status Scale (EDSS) was stable or improved compared to baseline in 41% of patients. Subjects with no evidence of disease activity (NEDA) by clinical and MRI criteria during the first 2 years had long-term outcomes that were no different from those of the cohort as a whole. 25-OH vitamin D serum levels were inversely associated with short-term MS disease activity; however, these levels had no association with long-term disability. At a median time of 16.8 years after disease onset, 10.7% (95% confidence interval [CI] = 7.2-14%) of patients reached an EDSS ≥ 6, and 18.1% (95% CI = 13.5-22.5%) evolved from relapsing MS to secondary progressive MS (SPMS). INTERPRETATION: Rates of worsening and evolution to SPMS were substantially lower when compared to earlier natural history studies. Notably, the NEDA 2-year endpoint was not a predictor of long-term stability. Finally, the data call into question the utility of annual MRI assessments as a treat-to-target approach for MS care. Ann Neurol 2016;80:499-510.",2016,multiple sclerosis,neurology,True,,,Annals of Neurology,annals of neurology,False,openalex,Bruce Cree; Pierre‐Antoine Gourraud; Jorge R. Oksenberg; Carolyn Bevan; Elizabeth Crabtree‐Hartman; Jeffrey M. Gelfand; Douglas S. Goodin; Jennifer Graves; Ari Green; Ellen M. Mowry; Darin T. Okuda; Daniel Pelletier; H.‐Christian von Büdingen; Scott S. Zamvil; Alisha Agrawal; Stacy J. Caillier; Caroline Ciocca; Refujia Gomez; Rachel Kanner; Robin Lincoln; Antoine Lizée; Pamela Qualley; Adam Santaniello; Leena Suleiman; Monica Bucci; Valentina Panara; Nico Papinutto; W. Stern; Alyssa H. Zhu; Gary Cutter; Sergio E. Baranzini; Roland G. Henry; Stephen L. Hauser,https://doi.org/10.1002/ana.24747,435,,,,27464262,,,,,,,True,cited_by_count>=405 (top 10.0%); cited_by_count>=405 (top 10.0%),10.1002/ana.24747,,,False,0.031224508
https://openalex.org/W2409075931,10.1038/nrneurol.2015.243,Management of psychiatric and neurological comorbidities in epilepsy,,2016,neurology,neurology,False,,,Nature Reviews Neurology,nature reviews neurology,False,openalex,Andrés M. Kanner,,435,,,,26782334,,,,,,,True,cited_by_count>=405 (top 10.0%); cited_by_count>=405 (top 10.0%),10.1038/nrneurol.2015.243,,,False,0.03617152
https://openalex.org/W2752554587,10.1002/ana.25145,Deep gray matter volume loss drives disability worsening in multiple sclerosis,"OBJECTIVE: Gray matter (GM) atrophy occurs in all multiple sclerosis (MS) phenotypes. We investigated whether there is a spatiotemporal pattern of GM atrophy that is associated with faster disability accumulation in MS. METHODS: We analyzed 3,604 brain high-resolution T1-weighted magnetic resonance imaging scans from 1,417 participants: 1,214 MS patients (253 clinically isolated syndrome [CIS], 708 relapsing-remitting [RRMS], 128 secondary-progressive [SPMS], and 125 primary-progressive [PPMS]), over an average follow-up of 2.41 years (standard deviation [SD] = 1.97), and 203 healthy controls (HCs; average follow-up = 1.83 year; SD = 1.77), attending seven European centers. Disability was assessed with the Expanded Disability Status Scale (EDSS). We obtained volumes of the deep GM (DGM), temporal, frontal, parietal, occipital and cerebellar GM, brainstem, and cerebral white matter. Hierarchical mixed models assessed annual percentage rate of regional tissue loss and identified regional volumes associated with time-to-EDSS progression. RESULTS: SPMS showed the lowest baseline volumes of cortical GM and DGM. Of all baseline regional volumes, only that of the DGM predicted time-to-EDSS progression (hazard ratio = 0.73; 95% confidence interval, 0.65, 0.82; p < 0.001): for every standard deviation decrease in baseline DGM volume, the risk of presenting a shorter time to EDSS worsening during follow-up increased by 27%. Of all longitudinal measures, DGM showed the fastest annual rate of atrophy, which was faster in SPMS (-1.45%), PPMS (-1.66%), and RRMS (-1.34%) than CIS (-0.88%) and HCs (-0.94%; p < 0.01). The rate of temporal GM atrophy in SPMS (-1.21%) was significantly faster than RRMS (-0.76%), CIS (-0.75%), and HCs (-0.51%). Similarly, the rate of parietal GM atrophy in SPMS (-1.24-%) was faster than CIS (-0.63%) and HCs (-0.23%; all p values <0.05). Only the atrophy rate in DGM in patients was significantly associated with disability accumulation (beta = 0.04; p < 0.001). INTERPRETATION: This large, multicenter and longitudinal study shows that DGM volume loss drives disability accumulation in MS, and that temporal cortical GM shows accelerated atrophy in SPMS than RRMS. The difference in regional GM atrophy development between phenotypes needs to be taken into account when evaluating treatment effect of therapeutic interventions. Ann Neurol 2018;83:210-222.",2018,multiple sclerosis,neurology,True,,,Annals of Neurology,annals of neurology,False,openalex,Arman Eshaghi; Ferrán Prados; Wallace Brownlee; Daniel R. Altmann; Carmen Tur; M. Jorge Cardoso; Floriana De Angelis; Steven H. van de Pavert; Niamh Cawley; Nicola De Stefano; ML Stromillo; Marco Battaglini; Serena Ruggieri; Claudio Gasperini; Massimo Filippi; Maria A. Rocca; Àlex Rovira; Jaume Sastre‐Garriga; Hugo Vrenken; Cyra E Leurs; Joep Killestein; Lukas Pirpamer; Christian Enzinger; Sébastien Ourselin; Claudia A. M. Gandini Wheeler‐Kingshott; Declan Chard; Alan J. Thompson; Daniel C. Alexander; Frederik Barkhof; Olga Ciccarelli; on behalf of the MAGNIMS study group,https://doi.org/10.1002/ana.25145,434,,,,29331092,,,,,,,True,cited_by_count>=405 (top 10.0%); cited_by_count>=405 (top 10.0%),10.1002/ana.25145,,,False,0.039604522
https://openalex.org/W4225370452,10.1111/epi.17236,ILAE definition of the Idiopathic Generalized Epilepsy Syndromes: Position statement by the ILAE Task Force on Nosology and Definitions,"In 2017, the International League Against Epilepsy (ILAE) Classification of Epilepsies described the ""genetic generalized epilepsies"" (GGEs), which contained the ""idiopathic generalized epilepsies"" (IGEs). The goal of this paper is to delineate the four syndromes comprising the IGEs, namely childhood absence epilepsy, juvenile absence epilepsy, juvenile myoclonic epilepsy, and epilepsy with generalized tonic-clonic seizures alone. We provide updated diagnostic criteria for these IGE syndromes determined by the expert consensus opinion of the ILAE's Task Force on Nosology and Definitions (2017-2021) and international external experts outside our Task Force. We incorporate current knowledge from recent advances in genetic, imaging, and electroencephalographic studies, together with current terminology and classification of seizures and epilepsies. Patients that do not fulfill criteria for one of these syndromes, but that have one, or a combination, of the following generalized seizure types: absence, myoclonic, tonic-clonic and myoclonic-tonic-clonic seizures, with 2.5-5.5 Hz generalized spike-wave should be classified as having GGE. Recognizing these four IGE syndromes as a special grouping among the GGEs is helpful, as they carry prognostic and therapeutic implications.",2022,epilepsy,neurology,True,,,Epilepsia,epilepsia,False,openalex,Édouard Hirsch; Jacqueline A. French; Ingrid E. Scheffer; Alicia Bogacz; Taoufik Alsaadi; Michael R. Sperling; Fatema Abdulla; Sameer M. Zuberi; Eugen Trinka; Nicola Specchio; Ernest Somerville; Pauline Samia; Kate Riney; Rima Nabbout; Satish Jain; Jo M. Wilmshurst; Stéphane Auvin; Samuel Wiebe; Emilio Perucca; Solomon L. Moshé; Paolo Tinuper; Elaine Wirrell,https://doi.org/10.1111/epi.17236,433,,,,35503716,,,,,,,True,cited_by_count>=405 (top 10.0%); cited_by_count>=405 (top 10.0%),10.1111/epi.17236,,,False,-0.044160027
https://openalex.org/W2578761578,10.1212/nxi.0000000000000322,"MOG antibody–positive, benign, unilateral, cerebral cortical encephalitis with epilepsy","OBJECTIVE: To describe the features of adult patients with benign, unilateral cerebral cortical encephalitis positive for the myelin oligodendrocyte glycoprotein (MOG) antibody. METHODS: In this retrospective, cross-sectional study, after we encountered an index case of MOG antibody-positive unilateral cortical encephalitis with epileptic seizure, we tested for MOG antibody using our in-house, cell-based assay in a cohort of 24 consecutive adult patients with steroid-responsive encephalitis of unknown etiology seen at Tohoku University Hospital (2008-2014). We then analyzed the findings in MOG antibody-positive cases. RESULTS: Three more patients, as well as the index case, were MOG antibody-positive, and all were adult men (median age 37 years, range 23-39 years). The main symptom was generalized epileptic seizure with or without abnormal behavior or consciousness disturbance. Two patients also developed unilateral benign optic neuritis (before or after seizure). In all patients, brain MRI demonstrated unilateral cerebral cortical fluid-attenuated inversion recovery hyperintense lesions, which were swollen and corresponded to hyperperfusion on SPECT. CSF studies showed moderate mononuclear pleocytosis with some polymorphonuclear cells and mildly elevated total protein levels, but myelin basic protein was not elevated. A screening of encephalitis-associated autoantibodies, including aquaporin-4, glutamate receptor, and voltage-gated potassium channel antibodies, was negative. All patients received antiepilepsy drugs and fully recovered after high-dose methylprednisolone, and the unilateral cortical MRI lesions subsequently disappeared. No patient experienced relapse. CONCLUSIONS: These MOG antibody-positive cases represent unique benign unilateral cortical encephalitis with epileptic seizure. The pathology may be autoimmune, although the findings differ from MOG antibody-associated demyelination and Rasmussen and other known immune-mediated encephalitides.",2017,epilepsy,neurology,True,,,Neurology Neuroimmunology & Neuroinflammation,neurology neuroimmunology & neuroinflammation,True,openalex,Ryo Ogawa; Ichiro Nakashima; Toshiyuki Takahashi; Kimihiko Kaneko; Tetsuya Akaishi; Yoshiki Takai; Douglas Kazutoshi Sato; Shuhei Nishiyama; Tatsuro Misu; Hiroshi Kuroda; Masashi Aoki; Kazuo Fujihara,https://doi.org/10.1212/nxi.0000000000000322,431,,,,28105459,,,,,,,True,cited_by_count>=405 (top 10.0%); cited_by_count>=405 (top 10.0%),10.1212/nxi.0000000000000322,,,False,-0.012249812
https://openalex.org/W2130029062,10.3171/2015.2.jns14503,Association of traumatic brain injury with subsequent neurological and psychiatric disease: a meta-analysis,"OBJECTIVE: Mild traumatic brain injury (TBI) has been proposed as a risk factor for the development of Alzheimer's disease, Parkinson's disease, depression, and other illnesses. This study's objective was to determine the association of prior mild TBI with the subsequent diagnosis (that is, at least 1 year postinjury) of neurological or psychiatric disease. METHODS: All studies from January 1995 to February 2012 reporting TBI as a risk factor for diagnoses of interest were identified by searching PubMed, study references, and review articles. Reviewers abstracted the data and assessed study designs and characteristics. RESULTS: Fifty-seven studies met the inclusion criteria. A random effects meta-analysis revealed a significant association of prior TBI with subsequent neurological and psychiatric diagnoses. The pooled odds ratio (OR) for the development of any illness subsequent to prior TBI was 1.67 (95% CI 1.44-1.93, p < 0.0001). Prior TBI was independently associated with both neurological (OR 1.55, 95% CI 1.31-1.83, p < 0.0001) and psychiatric (OR 2.00, 95% CI 1.50-2.66, p < 0.0001) outcomes. Analyses of individual diagnoses revealed higher odds of Alzheimer's disease, Parkinson's disease, mild cognitive impairment, depression, mixed affective disorders, and bipolar disorder in individuals with previous TBI as compared to those without TBI. This association was present when examining only studies of mild TBI and when considering the influence of study design and characteristics. Analysis of a subset of studies demonstrated no evidence that multiple TBIs were associated with higher odds of disease than a single TBI. CONCLUSIONS: History of TBI, including mild TBI, is associated with the development of neurological and psychiatric illness. This finding indicates that either TBI is a risk factor for heterogeneous pathological processes or that TBI may contribute to a common pathological mechanism.",2015,neurology,neurology,True,,,Journal of neurosurgery,journal of neurosurgery,False,openalex,David C. Perry; Virginia E. Sturm; Matthew J. Peterson; Carl F. Pieper; T. Bullock; Bradley F. Boeve; Bruce L. Miller; Kevin M. Guskiewicz; Mitchel S. Berger; Joel H. Kramer; Kathleen A. Welsh‐Bohmer,https://doi.org/10.3171/2015.2.jns14503,431,,,,26315003,,,,,,,True,cited_by_count>=405 (top 10.0%); cited_by_count>=405 (top 10.0%),10.3171/2015.2.jns14503,,,False,0.056972586
https://openalex.org/W2508300267,10.1038/srep30383,Long-Term Training with a Brain-Machine Interface-Based Gait Protocol Induces Partial Neurological Recovery in Paraplegic Patients,"Brain-machine interfaces (BMIs) provide a new assistive strategy aimed at restoring mobility in severely paralyzed patients. Yet, no study in animals or in human subjects has indicated that long-term BMI training could induce any type of clinical recovery. Eight chronic (3-13 years) spinal cord injury (SCI) paraplegics were subjected to long-term training (12 months) with a multi-stage BMI-based gait neurorehabilitation paradigm aimed at restoring locomotion. This paradigm combined intense immersive virtual reality training, enriched visual-tactile feedback, and walking with two EEG-controlled robotic actuators, including a custom-designed lower limb exoskeleton capable of delivering tactile feedback to subjects. Following 12 months of training with this paradigm, all eight patients experienced neurological improvements in somatic sensation (pain localization, fine/crude touch, and proprioceptive sensing) in multiple dermatomes. Patients also regained voluntary motor control in key muscles below the SCI level, as measured by EMGs, resulting in marked improvement in their walking index. As a result, 50% of these patients were upgraded to an incomplete paraplegia classification. Neurological recovery was paralleled by the reemergence of lower limb motor imagery at cortical level. We hypothesize that this unprecedented neurological recovery results from both cortical and spinal cord plasticity triggered by long-term BMI usage.",2016,neurology,neurology,True,,,Scientific Reports,scientific reports,True,openalex,Ana R. C. Donati; Solaiman Shokur; Edgard Morya; Debora S. F. Campos; Renan C. Moioli; Claudia M. Gitti; Patricia B. Augusto; Sandra Tripodi; Cristhiane Garabello Pires; Gislaine A. Pereira; Fabrício Lima Brasil; Simone Gallo; Anthony A. Lin; A. Takigami; Maria Adelia Aratanha; Sanjay S. Joshi; Hannes Bleuler; Gordon Cheng; Alan Rudolph; Miguel A. L. Nicolelis,https://doi.org/10.1038/srep30383,430,,,,27513629,,,,,,,True,cited_by_count>=405 (top 10.0%); cited_by_count>=405 (top 10.0%),10.1038/srep30383,,,False,-0.032744132
https://openalex.org/W2610929100,10.1111/epi.13769,Anxiety and depressive disorders in people with epilepsy: A meta‐analysis,"Summary Objective Comorbid anxiety and depressive disorders in people with epilepsy (PWE) are highly prevalent and associated with various adverse outcomes. However, the prevalence of anxiety disorders in PWE across studies is highly variable. Our aim was to estimate the prevalence and moderating factors of anxiety and depressive disorders in PWE. Methods Following prospective registration (PROSPERO; CRD42015027101), electronic databases were searched for studies that reported the prevalence of both anxiety and depressive disorders in samples of PWE up until July 2016. Data extracted included the prevalence of anxiety and depressive disorders, and moderators of interest (e.g., method of diagnosis, prevalence of drug‐resistant epilepsy). Meta‐analysis of the overall pooled prevalence of anxiety and depressive disorders was conducted. Results The search yielded 8,636 unique articles, with 27 studies meeting final inclusion criteria (3,221 PWE). The pooled prevalence of anxiety and depressive disorders was 20.2% (95% confidence interval [CI] 15.3–26.0%) and 22.9% (95% CI 18.2–28.4%), respectively. Method of diagnosis significantly moderated anxiety disorder prevalence (Q statistic with one degree of freedom [Q 1 ] = 36.29, p &lt; 0.0001); the prevalence of anxiety disorders based on unstructured clinician assessment was 8.1% (95% CI 5.7–11.4%), compared to a prevalence of 27.3% (95% CI 22.1–33.3%) based on a structured clinical interview. There were no significant moderators of depressive disorder diagnosis. Significance Findings suggest the prevalence of anxiety and depressive disorders in PWE are equivalent, and variability in prevalence of anxiety disorders across studies can be attributed partly to the method of diagnosis. These findings also challenge widely held assumptions that psychiatric comorbidity is more common in people with drug‐resistant epilepsy. Future research should aim to improve the detection and management of these comorbidities in PWE, particularly anxiety disorders, which have remained relatively neglected.",2017,epilepsy,neurology,True,,,Epilepsia,epilepsia,False,openalex,Amelia J. Scott; Louise Sharpe; Caroline Hunt; Milena Gandy,https://doi.org/10.1111/epi.13769,429,,,,28470748,,,,,,,True,cited_by_count>=405 (top 10.0%); cited_by_count>=405 (top 10.0%),10.1111/epi.13769,,,False,0.1085991
https://openalex.org/W3012517977,10.1016/s1474-4422(20)30067-3,Timing of high-efficacy therapy for multiple sclerosis: a retrospective observational cohort study,,2020,multiple sclerosis,neurology,True,,,The Lancet Neurology,the lancet neurology,False,openalex,Anna He; B. Merkel; J William L Brown; Lana Zhovits Ryerson; Ilya Kister; Charles B. Malpas; Sifat Sharmin; Dana Horáková; Eva Havrdová; Tim Spelman; Guillermo Izquierdo; Sara Eichau; María Trojano; Alessandra Lugaresi; Raymond Hupperts; Patrizia Sola; Diana Ferraro; Jan Lycke; François Grand’Maison; Alexandre Prat; Marc Girard; Pierre Duquette; Catherine Larochelle; Anders Svenningsson; Thor Petersen; Pierre Grammond; Franco Granella; Vincent Van Pesch; Roberto Bergamaschi; Christopher McGuigan; Alasdair Coles; Jan Hillert; Fredrik Piehl; Helmut Butzkueven; Tomáš Kalinčík,http://hdl.handle.net/11380/1199484,428,,,,32199096,,,,,,,True,cited_by_count>=405 (top 10.0%); cited_by_count>=405 (top 10.0%),10.1016/s1474-4422(20)30067-3,,,False,0.032129213
https://openalex.org/W2774052104,10.1016/s1474-4422(17)30408-8,Mechanisms of action for the medium-chain triglyceride ketogenic diet in neurological and metabolic disorders,,2017,neurology,neurology,True,,,The Lancet Neurology,the lancet neurology,False,openalex,Katrin Augustin; Aziza Khabbush; Sophie Williams; Simon Eaton; Michael Orford; J. Helen Cross; Simon Heales; Matthew C. Walker; Robin S. B. Williams,https://discovery.ucl.ac.uk/id/eprint/10033832/,428,,,,29263011,,,,,,,True,cited_by_count>=405 (top 10.0%); cited_by_count>=405 (top 10.0%),10.1016/s1474-4422(17)30408-8,,,False,-0.06895686
https://openalex.org/W2775648299,10.1007/s40120-017-0086-4,Vitamin D and Multiple Sclerosis: A Comprehensive Review,"Numerous observational studies have suggested that there is a correlation between the level of serum vitamin D and MS risk and disease activity. To explore this hypothesis, a literature search of large, prospective, observation studies, epidemiological studies, and studies using new approaches such as Mendelian randomization was conducted. Available data and ongoing research included in this review suggest that the level of serum vitamin D affects the risk of developing MS and also modifies disease activity in MS patients. Newer Mendelian randomization analyses suggest there is a causal relationship between low vitamin D level and the risk of MS. Post-hoc evaluations from two phase 3 studies, BENEFIT and BEYOND, support the findings of observational trials. Study limitations identified in this review recognize the need for larger controlled clinical trials to establish vitamin D supplementation as the standard of care for MS patients. Though there is increasing evidence indicating that lower vitamin D levels are associated with increased risk of MS and with greater clinical and brain MRI activity in established MS, the impact of vitamin D supplementation on MS activity remains inadequately investigated.",2017,multiple sclerosis,neurology,True,,,Neurology and Therapy,neurology and therapy,True,openalex,Martina Sintzel; Mark Rametta; Anthony T. Reder,https://doi.org/10.1007/s40120-017-0086-4,426,,,,29243029,,,,,,,True,cited_by_count>=405 (top 10.0%); cited_by_count>=405 (top 10.0%),10.1007/s40120-017-0086-4,,,False,0.043170925
https://openalex.org/W2766371671,10.1212/wnl.0000000000004683,Monitoring disease activity in multiple sclerosis using serum neurofilament light protein,"<h3>Objective:</h3> To examine the effects of disease activity, disability, and disease-modifying therapies (DMTs) on serum neurofilament light (NFL) and the correlation between NFL concentrations in serum and CSF in multiple sclerosis (MS). <h3>Methods:</h3> NFL concentrations were measured in paired serum and CSF samples (n = 521) from 373 participants: 286 had MS, 45 had other neurologic conditions, and 42 were healthy controls (HCs). In 138 patients with MS, the serum and CSF samples were obtained before and after DMT treatment with a median interval of 12 months. The CSF NFL concentration was measured with the UmanDiagnostics NF-light enzyme-linked immunosorbent assay. The serum NFL concentration was measured with an in-house ultrasensitive single-molecule array assay. <h3>Results:</h3> In MS, the correlation between serum and CSF NFL was <i>r</i> = 0.62 (<i>p</i> &lt; 0.001). Serum concentrations were significantly higher in patients with relapsing-remitting MS (16.9 ng/L) and in patients with progressive MS (23 ng/L) than in HCs (10.5 ng/L, <i>p</i> &lt; 0.001 and <i>p</i> &lt; 0.001, respectively). Treatment with DMT reduced median serum NFL levels from 18.6 (interquartile range [IQR] 12.6–32.7) ng/L to 15.7 (IQR 9.6–22.7) ng/L (<i>p</i> &lt; 0.001). Patients with relapse or with radiologic activity had significantly higher serum NFL levels than those in remission (<i>p</i> &lt; 0.001) or those without new lesions on MRI (<i>p</i> &lt; 0.001). <h3>Conclusions:</h3> Serum and CSF NFL levels were highly correlated, indicating that blood sampling can replace CSF taps for this particular marker. Disease activity and DMT had similar effects on serum and CSF NFL concentrations. Repeated NFL determinations in peripheral blood for detecting axonal damage may represent new possibilities in MS monitoring.",2017,multiple sclerosis,neurology,True,,,Neurology,neurology,False,openalex,Lenka Novakova; Henrik Zetterberg; Peter Sundström; Markus Axelsson; Mohsen Khademi; Martin Gunnarsson; Clas Malmeström; Anders Svenningsson; Tomas Olsson; Fredrik Piehl; Kaj Blennow; Jan Lycke,https://doi.org/10.1212/wnl.0000000000004683,425,,,,29079686,,,,,,,True,cited_by_count>=405 (top 10.0%); cited_by_count>=405 (top 10.0%),10.1212/wnl.0000000000004683,,,False,0.061270326
https://openalex.org/W2536500264,10.3389/fphar.2016.00340,Inhibitors of MAO-A and MAO-B in Psychiatry and Neurology,"Inhibitors of MAO-A and MAO-B are in clinical use for the treatment of psychiatric and neurological disorders respectively. Elucidation of the molecular structure of the active sites of the enzymes has enabled a precise determination of the way in which substrates and inhibitor molecules are metabolized, or inhibit metabolism of substrates, respectively. Despite the knowledge of the strong antidepressant efficacy of irreversible MAO inhibitors, their clinical use has been limited by their side effect of potentiation of the cardiovascular effects of dietary amines (""cheese effect""). A number of reversible MAO-A inhibitors which are devoid of cheese effect have been described in the literature, but only one, moclobemide, is currently in clinical use. The irreversible inhibitors of MAO-B, selegiline and rasagiline, are used clinically in treatment of Parkinson's disease, and a recently introduced reversible MAO-B inhibitor, safinamide, has also been found efficacious. Modification of the pharmacokinetic characteristics of selegiline by transdermal administration has led to the development of a new drug form for treatment of depression. The clinical potential of MAO inhibitors together with detailed knowledge of the enzyme's binding site structure should lead to future developments with these drugs.",2016,neurology,neurology,True,,,Frontiers in Pharmacology,frontiers in pharmacology,True,openalex,J. P. M. Finberg; Jose M. Rabey,https://doi.org/10.3389/fphar.2016.00340,425,,,,27803666,,,,,,,True,cited_by_count>=405 (top 10.0%); cited_by_count>=405 (top 10.0%),10.3389/fphar.2016.00340,,,False,-0.054732658
https://openalex.org/W2268628191,10.1016/j.resuscitation.2016.01.016,Association of early withdrawal of life-sustaining therapy for perceived neurological prognosis with mortality after cardiac arrest,,2016,neurology,neurology,True,,,Resuscitation,resuscitation,False,openalex,Jonathan Elmer; Cesar Daniel Torres; Tom P. Aufderheide; Michael Austin; Clifton W. Callaway; Eyal Golan; Heather Herren; Jamie Jasti; Peter J. Kudenchuk; Damon C. Scales; Dion Stub; Derek Richardson; Dana Zive,https://www.osti.gov/biblio/1467739,424,,,,26836944,,,,,,,True,cited_by_count>=405 (top 10.0%); cited_by_count>=405 (top 10.0%),10.1016/j.resuscitation.2016.01.016,,,False,0.074632324
https://openalex.org/W1943838624,10.1038/nrneurol.2015.106,MAGNIMS consensus guidelines on the use of MRI in multiple sclerosis—clinical implementation in the diagnostic process,"The use of MRI in patients with multiple sclerosis (MS) is commonplace in clinical settings. However, the precise implementation of MRI in the diagnosis of MS is highly variable, which is problematic in the context of the substantial technical advances of the past decade. In these Evidence-based Guidelines, members of the MAGNIMS study group present a standardized approach to the use of MRI in the diagnosis of MS. The clinical use of MRI in patients with multiple sclerosis (MS) has advanced markedly over the past few years. Technical improvements and continuously emerging data from clinical trials and observational studies have contributed to the enhanced performance of this tool for achieving a prompt diagnosis in patients with MS. The aim of this article is to provide guidelines for the implementation of MRI of the brain and spinal cord in the diagnosis of patients who are suspected of having MS. These guidelines are based on an extensive review of the recent literature, as well as on the personal experience of the members of the MAGNIMS (Magnetic Resonance Imaging in MS) network. We address the indications, timing, coverage, reporting and interpretation of MRI studies in patients with suspected MS. Our recommendations are intended to help radiologists and neurologists standardize and optimize the use of MRI in clinical practice for the diagnosis of MS.",2015,multiple sclerosis,neurology,True,,,Nature Reviews Neurology,nature reviews neurology,False,openalex,on behalf of the MAGNIMS study group; Àlex Rovira; Mike P. Wattjes; Mar Tintoré; Carmen Tur; Tarek Yousry; Maria Pia Sormani; Nicola De Stefano; Massimo Filippi; Cristina Auger; Maria A. Rocca; Frederik Barkhof; Franz Fazekas; Ludwig Kappos; Chris H. Polman; David Miller; Xavier Montalbán,https://doi.org/10.1038/nrneurol.2015.106,421,,,,26149978,,,,,,,True,cited_by_count>=405 (top 10.0%); cited_by_count>=405 (top 10.0%),10.1038/nrneurol.2015.106,,,False,0.084496215
https://openalex.org/W2239518951,10.1038/ng.3395,Class II HLA interactions modulate genetic risk for multiple sclerosis,,2015,multiple sclerosis,neurology,True,,,Nature Genetics,nature genetics,False,openalex,Alexander Dilthey; Loukas Moutsianas; Luke Jostins-Dean; Peter Donnelly; Chris C. A. Spencer; Gil McVean; Dionysia K Xifara; Ashley Beecham; Margaret A. Pericak‐Vance; Jacob L. McCauley; Maria Ban; Alastair Compston; Stephen Sawcer; Jeffrey C. Barrett; Carl A. Anderson; Tejas Shah; Philip L. De Jager; Nikolaos A Patsopoulos; Philip L. De Jager; Nikolaos A Patsopoulos; Philip L. De Jager; Nikolaos A. Patsopoulos; David A. Hafler; Philip L. De Jager; Chris Cotsapas; Nikolaos A. Patsopoulos; Lars Alfredsson; Lars Fugger; Katherine E Attfield; Stephen L. Hauser; Sergio E. Baranzini; Jorge R. Oksenberg; Pierre‐Antoine Gourraud; Thomas M. C. Binder; David R. Booth; Graeme J. Stewart; Juliane Winkelmann; Dorothea Buck; Bernhard Hemmer; Elisabeth Gulowsen Celius; Hanne F. Harbo; David A. Hafler; Chris Cotsapas; Chris Cotsapas; Sandra D’Alfonso; Lars Fugger; Calliope A. Dendrou; Bénédicte Dubois; An Goris; Bertrand Fontaine; Christina M. Lill; Christiane Graetz; Frauke Zipp; Juliane Winkelmann; Bernhard Hemmer; Bernhard Hemmer; Tomas Olsson; Ingrid Kockum; Jan Hillert; Stephen Leslie; Stephen Leslie; Christina M. Lill; Filippo Martinelli Boneschi; Filippo Martinelli Boneschi; Annette Oturai; Helle Bach Søndergaard; Janna Saarela; Anne Spurkland; Bruce Taylor; Juliane Winkelmann; Juliane Winkelmann; Juliane Winkelmann; Jonathan L. Haines; David A. Hafler; Adrian J. Ivinson; Hanne F. Harbo,https://figshare.com/articles/journal_contribution/Class_II_HLA_interactions_modulate_genetic_risk_for_multiple_sclerosis/22928930,417,,,,26343388,https://figshare.com/articles/journal_contribution/Class_II_HLA_interactions_modulate_genetic_risk_for_multiple_sclerosis/22928930,,https://figshare.com/articles/journal_contribution/Class_II_HLA_interactions_modulate_genetic_risk_for_multiple_sclerosis/22928930,,,,True,cited_by_count>=405 (top 10.0%); cited_by_count>=405 (top 10.0%),10.1038/ng.3395,https://figshare.com/articles/journal_contribution/Class_II_HLA_interactions_modulate_genetic_risk_for_multiple_sclerosis/22928930,figshare,True,0.0012916238
https://openalex.org/W3161773261,10.1001/jamanetworkopen.2021.12131,Global Incidence of Neurological Manifestations Among Patients Hospitalized With COVID-19—A Report for the GCS-NeuroCOVID Consortium and the ENERGY Consortium,"Importance: The COVID-19 pandemic continues to affect millions of people globally, with increasing reports of neurological manifestations but limited data on their incidence and associations with outcome. Objective: To determine the neurological phenotypes, incidence, and outcomes among adults hospitalized with COVID-19. Design, Setting, and Participants: This cohort study included patients with clinically diagnosed or laboratory-confirmed COVID-19 at 28 centers, representing 13 countries and 4 continents. The study was performed by the Global Consortium Study of Neurologic Dysfunction in COVID-19 (GCS-NeuroCOVID) from March 1 to September 30, 2020, and the European Academy of Neurology (EAN) Neuro-COVID Registry (ENERGY) from March to October 2020. Three cohorts were included: (1) the GCS-NeuroCOVID all COVID-19 cohort (n = 3055), which included consecutive hospitalized patients with COVID-19 with and without neurological manifestations; (2) the GCS-NeuroCOVID COVID-19 neurological cohort (n = 475), which comprised consecutive patients hospitalized with COVID-19 who had confirmed neurological manifestations; and (3) the ENERGY cohort (n = 214), which included patients with COVID-19 who received formal neurological consultation. Exposures: Clinically diagnosed or laboratory-confirmed COVID-19. Main Outcomes and Measures: Neurological phenotypes were classified as self-reported symptoms or neurological signs and/or syndromes assessed by clinical evaluation. Composite incidence was reported for groups with at least 1 neurological manifestation. The main outcome measure was in-hospital mortality. Results: Of the 3055 patients in the all COVID-19 cohort, 1742 (57%) were men, and the mean age was 59.9 years (95% CI, 59.3-60.6 years). Of the 475 patients in the COVID-19 neurological cohort, 262 (55%) were men, and the mean age was 62.6 years (95% CI, 61.1-64.1 years). Of the 214 patients in the ENERGY cohort, 133 (62%) were men, and the mean age was 67 years (95% CI, 52-78 years). A total of 3083 of 3743 patients (82%) across cohorts had any neurological manifestation (self-reported neurological symptoms and/or clinically captured neurological sign and/or syndrome). The most common self-reported symptoms included headache (1385 of 3732 patients [37%]) and anosmia or ageusia (977 of 3700 patients [26%]). The most prevalent neurological signs and/or syndromes were acute encephalopathy (1845 of 3740 patients [49%]), coma (649 of 3737 patients [17%]), and stroke (222 of 3737 patients [6%]), while meningitis and/or encephalitis were rare (19 of 3741 patients [0.5%]). Presence of clinically captured neurologic signs and/or syndromes was associated with increased risk of in-hospital death (adjusted odds ratio [aOR], 5.99; 95% CI, 4.33-8.28) after adjusting for study site, age, sex, race, and ethnicity. Presence of preexisting neurological disorders (aOR, 2.23; 95% CI, 1.80-2.75) was associated with increased risk of developing neurological signs and/or syndromes with COVID-19. Conclusions and Relevance: In this multicohort study, neurological manifestations were prevalent among patients hospitalized with COVID-19 and were associated with higher in-hospital mortality. Preexisting neurological disorders were associated with increased risk of developing neurological signs and/or syndromes in COVID-19.",2021,neurology,neurology,True,,,JAMA Network Open,jama network open,True,openalex,Sherry Chou; Ettore Beghi; Raimund Helbok; Elena Moro; Joshua N. Sampson; Valeria Altamirano; Shraddha Mainali; Claudio L. Bassetti; José I. Suárez; Molly McNett; Lawrence Nolan; Kristi Temro; Anna M. Cervantes‐Arslanian; Pria Anand; Shibani S. Mukerji; Haitham Alabasi; M. Brandon Westover; Tapan Kavi; Sayona John; Ivan Da Silva; Arif Pasha Shaik; Aarti Sarwal; Saef Izzy; Eric M. Liotta; Ayush Batra; Aimee Aysenne; Clio Rubiños; Ahmed Y. Azzam; Mohammed A. Azab; Justin Sandall; LeighAnn Persondek; Hanno Ulmer; Verena Rass; Bettina Pfausler; Christoph Müller; Simon Jung; Michael Crean; Sara Meoni; Dániel Bereczki; Tibor Kovács; Netta Agajany; Carmel Armon; Sharon Wolfson; Maria Sofia Cotelli; Elisa Bianchi; A. Riahi; Şerefnur Öztürk; Onur Ural; Gryb Viktoriia; M. I. Lesiv; Luı́s F. Maia; Vanessa Oliveira; Mafalda Seabra; Vanessa Carvalho; Paul Vespa; J. Javier Provencio; DaiWai M. Olson; Claude Hemphill; Chethan P. Venkatasubba Rao; Nerissa Ko; Ericka L. Fink; Courtney Robertson; Michelle E. Schober; Ali Scott; Michal Hammond; Nicole Paul; Aleksandra Safonova; L. Kaplan; Charith Ratnayake; Adytia D Sharma; Abigail Skeel; Carlos Villamizar Rosales; Dominika Dolak; Panayiotis N. Varelas; Lev Lotman; L Kaltenbach; Menon David K.,https://doi.org/10.1001/jamanetworkopen.2021.12131,415,,,,33974053,,,,,,,True,cited_by_count>=405 (top 10.0%); cited_by_count>=405 (top 10.0%),10.1001/jamanetworkopen.2021.12131,,,False,0.08294138
https://openalex.org/W2106628227,10.1101/cshperspect.a022863,Glutamatergic Mechanisms Associated with Seizures and Epilepsy,"Epilepsy is broadly characterized by aberrant neuronal excitability. Glutamate is the predominant excitatory neurotransmitter in the adult mammalian brain; thus, much of past epilepsy research has attempted to understand the role of glutamate in seizures and epilepsy. Seizures induce elevations in extracellular glutamate, which then contribute to excitotoxic damage. Chronic seizures can alter neuronal and glial expression of glutamate receptors and uptake transporters, further contributing to epileptogenesis. Evidence points to a shared glutamate pathology for epilepsy and other central nervous system (CNS) disorders, including depression, which is often a comorbidity of epilepsy. Therapies that target glutamatergic neurotransmission are available, but many have met with difficulty because of untoward adverse effects. Better understanding of this system has generated novel therapeutic targets that directly and indirectly modulate glutamatergic signaling. Thus, future efforts to manage the epileptic patient with glutamatergic-centric treatments now hold greater potential.",2015,epilepsy,neurology,True,,,Cold Spring Harbor Perspectives in Medicine,cold spring harbor perspectives in medicine,False,openalex,Melissa Barker‐Haliski; H. Steve White,https://doi.org/10.1101/cshperspect.a022863,414,,,,26101204,,,,,,,True,cited_by_count>=405 (top 10.0%); cited_by_count>=405 (top 10.0%),10.1101/cshperspect.a022863,,,False,-0.034151975
https://openalex.org/W2464491214,10.1093/brain/aww173,Defining secondary progressive multiple sclerosis,"A number of studies have been conducted with the onset of secondary progressive multiple sclerosis as an inclusion criterion or an outcome of interest. However, a standardized objective definition of secondary progressive multiple sclerosis has been lacking. The aim of this work was to evaluate the accuracy and feasibility of an objective definition for secondary progressive multiple sclerosis, to enable comparability of future research studies. Using MSBase, a large, prospectively acquired, global cohort study, we analysed the accuracy of 576 data-derived onset definitions for secondary progressive multiple sclerosis and first compared these to a consensus opinion of three neurologists. All definitions were then evaluated against 5-year disease outcomes post-assignment of secondary progressive multiple sclerosis: sustained disability, subsequent sustained progression, positive disability trajectory, and accumulation of severe disability. The five best performing definitions were further investigated for their timeliness and overall disability burden. A total of 17 356 patients were analysed. The best definition included a 3-strata progression magnitude in the absence of a relapse, confirmed after 3 months within the leading Functional System and required an Expanded Disability Status Scale step ≥4 and pyramidal score ≥2. It reached an accuracy of 87% compared to the consensus diagnosis. Seventy-eight per cent of the identified patients showed a positive disability trajectory and 70% reached significant disability after 5 years. The time until half of all patients were diagnosed was 32.6 years (95% confidence interval 32-33.6) after disease onset compared with the physicians' diagnosis at 36 (35-39) years. The identified patients experienced a greater disease burden [median annualized area under the disability-time curve 4.7 (quartiles 3.6, 6.0)] versus non-progressive patients [1.8 (1.2, 1.9)]. This objective definition of secondary progressive multiple sclerosis based on the Expanded Disability Status Scale and information about preceding relapses provides a tool for a reproducible, accurate and timely diagnosis that requires a very short confirmation period. If applied broadly, the definition has the potential to strengthen the design and improve comparability of clinical trials and observational studies in secondary progressive multiple sclerosis.",2016,multiple sclerosis,neurology,True,,,Brain,brain,False,openalex,Johannes Lorscheider; Katherine Buzzard; Vilija Jokubaitis; Tim Spelman; Eva Havrdová; Dana Horáková; María Trojano; Guillermo Izquierdo; Marc Girard; Pierre Duquette; Alexandre Prat; Alessandra Lugaresi; François Grand’Maison; Pierre Grammond; Raymond Hupperts; Raed Alroughani; Patrizia Sola; Cavit Boz; Eugenio Pucci; Jeannette Lechner‐Scott; Roberto Bergamaschi; Celia Oreja‐Guevara; Gerardo Iuliano; Vincent Van Pesch; Franco Granella; Cristina Ramo‐Tello; Daniele Spitaleri; Thor Petersen; Mark Slee; Freek Verheul; Radek Ampapa; Maria Pia Amato; Pamela McCombe; Steve Vucic; José Luis Sánchez-Menoyo; Edgardo Cristiano; Michael Barnett; Suzanne Hodgkinson; Javier Olascoaga; Maria Luisa Saladino; Orla Gray; Cameron Shaw; Fraser Moore; Helmut Butzkueven; Tomáš Kalinčík; on behalf of the MSBase Study Group,https://doi.org/10.1093/brain/aww173,412,,,,27401521,,,,,,,True,cited_by_count>=405 (top 10.0%); cited_by_count>=405 (top 10.0%),10.1093/brain/aww173,,,False,-0.012162545
https://openalex.org/W775956452,10.1016/j.jaut.2015.06.010,The immunogenetics of multiple sclerosis: A comprehensive review,,2015,multiple sclerosis,neurology,True,,,Journal of Autoimmunity,journal of autoimmunity,False,openalex,Jill A. Hollenbach; Jorge R. Oksenberg,https://www.ncbi.nlm.nih.gov/pmc/articles/4687745,411,,,,26142251,,,,,,,True,cited_by_count>=405 (top 10.0%); cited_by_count>=405 (top 10.0%),10.1016/j.jaut.2015.06.010,,,False,-0.10064702
https://openalex.org/W1972438508,10.1038/nrn3900,Exploring the origins of grey matter damage in multiple sclerosis,,2015,multiple sclerosis,neurology,True,,,Nature reviews. Neuroscience,nature reviews. neuroscience,False,openalex,Massimiliano Calabrese; Roberta Magliozzi; Olga Ciccarelli; Jeroen J.G. Geurts; Richard Reynolds; Roland Martinꝉ,https://pure.amsterdamumc.nl/en/publications/a80b02b3-bf31-4fc8-af9e-7382a78f3fec,410,,,,25697158,,,,,,,True,cited_by_count>=405 (top 10.0%); cited_by_count>=405 (top 10.0%),10.1038/nrn3900,,,False,0.056783494
https://openalex.org/W2925613754,10.1111/cns.13123,"Astrocyte morphology: Diversity, plasticity, and role in neurological diseases","Astrocytes are the most abundant glial cells in the central nervous system (CNS) and participate in synaptic, circuit, and behavioral functions. The well-developed protoplasmic astrocytes contain numerous processes forming well-delineated bushy territories that overlap by as little as 5% at their boundaries. This highly complex morphology, with up to approximately 80% of the cell's membrane constituted by fine processes with dimensions on the tens of nanometer scale and high surface area to volume ratios, comes in contact with synapses, blood vessels, and other glial cells. Recent progress is challenging the conventional view that astrocytes are morphologically homogeneous throughout the brain; instead, they display circuit- and region-specific morphological diversity that may contribute to the heterogeneous astrocyte-neuron spatiotemporal interplay in different brain areas. Further, the fine structure of astrocytes is found to be highly plastic and activity-dependent. We are beginning to understand how astrocyte structural plasticity contributes to brain functions. The change/loss of astrocyte morphology, traditionally known as a hallmark for reactive astrogliosis, is a common pathological feature in many neurological disorders. However, recent data suggest the fine structural deficits preceding reactive astrogliosis may drive disease progression. This review summarizes recent advances in astrocyte morphological diversity, plasticity, and disease-related deficits.",2019,neurology,neurology,True,,,CNS Neuroscience & Therapeutics,cns neuroscience & therapeutics,True,openalex,Bin Zhou; Yunxia Zuo; Ruotian Jiang,https://doi.org/10.1111/cns.13123,409,,,,30929313,,,,,,,True,cited_by_count>=405 (top 10.0%); cited_by_count>=405 (top 10.0%),10.1111/cns.13123,,,False,0.072774306
https://openalex.org/W197804012,10.1097/jim.0000000000000192,Gut Microbiota in Multiple Sclerosis: Possible Influence of Immunomodulators,"OBJECTIVES: Differences in gut bacteria have been described in several autoimmune disorders. In this exploratory pilot study, we compared gut bacteria in patients with multiple sclerosis and healthy controls and evaluated the influence of glatiramer acetate and vitamin D treatment on the microbiota. METHODS: Subjects were otherwise healthy white women with or without relapsing-remitting multiple sclerosis who were vitamin D insufficient. Patients with multiple sclerosis were untreated or were receiving glatiramer acetate. Subjects collected stool at baseline and after 90 days of vitamin D3 (5000 IU/d) supplementation. The abundance of operational taxonomic units was evaluated by hybridization of 16S rRNA to a DNA microarray. RESULTS: While there was overlap of gut bacterial communities, the abundance of some operational taxonomic units, including Faecalibacterium, was lower in patients with multiple sclerosis. Glatiramer acetate-treated patients with multiple sclerosis showed differences in community composition compared with untreated subjects, including Bacteroidaceae, Faecalibacterium, Ruminococcus, Lactobacillaceae, Clostridium, and other Clostridiales. Compared with the other groups, untreated patients with multiple sclerosis had an increase in the Akkermansia, Faecalibacterium, and Coprococcus genera after vitamin D supplementation. CONCLUSIONS: While overall bacterial communities were similar, specific operational taxonomic units differed between healthy controls and patients with multiple sclerosis. Glatiramer acetate and vitamin D supplementation were associated with differences or changes in the microbiota. This study was exploratory, and larger studies are needed to confirm these preliminary results.",2015,multiple sclerosis,neurology,True,,,Journal of Investigative Medicine,journal of investigative medicine,False,openalex,Brandi L. Cantarel; Emmanuelle Waubant; Christel Chehoud; Justin Kuczynski; Todd Z. DeSantis; Janet A. Warrington; Arun Venkatesan; Claire M. Fraser; Ellen M. Mowry,https://www.ncbi.nlm.nih.gov/pmc/articles/4439263,409,,,,25775034,,,,,,,True,cited_by_count>=405 (top 10.0%); cited_by_count>=405 (top 10.0%),10.1097/jim.0000000000000192,,,False,-0.031950913
https://openalex.org/W2551398945,10.1038/nrneurol.2016.166,The central vein sign and its clinical evaluation for the diagnosis of multiple sclerosis: a consensus statement from the North American Imaging in Multiple Sclerosis Cooperative,,2016,multiple sclerosis,neurology,True,,,Nature Reviews Neurology,nature reviews neurology,False,openalex,on behalf of the NAIMS Cooperative; Pascal Sati; Jiwon Oh; R. Todd Constable; Nikos Evangelou; Charles R.G. Guttmann; Roland G. Henry; Eric C. Klawiter; Caterina Mainero; Luca Massacesi; Henry F. McFarland; Flavia Nelson; Daniel Ontaneda; Alexander Rauscher; William D. Rooney; Amal Samaraweera; Russell T. Shinohara; Raymond A. Sobel; Andrew Solomon; Constantina A. Treaba; Jens Wuerfel; Robert Zivadinov; Nancy L. Sicotte; Daniel Pelletier; Daniel S. Reich,https://doi.org/10.1038/nrneurol.2016.166,409,,,,27834394,,,,,,,True,cited_by_count>=405 (top 10.0%); cited_by_count>=405 (top 10.0%),10.1038/nrneurol.2016.166,,,False,-0.08715646
https://openalex.org/W2466122204,10.1093/brain/aww158,Zika virus-associated neurological disorders: a review,"Zika virus, an arbovirus transmitted by mosquitoes of the Aedes species, is now rapidly disseminating throughout the Americas and the ongoing Brazilian outbreak is the largest Zika virus epidemic so far described. In addition to being associated with a non-specific acute febrile illness, a number of neurological manifestations, mainly microcephaly and Guillain-Barré syndrome, have been associated with infection. These with other rarer neurological conditions suggest that Zika virus, similar to other flaviviruses, is neuropathogenic. The surge of Zika virus-related microcephaly cases in Brazil has received much attention and the role of the virus in this and in other neurological manifestations is growing. Zika virus has been shown to be transmitted perinatally and the virus can be detected in amniotic fluid, placenta and foetus brain tissue. A significant increase in Guillain-Barré syndrome incidence has also been reported during this, as well as in previous outbreaks. More recently, meningoencephalitis and myelitis have also been reported following Zika virus infection. In summary, while preliminary studies have suggested a clear relationship between Zika virus infection and certain neurological conditions, only longitudinal studies in this epidemic, as well as experimental studies either in animal models or in vitro, will help to better understand the role of the virus and the pathogenesis of these disorders.",2016,neurology,neurology,True,,,Brain,brain,False,openalex,Abelardo Araújo; Marcus Tulius T. Silva; Abelardo Araújo,https://doi.org/10.1093/brain/aww158,408,,,,27357348,,,,,,,True,cited_by_count>=405 (top 10.0%); cited_by_count>=405 (top 10.0%),10.1093/brain/aww158,,,False,0.08600564
https://openalex.org/W3210722677,10.1038/s41591-021-01556-7,Neurological complications after first dose of COVID-19 vaccines and SARS-CoV-2 infection,"Emerging reports of rare neurological complications associated with COVID-19 infection and vaccinations are leading to regulatory, clinical and public health concerns. We undertook a self-controlled case series study to investigate hospital admissions from neurological complications in the 28 days after a first dose of ChAdOx1nCoV-19 (n = 20,417,752) or BNT162b2 (n = 12,134,782), and after a SARS-CoV-2-positive test (n = 2,005,280). There was an increased risk of Guillain-Barré syndrome (incidence rate ratio (IRR), 2.90; 95% confidence interval (CI): 2.15-3.92 at 15-21 days after vaccination) and Bell's palsy (IRR, 1.29; 95% CI: 1.08-1.56 at 15-21 days) with ChAdOx1nCoV-19. There was an increased risk of hemorrhagic stroke (IRR, 1.38; 95% CI: 1.12-1.71 at 15-21 days) with BNT162b2. An independent Scottish cohort provided further support for the association between ChAdOx1nCoV and Guillain-Barré syndrome (IRR, 2.32; 95% CI: 1.08-5.02 at 1-28 days). There was a substantially higher risk of all neurological outcomes in the 28 days after a positive SARS-CoV-2 test including Guillain-Barré syndrome (IRR, 5.25; 95% CI: 3.00-9.18). Overall, we estimated 38 excess cases of Guillain-Barré syndrome per 10 million people receiving ChAdOx1nCoV-19 and 145 excess cases per 10 million people after a positive SARS-CoV-2 test. In summary, although we find an increased risk of neurological complications in those who received COVID-19 vaccines, the risk of these complications is greater following a positive SARS-CoV-2 test.",2021,neurology,neurology,True,,,Nature Medicine,nature medicine,False,openalex,Martina Patone; Lahiru Handunnetthi; Defne Saatci; Jiafeng Pan; Srinivasa Vittal Katikireddi; Saif Razvi; David Hunt; Xue W. Mei; Sharon Dixon; Francesco Zaccardi; Kamlesh Khunti; Peter Watkinson; Carol Coupland; James Doidge; David A Harrison; Rommel Ravanan; Aziz Sheikh; Chris Robertson; Julia Hippisley‐Cox,https://doi.org/10.1038/s41591-021-01556-7,405,,,,34697502,,,,,,,True,cited_by_count>=405 (top 10.0%); cited_by_count>=405 (top 10.0%),10.1038/s41591-021-01556-7,,,False,-0.007465329
https://openalex.org/W2034688612,10.1126/science.aaa1299,Targeting LDH enzymes with a stiripentol analog to treat epilepsy,"Neuronal excitation is regulated by energy metabolism, and drug-resistant epilepsy can be suppressed by special diets. Here, we report that seizures and epileptiform activity are reduced by inhibition of the metabolic pathway via lactate dehydrogenase (LDH), a component of the astrocyte-neuron lactate shuttle. Inhibition of the enzyme LDH hyperpolarized neurons, which was reversed by the downstream metabolite pyruvate. LDH inhibition also suppressed seizures in vivo in a mouse model of epilepsy. We further found that stiripentol, a clinically used antiepileptic drug, is an LDH inhibitor. By modifying its chemical structure, we identified a previously unknown LDH inhibitor, which potently suppressed seizures in vivo. We conclude that LDH inhibitors are a promising new group of antiepileptic drugs.",2015,epilepsy,neurology,False,,,Science,science,False,openalex,Nagisa Sada; Sai Peck Lee; Takashi Katsu; Takemi Otsuki; Tsuyoshi Inoue,,405,,,,25792327,,,,,,,True,cited_by_count>=405 (top 10.0%); cited_by_count>=405 (top 10.0%),10.1126/science.aaa1299,,,False,0.0077563114
https://openalex.org/W2807882529,10.1038/s41590-018-0135-x,Reassessing B cell contributions in multiple sclerosis,,2018,multiple sclerosis,neurology,False,,,Nature Immunology,nature immunology,False,openalex,Rui Li; Kristina R. Patterson; Amit Bar‐Or,,405,,,,29925992,,,,,,,True,cited_by_count>=405 (top 10.0%); cited_by_count>=405 (top 10.0%),10.1038/s41590-018-0135-x,,,False,-0.07970319
